"tenure","monthlycharges","totalcharges","gender.Male","seniorcitizen.1","partner.Yes","dependents.Yes","phoneservice.Yes","multiplelines.No phone service","multiplelines.Yes","internetservice.Fiber optic","internetservice.No","onlinesecurity.No internet service","onlinesecurity.Yes","onlinebackup.No internet service","onlinebackup.Yes","deviceprotection.No internet service","deviceprotection.Yes","techsupport.No internet service","techsupport.Yes","streamingtv.No internet service","streamingtv.Yes","streamingmovies.No internet service","streamingmovies.Yes","contract.One year","contract.Two year","paperlessbilling.Yes","paymentmethod.Credit card (automatic)","paymentmethod.Electronic check","paymentmethod.Mailed check","churn"
-1.26395635388301,-1.15649650918692,-0.980895573564757,0,0,1,0,0,1,0,0,0,0,0,0,1,0,0,0,0,0,0,0,0,0,0,1,0,1,0,"No"
0.0842177635423648,-0.254218444301137,-0.156340364862198,1,0,0,0,1,0,0,0,0,0,1,0,0,0,1,0,0,0,0,0,0,1,0,0,0,0,1,"No"
-1.22310259274891,-0.357431064269621,-0.946177926243266,1,0,0,0,1,0,0,0,0,0,1,0,1,0,0,0,0,0,0,0,0,0,0,1,0,0,1,"Yes"
-1.22310259274891,0.203579466849399,-0.926890344397993,0,0,0,0,1,0,0,1,0,0,0,0,0,0,0,0,0,0,0,0,0,0,0,1,0,1,0,"Yes"
-0.977980025944292,1.16745215978089,-0.630327146301198,0,0,0,0,1,0,1,1,0,0,0,0,0,0,1,0,0,0,1,0,1,0,0,1,0,1,0,"Yes"
-0.896272503676088,-1.15982594854074,-0.860270593311735,0,0,0,0,0,1,0,0,0,0,1,0,0,0,0,0,0,0,0,0,0,0,0,0,0,0,1,"No"
-0.773711220273781,-0.487279199068683,-0.733659811796388,1,0,1,1,1,0,0,0,0,0,1,0,0,0,0,0,0,0,0,0,0,0,0,1,0,0,1,"No"
0.697024180553898,1.30229445361069,1.23892773975169,1,0,0,0,1,0,1,1,0,0,0,0,1,0,1,0,0,0,1,0,1,0,0,1,0,0,0,"Yes"
-0.283466086664555,1.36222436197948,0.19684407924934,1,0,0,0,1,0,0,1,0,0,1,0,0,0,1,0,1,0,1,0,1,0,0,1,0,1,0,"No"
1.51409940323594,1.62025591190069,2.50652092040359,0,0,1,1,1,0,1,1,0,0,1,0,1,0,1,0,1,0,1,0,1,0,1,0,1,0,0,"No"
0.819585463956204,-1.46280492973855,-0.540562297000613,0,0,0,0,1,0,0,0,1,1,0,1,0,1,0,1,0,1,0,1,0,1,0,0,0,0,1,"No"
1.59580692550415,1.40217763422535,2.27910481170381,1,0,0,1,1,0,1,1,0,0,1,0,0,0,1,0,0,0,1,0,1,0,1,0,0,0,0,"No"
-0.896272503676088,-0.312483632993023,-0.759864319544793,0,0,1,1,1,0,0,0,0,0,0,0,0,0,1,0,1,0,0,0,0,0,0,0,1,0,0,"Yes"
-0.446881131200964,0.847825981813972,-0.168134610312411,0,0,0,0,1,0,0,1,0,0,0,0,1,0,1,0,0,0,0,0,1,0,0,1,0,1,0,"No"
-1.26395635388301,-0.830211452512357,-0.976550325240994,1,1,0,0,0,1,0,0,0,0,0,0,0,0,1,0,0,0,0,0,1,0,0,1,0,1,0,"Yes"
-1.26395635388301,-1.47945212650766,-0.985196482619909,1,0,0,0,1,0,0,0,1,1,0,1,0,1,0,1,0,1,0,1,0,0,0,0,0,0,1,"Yes"
0.697024180553898,-0.165988301424852,0.32287845027276,1,0,1,1,1,0,0,0,0,0,1,0,1,0,0,0,1,0,0,0,0,0,0,0,1,0,0,"No"
-0.0791972809940439,-0.309154193639201,-0.31547399990285,0,0,0,0,1,0,0,0,0,0,1,0,1,0,0,0,0,0,0,0,0,0,0,1,0,0,0,"No"
0.615316658285693,1.15746384171942,1.11160752993858,1,0,1,1,1,0,1,1,0,0,0,0,1,0,0,0,0,0,1,0,1,0,0,1,0,1,0,"Yes"
-1.26395635388301,-1.14484347144854,-0.980740386124622,1,0,1,1,0,1,0,0,0,0,0,0,1,0,0,0,0,0,0,0,0,0,0,0,0,1,0,"Yes"
1.63666068663825,0.854484860521616,1.83003669922353,1,0,1,0,1,0,1,0,0,0,1,0,1,0,1,0,1,0,1,0,1,0,1,1,1,0,0,"No"
-0.610296175737372,0.00381310562007436,-0.509458300070822,0,0,0,1,1,0,0,0,0,0,0,0,0,0,0,0,0,0,1,0,1,0,0,1,0,0,1,"Yes"
1.59580692550415,1.05758066110476,2.00628529194757,0,1,1,0,1,0,1,1,0,0,1,0,1,0,1,0,1,0,0,0,0,0,1,1,1,0,0,"No"
-1.22310259274891,1.02928042659728,-0.913588563815047,1,1,1,0,1,0,0,1,0,0,0,0,0,0,1,0,0,0,1,0,1,0,0,1,1,0,0,"No"
-0.201758564396351,0.0520899762504946,-0.163013424787977,0,0,1,1,1,0,0,0,0,0,1,0,1,0,1,0,1,0,0,0,0,1,0,0,0,0,1,"No"
1.63666068663825,1.17577575816545,2.22121989653369,0,0,1,1,1,0,1,1,0,0,1,0,1,0,0,0,1,0,1,0,0,0,1,0,0,0,0,"No"
0.574462897151591,0.340086480356104,0.579159422837532,0,0,0,0,1,0,0,1,0,0,0,0,0,0,1,0,0,0,0,0,0,0,0,1,1,0,0,"No"
0.0842177635423648,1.39052459648697,0.579580645889326,1,0,0,0,1,0,1,1,0,0,0,0,1,0,1,0,0,0,1,0,1,0,0,1,0,1,0,"Yes"
-0.855418742541986,1.10752225141209,-0.504004570031814,0,0,0,0,1,0,1,1,0,0,0,0,0,0,1,0,0,0,1,0,1,0,0,1,0,0,0,"Yes"
-0.896272503676088,-0.500596956483971,-0.783208944467864,1,0,1,1,1,0,0,0,0,0,0,0,1,0,0,0,0,0,0,0,0,1,0,0,0,0,1,"No"
1.26897683643133,0.508223167724119,1.16140052858741,0,0,0,0,1,0,1,0,0,0,1,0,1,0,1,0,1,0,1,0,0,0,1,1,1,0,0,"No"
-0.773711220273781,0.386698631309614,-0.558963093473689,0,0,1,0,1,0,1,0,0,0,1,0,1,0,0,0,1,0,1,0,0,0,0,1,0,1,0,"No"
0.697024180553898,0.663042097676846,0.738071361535135,0,0,0,0,1,0,1,1,0,0,0,0,0,0,0,0,0,0,0,0,1,0,0,1,0,1,0,"No"
1.51409940323594,-0.014498810825947,0.892105980685657,0,0,1,1,1,0,1,0,0,0,1,0,0,0,1,0,1,0,0,0,0,0,1,1,1,0,0,"No"
0.451901613749285,0.854484860521616,0.707942828514761,0,1,0,0,1,0,1,1,0,0,0,0,1,0,0,0,0,0,1,0,0,0,0,1,0,1,0,"No"
-0.692003698005577,1.14914024333487,-0.361675517794285,0,0,0,0,1,0,0,1,0,0,1,0,1,0,0,0,0,0,1,0,1,0,0,1,1,0,0,"Yes"
-0.283466086664555,0.163626194603534,-0.21701865395474,0,1,1,0,1,0,1,0,0,0,1,0,0,0,0,0,1,0,1,0,0,0,0,1,1,0,0,"No"
-0.977980025944292,0.534858682554696,-0.713330257138785,0,1,1,0,1,0,1,1,0,0,0,0,1,0,0,0,0,0,0,0,0,0,0,1,1,0,0,"Yes"
-0.56944241460327,1.02761570692036,-0.21706299322335,1,1,0,0,1,0,1,1,0,0,0,0,0,0,0,0,0,0,1,0,1,0,0,1,0,1,0,"Yes"
1.26897683643133,1.16745215978089,1.80420907525831,0,0,1,1,1,0,1,1,0,0,1,0,0,0,0,0,0,0,1,0,1,1,0,1,1,0,0,"No"
1.39153811983363,1.46044282291723,2.14347098902636,1,1,1,1,1,0,1,1,0,0,0,0,1,0,1,0,1,0,1,0,1,1,0,1,0,1,0,"No"
0.0842177635423648,-1.3196390375242,-0.597604766067149,0,0,1,1,1,0,1,0,1,1,0,1,0,1,0,1,0,1,0,1,0,0,1,0,1,0,0,"No"
1.63666068663825,1.42881314905592,2.48814229356482,0,0,0,0,1,0,1,1,0,0,0,0,0,0,1,0,1,0,1,0,1,0,1,1,1,0,0,"No"
1.14641555302902,0.842831822783239,1.42266966887079,1,0,0,0,1,0,1,1,0,0,0,0,1,0,0,0,0,0,1,0,0,0,0,1,0,0,0,"No"
1.63666068663825,-0.748640188343716,0.319198290978145,1,0,1,0,0,1,0,0,0,0,1,0,1,0,1,0,0,0,0,0,0,0,1,0,0,0,0,"No"
-0.56944241460327,-0.3391191478236,-0.569759705380181,0,0,1,1,1,0,0,0,0,0,0,0,0,0,1,0,1,0,0,0,0,1,0,1,1,0,0,"No"
-0.93712626481019,0.992656593705232,-0.614032465087088,0,0,0,0,1,0,1,1,0,0,0,0,0,0,0,0,0,0,1,0,1,0,0,0,0,1,0,"Yes"
-0.0383435198599417,0.486581811924276,0.113109370479691,0,0,0,0,1,0,0,0,0,0,0,0,1,0,1,0,1,0,1,0,1,0,1,0,0,0,1,"No"
-0.896272503676088,0.508223167724119,-0.600686345235531,1,0,0,0,1,0,0,1,0,0,1,0,0,0,1,0,0,0,0,0,0,0,0,1,0,0,1,"No"
-1.26395635388301,-0.517244153253081,-0.972382433991671,1,0,0,0,1,0,0,0,0,0,0,0,0,0,0,0,1,0,0,0,0,0,0,0,0,0,1,"No"
1.30983059756543,1.56532016256263,2.15351383336649,1,1,1,1,1,0,1,1,0,0,1,0,0,0,1,0,1,0,1,0,1,0,1,1,0,0,0,"No"
1.22812307529723,-1.34294511300096,-0.362473624629262,1,0,1,1,1,0,1,0,1,1,0,1,0,1,0,1,0,1,0,1,0,0,1,1,0,0,0,"No"
-1.1822488316148,-0.0028457730875699,-0.915472982730964,0,0,0,1,1,0,0,0,0,0,1,0,0,0,0,0,1,0,0,0,1,0,0,1,0,0,0,"No"
0.983000508492613,1.52869632967059,1.72807855105524,0,1,0,0,1,0,1,1,0,0,1,0,1,0,1,0,0,0,1,0,1,1,0,0,0,1,0,"No"
0.574462897151591,-0.297501155900824,0.198085578770415,0,0,0,0,1,0,0,0,0,0,0,0,0,0,0,0,0,0,0,0,1,1,0,0,1,0,0,"No"
-0.977980025944292,-0.330795549439045,-0.780304722373921,0,0,1,1,1,0,0,0,0,0,1,0,1,0,0,0,0,0,0,0,0,0,0,0,0,0,1,"No"
-0.0791972809940439,0.338421760679193,-0.0579958670856126,1,1,0,0,1,0,0,0,0,0,1,0,1,0,0,0,0,0,1,0,1,0,0,1,0,1,0,"No"
0.533609136017489,-1.28800936366289,-0.454699303337692,0,0,1,1,1,0,1,0,1,1,0,1,0,1,0,1,0,1,0,1,0,1,0,1,1,0,0,"No"
-1.26395635388301,0.491575970955009,-0.958947635602895,0,0,0,1,1,0,0,1,0,0,0,0,0,0,0,0,0,0,1,0,0,0,0,1,0,1,0,"Yes"
-1.01883378707839,0.351739518094482,-0.773809019522582,0,0,1,0,1,0,0,1,0,0,0,0,0,0,1,0,0,0,0,0,0,0,0,1,0,0,0,"Yes"
0.411047852615182,1.30562389296451,0.924651003845267,0,0,0,0,1,0,0,1,0,0,0,0,1,0,1,0,1,0,1,0,1,0,0,1,0,0,0,"No"
-0.93712626481019,1.15579912204251,-0.586763814892047,1,0,0,0,1,0,1,1,0,0,0,0,1,0,0,0,0,0,1,0,1,0,0,1,1,0,0,"No"
0.125071524676467,-0.0810875979023888,-0.0118165188284829,0,0,1,0,1,0,0,0,0,0,1,0,0,0,0,0,0,0,1,0,0,1,0,1,0,0,0,"No"
0.656170419419795,-1.46280492973855,-0.525464776038968,0,0,1,1,1,0,0,0,1,1,0,1,0,1,0,1,0,1,0,1,0,0,1,0,0,0,0,"No"
0.574462897151591,-1.48611100521531,-0.583061485963127,0,0,1,1,1,0,0,0,1,1,0,1,0,1,0,1,0,1,0,1,0,0,1,1,0,0,1,"No"
-0.120051042128146,-1.02664837438786,-0.546636776800158,1,0,1,0,0,1,0,0,0,0,0,0,0,0,0,0,0,0,1,0,0,0,0,0,0,0,1,"No"
-0.0791972809940439,0.581470833508205,0.145477036564861,1,0,1,1,1,0,0,1,0,0,0,0,1,0,1,0,0,0,0,0,0,0,0,0,0,0,0,"No"
-1.26395635388301,0.336757041002282,-0.961009411593251,1,1,0,0,1,0,0,1,0,0,0,0,0,0,0,0,1,0,0,0,0,0,0,0,0,1,0,"No"
1.39153811983363,0.646394900907736,1.53952581129198,1,0,1,1,1,0,1,0,0,0,1,0,0,0,1,0,1,0,1,0,1,0,1,1,0,0,1,"No"
1.59580692550415,0.0753960517272488,1.11140800322984,1,0,1,1,1,0,1,0,0,0,1,0,1,0,0,0,1,0,0,0,0,1,0,1,1,0,0,"No"
-1.1005413093466,-1.44948717232326,-0.943650587932506,1,0,0,0,1,0,0,0,1,1,0,1,0,1,0,1,0,1,0,1,0,0,0,0,0,0,1,"Yes"
0.819585463956204,-1.45115189200017,-0.503206463196837,1,0,0,0,1,0,0,0,1,1,0,1,0,1,0,1,0,1,0,1,0,0,1,0,0,0,0,"No"
-1.26395635388301,-1.47778740683075,-0.985174312985605,1,0,0,0,1,0,0,0,1,1,0,1,0,1,0,1,0,1,0,1,0,0,0,0,0,0,1,"No"
-1.26395635388301,-1.50275820198442,-0.985506857500178,0,0,1,1,1,0,0,0,1,1,0,1,0,1,0,1,0,1,0,1,0,0,0,0,0,1,0,"No"
0.247632808078774,1.01263322982816,0.60456582375096,1,0,0,0,1,0,1,1,0,0,0,0,0,0,1,0,1,0,1,0,0,1,0,0,0,0,0,"No"
1.47324564210184,1.51204913290148,2.38090777243196,1,0,1,0,1,0,1,1,0,0,0,0,1,0,1,0,1,0,1,0,1,0,1,1,0,0,0,"Yes"
-1.1005413093466,-1.34128039332405,-0.949702898097747,1,0,0,0,0,1,0,0,0,0,0,0,0,0,0,0,0,0,0,0,0,0,0,0,0,0,1,"No"
1.63666068663825,1.31727693070289,2.24398811096483,0,0,1,1,1,0,1,1,0,0,1,0,1,0,0,0,0,0,1,0,1,1,0,1,0,1,0,"No"
0.00251024127416045,-1.14650819112545,-0.582817619985773,0,0,0,0,0,1,0,0,0,0,1,0,0,0,0,0,0,0,0,0,0,1,0,0,0,0,1,"No"
0.942146747358511,1.07089841852005,1.32875909795519,1,0,1,0,1,0,1,1,0,0,1,0,1,0,0,0,0,0,1,0,0,0,0,1,0,1,0,"Yes"
0.451901613749285,0.901097011475125,0.759088174856191,0,0,0,0,1,0,0,1,0,0,0,0,1,0,1,0,0,0,1,0,0,0,0,1,0,1,0,"No"
0.206779046944671,0.39668694937108,0.277585887387827,0,1,1,0,1,0,1,1,0,0,0,0,0,0,0,0,0,0,0,0,0,0,0,1,0,1,0,"Yes"
-0.896272503676088,1.18742879590382,-0.522072821990317,0,0,1,1,1,0,1,1,0,0,1,0,0,0,0,0,0,0,1,0,1,0,0,1,0,1,0,"Yes"
-0.201758564396351,0.686348173153601,-0.0401271418358544,1,0,1,1,1,0,1,1,0,0,0,0,1,0,0,0,1,0,0,0,0,0,0,1,1,0,0,"No"
-1.1822488316148,0.326768722940816,-0.892350054150942,1,0,0,0,1,0,1,1,0,0,0,0,0,0,0,0,0,0,0,0,0,0,0,1,0,1,0,"Yes"
-1.01883378707839,-0.462308403915017,-0.838788217670277,0,0,1,1,1,0,0,0,0,0,1,0,0,0,0,0,0,0,0,0,0,0,0,0,0,0,1,"No"
-1.1413950704807,-1.45614605103091,-0.96624144528921,0,0,1,1,1,0,0,0,1,1,0,1,0,1,0,1,0,1,0,1,0,0,0,0,0,0,1,"No"
0.0433640024082626,0.811202148921929,0.348307020820493,1,0,0,0,1,0,0,1,0,0,1,0,0,0,0,0,1,0,1,0,0,0,1,1,0,1,0,"No"
-0.201758564396351,0.448293259355322,-0.0472657640820357,0,1,0,0,1,0,1,1,0,0,0,0,0,0,1,0,0,0,0,0,0,0,0,1,0,1,0,"Yes"
1.63666068663825,-1.36625118847771,-0.229744024045759,1,0,1,0,1,0,1,0,1,1,0,1,0,1,0,1,0,1,0,1,0,0,1,1,0,0,0,"No"
-1.26395635388301,-1.49276988392295,-0.985373839694349,1,0,0,0,1,0,0,0,1,1,0,1,0,1,0,1,0,1,0,1,0,0,0,0,0,0,1,"No"
1.59580692550415,-0.270865641070247,0.77294419629676,1,1,0,0,0,1,0,0,0,0,1,0,1,0,0,0,0,0,1,0,1,1,0,1,0,1,0,"No"
-0.283466086664555,-0.199282694963073,-0.327866825479295,0,0,1,1,0,1,0,0,0,0,1,0,1,0,1,0,0,0,1,0,1,0,0,1,1,0,0,"Yes"
1.43239188096774,-0.46730256294575,0.451373650704025,1,0,0,0,1,0,0,0,0,0,0,0,0,0,0,0,1,0,0,0,0,0,1,0,0,0,0,"No"
-1.26395635388301,-0.970047905372884,-0.978412574522607,1,0,0,0,0,1,0,0,0,0,0,0,0,0,0,0,0,0,0,0,1,0,0,1,0,1,0,"Yes"
0.451901613749285,-1.29466824237054,-0.467291655622881,0,0,0,0,1,0,1,0,1,1,0,1,0,1,0,1,0,1,0,1,0,0,1,1,1,0,0,"No"
-0.365173608932759,0.346745359063749,-0.205556953019101,0,0,0,0,1,0,0,1,0,0,1,0,0,0,0,0,0,0,0,0,0,0,0,1,0,0,0,"No"
-1.26395635388301,0.195255868464844,-0.962893830509169,0,1,1,0,1,0,0,1,0,0,0,0,0,0,0,0,0,0,0,0,0,0,0,1,0,0,1,"Yes"
1.63666068663825,0.78123719473753,1.85495536818225,0,1,1,1,1,0,1,0,0,0,1,0,1,0,1,0,1,0,1,0,1,0,1,1,1,0,0,"No"
-0.977980025944292,0.218561943941599,-0.744212557725526,0,0,0,0,1,0,1,0,0,0,1,0,0,0,0,0,1,0,0,0,1,0,0,0,0,1,0,"Yes"
1.18726931416312,1.2140643107344,1.65347773161922,0,0,1,0,1,0,1,1,0,0,0,0,1,0,0,0,0,0,1,0,1,0,1,1,0,0,0,"No"
1.30983059756543,0.656383218969202,1.35099524116301,1,0,0,0,1,0,1,1,0,0,1,0,1,0,0,0,0,0,0,0,0,1,0,1,1,0,0,"No"
-1.1822488316148,-1.49776404295368,-0.966928703952663,1,0,0,0,1,0,0,0,1,1,0,1,0,1,0,1,0,1,0,1,0,1,0,0,0,0,1,"No"
-1.26395635388301,-0.630445091283032,-0.973889969124405,1,0,0,0,1,0,0,0,0,0,0,0,0,0,0,0,0,0,0,0,0,0,0,1,0,1,0,"Yes"
-0.0791972809940439,-0.0028457730875699,-0.138405130709525,1,0,0,1,1,0,0,0,0,0,0,0,1,0,1,0,0,0,1,0,0,1,0,0,1,0,0,"No"
-0.692003698005577,0.163626194603534,-0.519079921359154,1,0,1,1,1,0,0,0,0,0,0,0,1,0,1,0,1,0,0,0,1,0,0,1,0,0,1,"No"
-1.01883378707839,1.01263322982816,-0.703486939507404,1,0,0,0,1,0,1,1,0,0,0,0,0,0,0,0,0,0,1,0,1,0,0,0,0,0,1,"Yes"
1.55495316437004,1.45045450485577,2.52221702149147,0,0,1,1,1,0,1,1,0,0,1,0,1,0,1,0,0,0,1,0,1,1,0,1,1,0,0,"No"
1.22812307529723,0.716313127337999,1.31827286092896,1,0,1,1,1,0,0,0,0,0,1,0,1,0,1,0,1,0,1,0,1,0,1,0,0,1,0,"No"
-1.0596875482125,-1.49443460359986,-0.94380577537264,0,0,1,1,1,0,0,0,1,1,0,1,0,1,0,1,0,1,0,1,0,0,0,0,0,0,1,"No"
-0.732857459139679,0.543182280939251,-0.482987756710758,0,0,1,1,1,0,0,1,0,0,0,0,0,0,0,0,0,0,0,0,1,0,0,1,0,0,0,"No"
-0.406027370066861,0.651389059938469,-0.186291540808133,0,0,0,0,1,0,1,1,0,0,0,0,0,0,0,0,0,0,1,0,0,0,0,1,0,0,0,"No"
-0.406027370066861,-1.47945212650766,-0.807950256352145,1,0,1,1,1,0,0,0,1,1,0,1,0,1,0,1,0,1,0,1,0,1,0,0,0,0,1,"No"
-0.651149936871475,-0.0111693714721251,-0.540096734680209,1,0,1,1,1,0,0,0,0,0,1,0,0,0,1,0,0,0,1,0,0,0,1,0,0,0,1,"No"
-0.896272503676088,-1.29466824237054,-0.882573245422476,1,0,0,0,1,0,1,0,1,1,0,1,0,1,0,1,0,1,0,1,0,0,1,0,0,0,0,"No"
-0.773711220273781,-0.285848118162447,-0.655134967088393,0,0,0,1,1,0,0,0,0,0,1,0,1,0,0,0,0,0,0,0,0,0,0,1,0,1,0,"No"
-0.487734892335066,0.593123871246583,-0.288094501536285,0,0,1,0,1,0,1,1,0,0,1,0,0,0,0,0,0,0,0,0,0,0,0,0,0,1,0,"Yes"
-1.22310259274891,0.170285073311178,-0.934184154084309,0,0,0,0,1,0,0,1,0,0,0,0,0,0,0,0,0,0,0,0,0,0,0,1,0,1,0,"No"
-0.855418742541986,-1.46446964941546,-0.890421295966415,0,0,1,1,1,0,0,0,1,1,0,1,0,1,0,1,0,1,0,1,0,1,0,0,0,0,1,"No"
0.451901613749285,0.654718499292291,0.575146719028343,1,0,1,0,1,0,0,1,0,0,1,0,0,0,1,0,1,0,0,0,0,1,0,1,0,0,0,"No"
-0.732857459139679,0.578141394154383,-0.470151538448215,1,0,1,0,1,0,0,0,0,0,0,0,1,0,1,0,1,0,1,0,1,0,1,0,0,0,1,"No"
0.860439225090306,1.00763907079743,1.22292126378354,0,0,1,0,1,0,0,1,0,0,0,0,0,0,1,0,0,0,1,0,1,1,0,1,0,0,0,"Yes"
0.00251024127416045,-1.46613436909237,-0.703908162559198,0,0,0,0,1,0,0,0,1,1,0,1,0,1,0,1,0,1,0,1,0,1,0,0,0,0,0,"No"
0.0842177635423648,-1.32796263590876,-0.648195871550956,0,0,1,0,1,0,1,0,1,1,0,1,0,1,0,1,0,1,0,1,0,0,0,0,0,1,0,"No"
-1.01883378707839,0.395022229694169,-0.770838288525724,0,1,0,0,1,0,0,1,0,0,1,0,0,0,0,0,0,0,0,0,0,0,0,0,0,0,0,"Yes"
1.18726931416312,-1.46613436909237,-0.439003202249815,1,0,1,0,1,0,0,0,1,1,0,1,0,1,0,1,0,1,0,1,0,1,0,1,1,0,0,"No"
-1.26395635388301,-1.1531670698331,-0.980851234296147,0,0,0,0,0,1,0,0,0,0,0,0,1,0,0,0,0,0,0,0,0,0,0,0,0,0,0,"Yes"
-1.26395635388301,-0.642098129021409,-0.974045156564539,0,0,0,0,1,0,0,0,0,0,0,0,0,0,0,0,0,0,0,0,0,0,0,0,0,0,1,"No"
0.0433640024082626,0.338421760679193,0.0936444315599793,1,0,1,1,1,0,0,0,0,0,1,0,0,0,1,0,0,0,1,0,1,1,0,0,1,0,0,"No"
-0.773711220273781,0.488246531601187,-0.5012333657437,0,0,0,0,1,0,0,1,0,0,0,0,1,0,1,0,0,0,0,0,0,0,0,1,0,1,0,"Yes"
-0.487734892335066,-0.425684571022974,-0.540163243583124,1,0,0,0,1,0,0,0,0,0,0,0,1,0,0,0,0,0,0,0,0,0,0,1,0,0,1,"No"
-1.1822488316148,-1.1381845927409,-0.95770613608182,1,0,0,0,0,1,0,0,0,0,0,0,0,0,0,0,1,0,0,0,0,0,0,0,0,1,0,"No"
-0.773711220273781,-1.49609932327677,-0.885588315687944,0,0,0,0,1,0,0,0,1,1,0,1,0,1,0,1,0,1,0,1,0,1,0,0,0,1,0,"No"
0.451901613749285,0.243532739095264,0.412909335185004,1,0,1,1,1,0,1,0,0,0,1,0,0,0,0,0,1,0,0,0,1,1,0,1,1,0,0,"No"
1.51409940323594,-1.49276988392295,-0.384288544785294,0,0,1,1,1,0,0,0,1,1,0,1,0,1,0,1,0,1,0,1,0,0,1,0,0,0,0,"No"
1.63666068663825,1.50206081484001,2.61034131785349,0,0,1,1,1,0,1,1,0,0,1,0,1,0,1,0,0,0,1,0,1,0,1,0,1,0,0,"No"
-0.487734892335066,1.06423953981241,-0.150953143726105,0,0,1,0,1,0,0,1,0,0,1,0,1,0,0,0,1,0,1,0,0,0,0,1,0,1,0,"No"
-0.324319847798657,-1.34793927203169,-0.733681981430693,1,0,1,1,1,0,1,0,1,1,0,1,0,1,0,1,0,1,0,1,0,0,1,1,0,0,0,"No"
1.63666068663825,1.58696151836247,2.57147794891698,1,0,1,1,1,0,1,1,0,0,0,0,1,0,1,0,1,0,1,0,1,0,1,1,0,0,0,"No"
-1.26395635388301,-1.45947549038473,-0.98493044700825,1,0,0,1,1,0,0,0,1,1,0,1,0,1,0,1,0,1,0,1,0,0,0,0,0,0,1,"No"
-0.201758564396351,1.24236454524189,0.194671455087459,0,0,1,0,1,0,0,1,0,0,1,0,0,0,0,0,1,0,1,0,1,1,0,1,1,0,0,"No"
-0.732857459139679,0.514882046431763,-0.500945160497736,0,0,0,0,1,0,0,1,0,0,0,0,1,0,0,0,1,0,0,0,0,0,0,1,1,0,0,"No"
1.59580692550415,1.36388908165639,2.28941369165559,1,0,1,1,1,0,1,1,0,0,1,0,0,0,1,0,0,0,1,0,1,0,1,0,0,1,0,"No"
-1.26395635388301,0.509887887401031,-0.958703769625541,1,0,0,0,1,0,0,1,0,0,0,0,0,0,0,0,0,0,0,0,1,0,0,0,0,1,0,"Yes"
-0.528588653469168,1.39884819487153,-0.136409863622083,0,0,0,0,1,0,0,1,0,0,1,0,0,0,1,0,1,0,1,0,1,0,0,1,0,1,0,"Yes"
1.30983059756543,1.26067646168791,1.95624842732139,1,0,1,0,1,0,0,1,0,0,0,0,1,0,1,0,1,0,1,0,1,1,0,1,1,0,0,"No"
-1.26395635388301,-1.30965071946274,-0.982935179920808,0,0,0,0,0,1,0,0,0,0,0,0,0,0,0,0,0,0,0,0,0,0,0,0,0,1,0,"No"
1.18726931416312,-1.49276988392295,-0.495668787533168,1,0,0,1,1,0,0,0,1,1,0,1,0,1,0,1,0,1,0,1,0,0,1,0,0,0,1,"No"
-0.120051042128146,-1.4844462855384,-0.754676625117444,0,0,1,1,1,0,0,0,1,1,0,1,0,1,0,1,0,1,0,1,0,1,0,0,0,1,0,"No"
-0.365173608932759,0.739619202814754,-0.118053406417617,1,1,1,0,1,0,1,1,0,0,0,0,0,0,0,0,0,0,0,0,1,0,0,0,0,1,0,"No"
1.02385426962672,-0.19428853593234,0.530009343583544,0,0,1,0,0,1,0,0,0,0,1,0,1,0,1,0,0,0,1,0,1,0,0,1,0,0,0,"No"
1.63666068663825,-0.64376284869832,0.398033510566409,1,0,1,1,0,1,0,0,0,0,1,0,1,0,1,0,1,0,0,0,0,0,1,0,1,0,0,"No"
1.39153811983363,-0.265871482039514,0.685972720918594,1,0,1,0,0,1,0,0,0,0,1,0,1,0,1,0,1,0,1,0,0,0,1,1,0,0,0,"No"
1.35068435869953,0.65305377961538,1.36671351188519,1,0,1,1,1,0,1,0,0,0,0,0,1,0,1,0,1,0,1,0,1,0,1,1,0,0,0,"No"
-1.1413950704807,0.185267550403378,-0.875146417930331,0,0,0,0,1,0,0,1,0,0,0,0,0,0,0,0,0,0,0,0,0,0,0,1,0,1,0,"Yes"
1.59580692550415,-1.32629791623185,-0.179662820150965,0,0,1,0,1,0,1,0,1,1,0,1,0,1,0,1,0,1,0,1,0,0,1,0,0,0,0,"No"
-0.814564981407883,-1.50608764133824,-0.896872659549144,0,0,0,0,1,0,0,0,1,1,0,1,0,1,0,1,0,1,0,1,0,1,0,1,0,0,0,"No"
-0.324319847798657,-0.465637843268839,-0.422708521035705,1,0,0,0,0,1,0,0,0,0,1,0,0,0,0,0,0,0,1,0,1,1,0,1,0,0,1,"No"
-0.0383435198599417,0.551505879323807,0.13463608538976,0,0,1,1,1,0,0,0,0,0,1,0,0,0,1,0,1,0,1,0,1,1,0,1,0,0,1,"No"
-1.26395635388301,-0.312483632993023,-0.969655568972167,0,0,1,0,1,0,0,0,0,0,0,0,0,0,0,0,0,0,1,0,0,0,0,0,0,0,1,"Yes"
-1.26395635388301,0.666371537030668,-0.956619824000879,1,0,0,0,1,0,0,1,0,0,1,0,0,0,0,0,0,0,0,0,1,0,0,1,0,0,1,"Yes"
1.63666068663825,-1.47612268715384,-0.299378845397485,0,0,0,0,1,0,0,0,1,1,0,1,0,1,0,1,0,1,0,1,0,0,1,0,1,0,0,"No"
-0.120051042128146,-1.31298015881656,-0.682869179603837,0,0,0,0,1,0,1,0,1,1,0,1,0,1,0,1,0,1,0,1,0,0,0,0,0,1,0,"No"
-1.22310259274891,-0.3391191478236,-0.943539739760981,1,0,0,0,1,0,1,0,0,0,0,0,1,0,0,0,0,0,0,0,0,0,0,1,0,0,1,"Yes"
-0.896272503676088,-1.16482010757148,-0.861534262467115,0,0,0,0,0,1,0,0,0,0,0,0,0,0,0,0,1,0,0,0,0,0,1,1,0,0,1,"No"
-0.56944241460327,0.28515073101804,-0.415082166834816,1,0,1,0,1,0,1,1,0,0,0,0,0,0,0,0,0,0,0,0,0,0,0,1,0,1,0,"No"
-0.855418742541986,1.01263322982816,-0.497398019008951,0,1,0,0,1,0,0,1,0,0,0,0,1,0,0,0,0,0,1,0,1,0,0,1,0,1,0,"Yes"
-0.651149936871475,-1.49276988392295,-0.868052134952759,1,0,0,0,1,0,0,0,1,1,0,1,0,1,0,1,0,1,0,1,0,0,1,0,0,0,1,"No"
1.63666068663825,0.73296032410711,1.82163440782197,0,0,0,0,1,0,1,0,0,0,0,0,1,0,1,0,1,0,1,0,1,0,1,0,0,0,0,"No"
1.63666068663825,1.4854136180709,2.49904975364283,1,0,0,0,1,0,1,1,0,0,0,0,1,0,1,0,1,0,1,0,1,0,1,0,0,0,0,"No"
0.37019409148108,0.336757041002282,0.419249850596209,0,0,1,1,1,0,0,0,0,0,1,0,0,0,0,0,1,0,1,0,1,1,0,1,1,0,0,"No"
-0.773711220273781,-0.325801390408312,-0.669877773901159,0,1,0,0,1,0,0,0,0,0,0,0,1,0,1,0,0,0,0,0,0,0,0,1,0,1,0,"No"
-0.692003698005577,0.326768722940816,-0.517794082569469,1,1,0,0,1,0,0,1,0,0,0,0,1,0,0,0,0,0,0,0,0,0,0,1,0,1,0,"Yes"
-1.26395635388301,-0.533891350022192,-0.97260413033472,1,0,0,0,1,0,0,0,0,0,1,0,0,0,0,0,0,0,0,0,0,0,0,1,0,0,1,"Yes"
0.778731702822102,0.962691639520833,1.05414383782025,0,0,1,0,1,0,0,1,0,0,1,0,1,0,1,0,0,0,1,0,0,1,0,1,0,1,0,"No"
-1.22310259274891,0.193591148787933,-0.928885611485435,0,0,1,1,1,0,0,1,0,0,0,0,0,0,0,0,0,0,0,0,0,0,0,0,0,1,0,"Yes"
0.00251024127416045,0.63640658284627,0.173455115057659,1,0,0,1,1,0,1,0,0,0,0,0,1,0,1,0,1,0,1,0,1,1,0,0,1,0,0,"No"
-0.896272503676088,-1.48944044456913,-0.908533887193527,1,0,0,0,1,0,0,0,1,1,0,1,0,1,0,1,0,1,0,1,0,0,0,1,0,0,1,"No"
1.43239188096774,-0.167653021101763,0.825508399233704,0,0,1,1,0,1,0,0,0,0,0,0,1,0,1,0,1,0,1,0,1,0,1,1,0,1,0,"No"
1.18726931416312,1.6818505399464,2.11323160783447,0,0,1,1,1,0,1,1,0,0,1,0,1,0,1,0,1,0,1,0,1,0,1,0,1,0,0,"No"
-1.22310259274891,-0.665404204498164,-0.958415564379577,0,0,1,0,1,0,0,0,0,0,0,0,0,0,0,0,0,0,0,0,0,0,0,1,1,0,0,"Yes"
-0.120051042128146,-0.652086447082876,-0.449356421470208,0,1,1,0,0,1,0,0,0,0,1,0,0,0,1,0,0,0,0,0,1,0,0,1,0,1,0,"No"
-1.1822488316148,-0.780269862205026,-0.935514332142604,1,1,0,0,0,1,0,0,0,0,0,0,0,0,1,0,0,0,0,0,1,0,0,1,0,1,0,"Yes"
-0.773711220273781,1.40883651293299,-0.389210203600984,1,1,0,0,1,0,1,1,0,0,0,0,1,0,1,0,0,0,1,0,1,0,0,1,0,1,0,"Yes"
1.02385426962672,0.841167103106327,1.18973332122909,1,1,1,0,1,0,1,1,0,0,0,0,1,0,0,0,0,0,0,0,1,0,0,1,0,1,0,"No"
0.533609136017489,1.62192063157761,1.23713199937299,0,0,1,0,1,0,1,1,0,0,1,0,1,0,1,0,1,0,1,0,1,1,0,0,0,0,1,"No"
1.18726931416312,0.782901914414441,1.45638968264856,0,0,1,1,1,0,1,0,0,0,1,0,1,0,1,0,1,0,1,0,1,0,1,0,0,0,1,"No"
-0.528588653469168,1.34557716521037,-0.104130876074133,0,1,0,0,1,0,0,1,0,0,1,0,1,0,0,0,1,0,1,0,1,0,0,1,0,0,1,"No"
1.59580692550415,-1.34294511300096,-0.225753489870875,0,0,1,0,1,0,1,0,1,1,0,1,0,1,0,1,0,1,0,1,0,0,1,1,1,0,0,"No"
-0.651149936871475,0.994321313382143,-0.324075818013156,0,1,0,0,1,0,0,1,0,0,0,0,0,0,0,0,1,0,1,0,1,0,0,1,0,1,0,"Yes"
-1.26395635388301,-1.32463319655494,-0.983134706629553,1,0,0,0,0,1,0,0,0,0,0,0,0,0,0,0,0,0,0,0,0,0,0,0,0,0,0,"Yes"
-0.487734892335066,1.41383067196373,-0.0310597614051456,1,1,1,0,1,0,1,1,0,0,0,0,1,0,0,0,1,0,1,0,1,0,0,0,0,1,0,"No"
-1.26395635388301,0.200250027495577,-0.962827321606254,1,0,0,0,1,0,0,1,0,0,0,0,0,0,0,0,0,0,0,0,0,0,0,0,0,0,1,"Yes"
-1.1005413093466,0.693007051861245,-0.816286038850792,1,0,1,0,1,0,1,1,0,0,0,0,1,0,0,0,1,0,0,0,0,0,0,1,0,1,0,"Yes"
-0.446881131200964,0.0121367040046296,-0.400073324410391,1,1,1,0,1,0,0,0,0,0,1,0,1,0,0,0,0,0,0,0,1,0,0,1,0,0,0,"No"
-1.1005413093466,-0.46730256294575,-0.885610485322249,0,0,0,0,1,0,0,0,0,0,0,0,1,0,0,0,0,0,0,0,0,0,0,0,0,0,0,"No"
-1.0596875482125,-0.314148352669934,-0.850959346903673,0,0,0,0,1,0,0,0,0,0,1,0,1,0,0,0,0,0,0,0,0,0,0,0,0,0,1,"No"
-0.896272503676088,-0.445661207145907,-0.77321043939635,0,0,0,0,1,0,0,0,0,0,0,0,1,0,0,0,0,0,0,0,0,0,0,0,0,1,0,"No"
-1.26395635388301,-1.304656560432,-0.982868671017894,0,0,0,1,1,0,1,0,1,1,0,1,0,1,0,1,0,1,0,1,0,0,0,0,0,0,1,"No"
1.47324564210184,-0.337454428146689,0.640990532913929,0,0,0,0,1,0,1,0,0,0,1,0,0,0,0,0,0,0,0,0,0,0,0,0,0,0,1,"No"
-0.56944241460327,1.0176273888589,-0.204914033624258,1,0,1,1,1,0,0,1,0,0,0,0,0,0,1,0,0,0,1,0,1,0,0,0,0,0,1,"Yes"
-0.406027370066861,0.380039752601969,-0.20329565032,0,0,0,0,1,0,1,1,0,0,0,0,0,0,0,0,0,0,0,0,0,1,0,1,1,0,0,"No"
-0.487734892335066,-0.673727802882719,-0.583039316328822,0,0,0,0,1,0,0,0,0,0,0,0,0,0,0,0,0,0,0,0,0,0,0,1,0,1,0,"No"
-0.977980025944292,0.330098162294638,-0.725191011491912,1,1,0,0,1,0,0,1,0,0,0,0,1,0,0,0,0,0,0,0,0,0,0,1,0,1,0,"Yes"
-0.324319847798657,0.383369191955791,-0.234732191764364,1,1,0,0,1,0,1,1,0,0,0,0,0,0,0,0,0,0,0,0,0,0,0,1,0,1,0,"Yes"
0.125071524676467,-0.112717271763698,-0.0979455481030624,1,0,0,0,1,0,0,0,0,0,1,0,1,0,1,0,0,0,0,0,0,1,0,0,0,0,1,"No"
-0.365173608932759,0.739619202814754,-0.13359432006536,1,0,1,1,1,0,0,1,0,0,0,0,1,0,1,0,1,0,0,0,0,1,0,0,0,0,1,"No"
-1.0596875482125,0.824519906337217,-0.742372478078218,0,1,0,0,1,0,0,1,0,0,0,0,0,0,0,0,0,0,1,0,1,0,0,1,0,1,0,"No"
-1.26395635388301,-1.47612268715384,-0.9851521433513,1,0,0,0,1,0,0,0,1,1,0,1,0,1,0,1,0,1,0,1,0,0,0,0,0,0,1,"No"
0.125071524676467,1.20574071234985,0.530031513217849,1,1,1,0,1,0,1,1,0,0,0,0,0,0,1,0,0,0,1,0,1,0,0,1,0,1,0,"No"
0.329340330346978,0.331762881971549,0.343030647855924,1,0,1,1,1,0,1,0,0,0,0,0,0,0,1,0,0,0,1,0,1,0,0,1,0,1,0,"No"
-1.26395635388301,0.300133208110239,-0.96149714354796,0,0,0,1,1,0,0,1,0,0,1,0,0,0,0,0,0,0,0,0,0,0,0,1,0,0,1,"Yes"
-0.365173608932759,0.0104719843277186,-0.324696567773693,1,0,0,0,1,0,0,0,0,0,0,0,0,0,0,0,0,0,1,0,1,1,0,1,0,0,0,"No"
-1.1413950704807,1.02761570692036,-0.818503002281283,0,1,0,0,1,0,1,1,0,0,0,0,0,0,0,0,0,0,1,0,1,0,0,1,0,1,0,"Yes"
0.00251024127416045,0.343415919709927,0.0271576982795508,1,1,1,0,1,0,1,1,0,0,0,0,0,0,0,0,0,0,0,0,0,0,0,1,0,1,0,"Yes"
-0.120051042128146,0.36505727550977,-0.0832249109246015,1,0,1,1,1,0,0,0,0,0,0,0,0,0,1,0,1,0,1,0,1,0,1,0,0,0,1,"No"
0.656170419419795,0.471599334832077,0.638640551677609,1,0,0,1,1,0,1,0,0,0,1,0,0,0,1,0,0,0,1,0,1,1,0,1,1,0,0,"No"
-1.26395635388301,-1.50941708069206,-0.985595536037398,0,0,0,0,1,0,0,0,1,1,0,1,0,1,0,1,0,1,0,1,0,0,0,1,0,0,0,"No"
0.451901613749285,1.68018582026949,1.17632069247462,0,0,0,0,1,0,1,1,0,0,1,0,1,0,1,0,1,0,1,0,1,0,1,0,1,0,0,"No"
0.247632808078774,0.523205644816319,0.362052194089538,0,0,1,1,1,0,0,0,0,0,1,0,1,0,0,0,1,0,1,0,1,1,0,0,1,0,0,"Yes"
-0.324319847798657,0.951038601782456,-0.00489959292535052,1,1,1,0,1,0,0,1,0,0,0,0,0,0,1,0,0,0,1,0,1,0,0,1,0,1,0,"Yes"
0.901292986224409,0.594788590923494,0.934671678551087,0,1,0,0,1,0,1,0,0,0,1,0,1,0,0,0,1,0,1,0,1,1,0,0,0,0,0,"Yes"
1.63666068663825,-0.152670544009564,0.89649556827803,0,0,1,1,0,1,0,0,0,0,0,0,1,0,1,0,1,0,1,0,1,0,1,1,0,1,0,"No"
-1.26395635388301,-0.65874532579052,-0.974266852907588,1,0,0,0,1,0,0,0,0,0,0,0,0,0,0,0,0,0,0,0,0,0,0,1,0,1,0,"No"
-0.93712626481019,-0.532226630345281,-0.80688611390551,0,0,1,1,1,0,0,0,0,0,1,0,0,0,0,0,0,0,0,0,0,1,0,0,0,0,1,"No"
1.51409940323594,-0.151005824332653,0.857787386781655,1,0,0,0,0,1,0,0,0,0,1,0,1,0,0,0,1,0,1,0,1,0,1,1,0,0,0,"No"
0.819585463956204,1.26900006007246,1.28406511519649,0,0,1,0,1,0,1,1,0,0,0,0,1,0,0,0,1,0,1,0,1,0,0,1,1,0,0,"No"
-0.855418742541986,0.609771068015693,-0.603923111844048,0,1,1,0,1,0,0,1,0,0,0,0,0,0,0,0,1,0,1,0,0,0,0,1,0,1,0,"No"
-1.22310259274891,0.191926429111022,-0.932477092242831,0,1,0,0,1,0,0,1,0,0,0,0,0,0,0,0,0,0,0,0,0,0,0,1,0,1,0,"Yes"
-0.160904803262248,-0.955065428280685,-0.562421556425255,0,1,1,1,0,1,0,0,0,0,0,0,0,0,0,0,0,0,1,0,0,0,0,1,0,1,0,"No"
-0.610296175737372,0.601447469631138,-0.342321427046098,0,1,0,0,1,0,1,1,0,0,0,0,0,0,1,0,0,0,0,0,0,0,0,1,1,0,0,"No"
0.125071524676467,-1.48944044456913,-0.666308462778068,0,0,1,1,1,0,0,0,1,1,0,1,0,1,0,1,0,1,0,1,0,0,1,1,0,0,1,"No"
0.574462897151591,1.00930379047434,0.966972835733342,1,0,0,0,1,0,1,1,0,0,0,0,1,0,1,0,0,0,1,0,0,1,0,1,1,0,0,"No"
1.47324564210184,0.373380873894325,1.35316786532489,1,0,1,1,1,0,1,0,0,0,0,0,1,0,1,0,1,0,0,0,1,1,0,1,0,0,0,"Yes"
0.451901613749285,1.33225940779508,1.11635183167983,0,0,0,0,1,0,1,1,0,0,0,0,1,0,1,0,0,0,1,0,1,0,1,1,0,1,0,"Yes"
1.47324564210184,0.784566634091352,1.73204691559582,0,0,0,0,1,0,1,0,0,0,1,0,1,0,1,0,1,0,1,0,1,0,1,1,0,1,0,"No"
0.165925285810569,1.00597435112052,0.586852285941336,0,0,0,0,1,0,0,1,0,0,0,0,1,0,0,0,0,0,1,0,1,0,0,1,1,0,0,"No"
1.26897683643133,1.29230613554922,1.93359106106177,1,0,1,0,1,0,1,1,0,0,0,0,1,0,1,0,0,0,1,0,1,0,0,1,0,1,0,"Yes"
0.00251024127416045,-0.330795549439045,-0.182677890416433,0,1,0,0,1,0,0,0,0,0,0,0,1,0,0,0,1,0,0,0,0,0,0,0,0,0,0,"No"
1.59580692550415,0.704660089599622,1.76545655449333,0,0,1,0,1,0,1,0,0,0,1,0,1,0,1,0,1,0,1,0,1,0,1,0,1,0,0,"No"
1.26897683643133,-1.46779908876929,-0.405238849203435,1,0,0,0,1,0,0,0,1,1,0,1,0,1,0,1,0,1,0,1,0,1,0,0,0,0,1,"No"
0.37019409148108,-1.47612268715384,-0.610596171769827,0,0,0,1,1,0,0,0,1,1,0,1,0,1,0,1,0,1,0,1,0,1,0,1,1,0,0,"No"
-1.22310259274891,0.859479019552349,-0.919552195443068,0,0,0,0,1,0,0,1,0,0,0,0,0,0,0,0,0,0,1,0,1,0,0,1,0,1,0,"Yes"
1.55495316437004,-1.50275820198442,-0.416168478915756,0,0,1,0,1,0,0,0,1,1,0,1,0,1,0,1,0,1,0,1,0,0,1,0,0,0,0,"No"
-0.365173608932759,-0.653751166759787,-0.552134846107776,0,0,0,0,0,1,0,0,0,0,0,0,0,0,0,0,0,0,1,0,1,0,0,1,0,1,0,"No"
1.30983059756543,1.07922201690461,1.85728317978427,0,1,1,0,1,0,0,1,0,0,1,0,1,0,1,0,0,0,0,0,1,1,0,0,0,0,0,"No"
-0.610296175737372,-0.665404204498164,-0.69200306893746,1,0,0,1,1,0,0,0,0,0,0,0,0,0,0,0,0,0,0,0,0,1,0,0,0,0,1,"No"
-1.01883378707839,0.817861027629573,-0.739468255984275,0,1,0,0,1,0,0,1,0,0,0,0,0,0,0,0,0,0,1,0,1,0,0,1,0,1,0,"No"
-1.1413950704807,0.673030415738312,-0.82923310528486,1,0,1,1,1,0,1,1,0,0,0,0,1,0,1,0,0,0,0,0,0,0,0,1,0,0,0,"Yes"
-0.446881131200964,-0.75529906705136,-0.621636649653672,0,1,0,0,0,1,0,0,0,0,1,0,0,0,0,0,0,0,1,0,0,0,0,1,0,1,0,"Yes"
-0.651149936871475,-0.349107465885066,-0.599954747303469,0,1,0,0,1,0,1,0,0,0,1,0,0,0,0,0,0,0,0,0,0,0,0,1,0,1,0,"No"
1.30983059756543,1.35390076359493,2.03131480907782,1,0,1,0,1,0,1,1,0,0,0,0,1,0,0,0,1,0,1,0,1,0,1,1,0,1,0,"No"
-0.201758564396351,-1.12653155500252,-0.63715539366711,1,1,1,0,0,1,0,0,0,0,1,0,0,0,0,0,0,0,0,0,0,0,0,0,1,0,0,"Yes"
0.411047852615182,1.08255145625843,0.786866726640244,1,0,1,1,1,0,1,1,0,0,1,0,0,0,0,0,0,0,1,0,1,1,0,0,0,1,0,"No"
-1.1005413093466,-1.47778740683075,-0.956996707784063,1,0,0,1,1,0,0,0,1,1,0,1,0,1,0,1,0,1,0,1,0,0,0,0,0,0,1,"No"
0.37019409148108,1.1391519252734,0.761327307920987,0,0,0,0,1,0,0,1,0,0,0,0,1,0,0,0,1,0,1,0,1,0,1,1,0,0,0,"No"
1.06470803076082,-0.475626161330305,0.282197171323248,1,0,1,0,1,0,0,0,0,0,0,0,0,0,1,0,0,0,0,0,0,1,0,0,1,0,0,"No"
0.615316658285693,-1.46613436909237,-0.5748143820017,0,0,0,0,1,0,0,0,1,1,0,1,0,1,0,1,0,1,0,1,0,0,1,1,0,0,1,"No"
-0.56944241460327,0.376710313248147,-0.385330517597625,1,0,0,0,1,0,0,1,0,0,0,0,0,0,0,0,1,0,0,0,0,0,0,1,0,0,0,"No"
-1.1005413093466,1.0625748201355,-0.775737777707109,1,0,0,0,1,0,0,1,0,0,0,0,0,0,1,0,0,0,1,0,1,0,0,0,0,0,0,"Yes"
-0.365173608932759,-0.154335263686474,-0.370720728590689,1,0,1,0,1,0,0,0,0,0,1,0,0,0,0,0,0,0,0,0,1,0,0,1,0,0,0,"No"
1.59580692550415,1.13415776624267,2.09314591915422,1,0,1,0,1,0,1,1,0,0,0,0,0,0,1,0,0,0,1,0,1,1,0,1,1,0,0,"No"
1.63666068663825,1.59861455610085,2.60916632723533,1,0,1,1,1,0,1,1,0,0,1,0,1,0,1,0,1,0,1,0,1,0,1,1,1,0,0,"No"
0.0433640024082626,-1.46446964941546,-0.688079043665491,1,0,1,1,1,0,0,0,1,1,0,1,0,1,0,1,0,1,0,1,0,1,0,0,0,0,1,"No"
-0.324319847798657,-0.960059587311418,-0.625760201634386,1,0,0,1,0,1,0,0,0,0,1,0,0,0,0,0,1,0,0,0,0,0,1,0,0,0,1,"No"
0.983000508492613,1.17078159913471,1.49259269546848,0,0,1,1,1,0,1,1,0,0,0,0,1,0,1,0,1,0,0,0,1,1,0,1,1,0,0,"No"
0.206779046944671,1.04925706272021,0.622833602418207,1,0,0,0,1,0,0,1,0,0,0,0,1,0,0,0,0,0,1,0,1,0,0,1,1,0,0,"No"
0.451901613749285,0.683018733799779,0.629684019418425,0,0,0,0,1,0,1,0,0,0,0,0,1,0,1,0,1,0,1,0,1,1,0,0,1,0,0,"No"
-1.26395635388301,-1.30632128010891,-0.982890840652199,1,0,0,0,0,1,0,0,0,0,0,0,0,0,0,0,0,0,0,0,0,0,0,0,0,0,1,"No"
-0.283466086664555,1.34391244553346,0.143836483626298,0,0,1,0,1,0,1,1,0,0,0,0,0,0,1,0,1,0,1,0,1,0,0,1,0,0,0,"Yes"
1.18726931416312,0.834508224398683,1.35970790744484,0,0,0,0,1,0,1,0,0,0,1,0,1,0,1,0,1,0,1,0,1,0,1,0,0,1,0,"No"
-0.610296175737372,0.737954483137843,-0.368836309674771,1,0,0,0,1,0,1,1,0,0,0,0,0,0,1,0,1,0,0,0,0,1,0,0,0,1,0,"No"
0.37019409148108,0.719642566691822,0.486379503271479,0,0,1,0,1,0,0,1,0,0,0,0,1,0,1,0,1,0,0,0,0,1,0,1,0,0,0,"No"
-1.26395635388301,-0.463973123591928,-0.971673005693914,1,0,0,0,1,0,0,0,0,0,0,0,1,0,0,0,0,0,0,0,0,0,0,0,0,0,1,"Yes"
-1.26395635388301,0.874461496644548,-0.953848619712765,1,0,0,0,1,0,1,1,0,0,0,0,1,0,0,0,0,0,0,0,1,0,0,1,1,0,0,"Yes"
0.656170419419795,1.44878978517886,1.25273942192365,1,0,0,0,1,0,1,1,0,0,0,0,1,0,1,0,0,0,1,0,1,0,1,1,0,0,0,"No"
-0.855418742541986,-1.48611100521531,-0.898912265905195,1,1,1,0,1,0,0,0,1,1,0,1,0,1,0,1,0,1,0,1,0,0,0,0,0,0,1,"Yes"
0.942146747358511,0.694671771538156,1.16727548167821,0,1,1,0,1,0,1,1,0,0,0,0,1,0,1,0,0,0,0,0,0,0,0,1,0,1,0,"Yes"
0.411047852615182,-0.327466110085223,0.0471547084225806,0,0,0,0,0,1,0,0,0,0,1,0,1,0,1,0,1,0,0,0,1,1,0,1,0,1,0,"No"
-1.26395635388301,-0.685380840621096,-0.974621567056467,1,0,0,1,1,0,0,0,0,0,0,0,0,0,0,0,0,0,0,0,0,0,0,0,0,1,0,"No"
-0.201758564396351,1.0326098659511,0.156584023351622,0,0,0,0,1,0,1,1,0,0,0,0,0,0,0,0,0,0,1,0,1,0,0,1,0,0,0,"No"
-0.201758564396351,0.673030415738312,0.0299067329333599,1,1,1,0,1,0,1,0,0,0,0,0,1,0,1,0,1,0,1,0,1,0,0,1,0,0,0,"No"
-1.22310259274891,-0.67539252255963,-0.954535878376217,0,1,0,0,1,0,0,0,0,0,0,0,0,0,0,0,0,0,0,0,0,0,0,1,0,1,0,"No"
-0.528588653469168,-1.48777572489222,-0.831161863469387,0,0,0,0,1,0,0,0,1,1,0,1,0,1,0,1,0,1,0,1,0,0,0,0,0,0,1,"No"
0.411047852615182,1.01429794950508,0.754831605069648,0,1,1,0,1,0,1,1,0,0,0,0,0,0,0,0,0,0,1,0,1,0,0,1,0,1,0,"No"
1.39153811983363,0.847825981813972,1.6511277503829,0,0,0,0,1,0,1,0,0,0,1,0,1,0,1,0,1,0,1,0,1,0,1,1,1,0,0,"No"
0.0433640024082626,1.50871969354765,0.644072112082312,1,1,1,0,1,0,1,1,0,0,1,0,0,0,1,0,1,0,1,0,1,0,0,1,0,0,0,"No"
0.0433640024082626,-0.332460269115956,-0.194383457329426,1,1,0,0,0,1,0,0,0,0,0,0,0,0,1,0,1,0,1,0,1,0,0,1,0,1,0,"No"
0.00251024127416045,-1.49276988392295,-0.717387300216583,0,0,0,0,1,0,0,0,1,1,0,1,0,1,0,1,0,1,0,1,0,1,0,0,0,0,0,"No"
1.47324564210184,-0.289177557516269,0.712398925010048,0,0,1,0,1,0,0,0,0,0,1,0,0,0,0,0,1,0,0,0,0,1,0,0,0,0,0,"No"
-0.487734892335066,-1.49443460359986,-0.808171952695194,1,0,0,0,1,0,0,0,1,1,0,1,0,1,0,1,0,1,0,1,0,0,1,1,0,0,1,"No"
1.63666068663825,-1.49110516424604,-0.342897837538025,1,0,0,0,1,0,0,0,1,1,0,1,0,1,0,1,0,1,0,1,0,0,1,1,1,0,0,"No"
1.14641555302902,1.02595098724345,1.58286744635808,1,0,1,1,1,0,1,1,0,0,1,0,0,0,1,0,0,0,1,0,0,1,0,1,0,0,0,"No"
-1.26395635388301,-1.48777572489222,-0.985307330791434,0,0,0,0,1,0,0,0,1,1,0,1,0,1,0,1,0,1,0,1,0,0,0,1,0,0,1,"Yes"
-1.26395635388301,-1.49776404295368,-0.985440348597263,1,0,0,0,1,0,0,0,1,1,0,1,0,1,0,1,0,1,0,1,0,0,0,1,0,0,1,"Yes"
0.574462897151591,-1.33628623429331,-0.521407732961169,0,0,1,0,1,0,1,0,1,1,0,1,0,1,0,1,0,1,0,1,0,1,0,1,0,0,0,"No"
-0.120051042128146,0.345080639386838,-0.0412577931854047,0,0,1,0,1,0,1,1,0,0,0,0,0,0,0,0,0,0,0,0,0,0,0,1,0,1,0,"No"
0.778731702822102,0.757931119260775,0.989164639672558,1,0,0,0,1,0,1,1,0,0,0,0,1,0,1,0,1,0,0,0,0,0,0,1,0,1,0,"No"
0.656170419419795,0.201914747172488,0.577718396607713,0,1,1,0,1,0,0,1,0,0,0,0,0,0,0,0,0,0,0,0,0,0,0,1,0,0,0,"No"
-0.651149936871475,0.288480170371862,-0.46394404084284,0,0,1,1,1,0,0,1,0,0,0,0,1,0,0,0,0,0,0,0,0,0,0,0,0,0,0,"No"
1.55495316437004,1.13582248591958,2.04705524943431,1,0,1,0,1,0,1,1,0,0,0,0,1,0,1,0,1,0,0,0,1,0,1,1,0,0,0,"No"
-0.406027370066861,0.623088825430981,-0.175672285976081,0,0,1,1,1,0,0,1,0,0,0,0,1,0,0,0,0,0,0,0,1,0,0,0,0,1,0,"Yes"
-1.26395635388301,0.356733677125215,-0.960743375981592,0,1,0,0,1,0,0,1,0,0,0,0,0,0,1,0,0,0,0,0,0,0,0,1,0,0,0,"Yes"
-1.01883378707839,0.175279232341911,-0.76558408519546,0,0,0,0,1,0,0,1,0,0,0,0,0,0,0,0,0,0,0,0,0,0,0,1,0,0,0,"No"
-0.120051042128146,1.19741711396529,0.260869983121924,1,0,0,1,1,0,1,1,0,0,0,0,1,0,1,0,1,0,0,0,1,1,0,0,1,0,0,"No"
0.492755374883387,-1.29466824237054,-0.501743267332713,1,0,1,1,1,0,1,0,1,1,0,1,0,1,0,1,0,1,0,1,0,1,0,0,0,0,1,"No"
-0.896272503676088,-0.795252339297225,-0.794914511380858,0,0,0,0,0,1,0,0,0,0,1,0,1,0,1,0,0,0,0,0,0,0,0,0,0,0,0,"No"
0.942146747358511,-0.430678730053707,0.264461463879319,0,1,1,0,1,0,1,0,0,0,0,0,0,0,0,0,0,0,0,0,0,0,0,0,0,0,0,"No"
0.819585463956204,1.34890660456419,1.38972559229369,1,1,1,0,1,0,1,1,0,0,0,0,1,0,1,0,0,0,1,0,1,1,0,1,0,0,0,"No"
1.47324564210184,-0.21093573270145,0.768665456875912,0,0,1,0,1,0,1,0,0,0,1,0,0,0,0,0,1,0,0,0,0,1,0,0,0,0,0,"No"
1.18726931416312,-1.50442292166133,-0.469796824299336,0,0,1,1,1,0,0,0,1,1,0,1,0,1,0,1,0,1,0,1,0,0,0,1,0,0,1,"Yes"
1.63666068663825,0.0204603023891848,1.12725929175785,0,0,1,1,0,1,0,0,0,0,1,0,1,0,1,0,1,0,1,0,1,0,1,1,1,0,0,"No"
-0.242612325530453,-0.670398363528897,-0.469242583441714,0,0,0,0,0,1,0,0,0,0,0,0,0,0,1,0,1,0,1,0,0,0,0,1,1,0,0,"No"
0.165925285810569,-1.45614605103091,-0.674865941619764,1,0,1,0,1,0,0,0,1,1,0,1,0,1,0,1,0,1,0,1,0,1,0,0,0,0,0,"No"
1.63666068663825,1.64689142673127,2.76060709917217,1,0,1,1,1,0,1,1,0,0,1,0,1,0,1,0,1,0,1,0,1,0,1,1,1,0,0,"No"
0.125071524676467,0.841167103106327,0.40752211404891,1,0,1,0,1,0,1,1,0,0,0,0,0,0,0,0,1,0,0,0,1,0,0,1,0,0,0,"No"
-0.651149936871475,1.61026759383923,-0.159421944030581,0,0,1,1,1,0,1,1,0,0,1,0,0,0,1,0,1,0,1,0,1,0,0,1,0,1,0,"No"
0.901292986224409,1.6668680628542,1.6881732093064,0,0,1,0,1,0,1,1,0,0,1,0,1,0,1,0,1,0,1,0,1,1,0,1,0,0,1,"No"
0.165925285810569,0.526535084170141,0.308401679071653,0,0,1,0,1,0,0,1,0,0,0,0,0,0,0,0,0,0,0,0,1,0,0,0,0,1,0,"No"
-1.26395635388301,0.165290914280445,-0.963292883926657,0,0,0,0,1,0,0,1,0,0,0,0,0,0,0,0,0,0,0,0,0,0,0,0,0,0,1,"Yes"
0.819585463956204,-1.31630959817038,-0.430911285728522,0,0,1,1,1,0,1,0,1,1,0,1,0,1,0,1,0,1,0,1,0,0,1,1,0,0,0,"No"
-0.977980025944292,1.00430963144361,-0.657351930518884,1,0,1,1,1,0,0,1,0,0,0,0,0,0,1,0,0,0,1,0,1,0,0,1,0,1,0,"No"
1.63666068663825,1.36222436197948,2.38077475462613,1,0,1,1,1,0,0,1,0,0,1,0,1,0,0,0,1,0,1,0,1,0,1,0,0,0,0,"No"
-0.406027370066861,0.171949792988089,-0.308911788148596,0,1,0,0,1,0,0,0,0,0,1,0,0,0,1,0,1,0,0,0,1,0,0,1,0,0,1,"No"
1.14641555302902,-0.146011665301919,0.594279113433482,1,0,1,0,0,1,0,0,0,0,0,0,1,0,1,0,1,0,1,0,1,0,0,1,0,0,0,"No"
-0.324319847798657,1.31727693070289,0.111978719130141,0,0,0,0,1,0,1,1,0,0,0,0,1,0,1,0,0,0,1,0,1,0,0,1,0,1,0,"No"
-0.160904803262248,0.942715003397901,0.233335297315224,1,0,1,1,1,0,0,1,0,0,0,0,1,0,1,0,1,0,1,0,0,1,0,0,0,0,0,"No"
-1.22310259274891,-1.4844462855384,-0.977281923173056,1,0,1,0,1,0,0,0,1,1,0,1,0,1,0,1,0,1,0,1,0,0,0,0,0,0,1,"No"
-1.26395635388301,0.35007479841757,-0.960832054518812,1,0,0,0,1,0,1,1,0,0,0,0,0,0,0,0,0,0,0,0,0,0,0,1,0,1,0,"No"
-1.1413950704807,1.21739375008822,-0.823025607679485,1,0,1,1,1,0,1,1,0,0,0,0,0,0,1,0,0,0,1,0,1,0,0,0,0,1,0,"Yes"
-1.01883378707839,1.17244631881162,-0.695616719329161,1,0,0,0,1,0,1,1,0,0,0,0,1,0,0,0,0,0,1,0,1,0,0,1,0,1,0,"Yes"
1.63666068663825,1.71348021380771,2.73254034214216,1,1,1,0,1,0,1,1,0,0,1,0,1,0,1,0,1,0,1,0,1,0,1,1,0,0,0,"No"
1.55495316437004,-0.816893695097069,0.247257827658708,1,0,0,0,0,1,0,0,0,0,0,0,0,0,0,0,1,0,0,0,1,0,1,1,0,0,1,"No"
1.30983059756543,1.24902342394953,1.90497006317413,1,1,1,0,1,0,1,1,0,0,0,0,0,0,1,0,1,0,1,0,1,0,1,0,0,1,0,"No"
1.63666068663825,0.836172944075594,1.92736139382209,1,0,1,1,1,0,1,1,0,0,0,0,1,0,0,0,0,0,1,0,0,1,0,1,0,1,0,"No"
0.492755374883387,-1.48777572489222,-0.609221654442922,0,0,0,1,1,0,0,0,1,1,0,1,0,1,0,1,0,1,0,1,0,0,1,0,0,0,1,"No"
-0.773711220273781,-0.287512837839358,-0.668525426208559,0,0,1,1,1,0,0,0,0,0,0,0,0,0,0,0,0,0,0,0,1,0,0,0,0,1,0,"Yes"
-0.324319847798657,-0.365754662654177,-0.410914275585492,1,0,1,0,1,0,0,0,0,0,1,0,0,0,0,0,1,0,0,0,0,0,0,0,0,0,1,"No"
-0.324319847798657,0.521540925139408,-0.168755360072949,1,0,0,0,1,0,1,1,0,0,0,0,1,0,0,0,0,0,0,0,0,0,0,1,0,1,0,"Yes"
0.125071524676467,0.38170447227888,0.223957542004247,1,1,1,1,1,0,0,0,0,0,0,0,1,0,0,0,1,0,1,0,1,0,0,1,0,1,0,"No"
-1.01883378707839,0.370051434540503,-0.748469127512069,0,0,1,1,1,0,0,0,0,0,1,0,1,0,1,0,1,0,1,0,0,0,0,1,0,1,0,"No"
-0.487734892335066,0.561494197385273,-0.252955631163001,0,1,0,0,1,0,0,1,0,0,0,0,0,0,0,0,0,0,0,0,1,0,0,1,0,1,0,"No"
1.63666068663825,1.46210754259415,2.55469553574816,0,0,1,0,1,0,1,1,0,0,0,0,1,0,1,0,1,0,1,0,1,1,0,1,0,0,0,"No"
1.63666068663825,0.663042097676846,1.7242432043205,1,0,1,1,1,0,1,1,0,0,0,0,0,0,0,0,0,0,0,0,1,0,1,1,1,0,0,"No"
-0.692003698005577,1.18409935655,-0.366730194415805,0,0,0,0,1,0,1,1,0,0,0,0,1,0,0,0,0,0,1,0,1,0,0,1,0,1,0,"No"
1.63666068663825,0.799549111183551,1.75576842430208,1,0,0,0,1,0,1,0,0,0,0,0,1,0,1,0,1,0,1,0,1,0,1,1,0,0,0,"No"
-1.30481011501711,-0.400713775869309,-0.994130845244789,0,0,1,1,0,1,0,0,0,0,1,0,0,0,1,0,1,0,1,0,0,0,1,1,0,0,0,"No"
-1.26395635388301,0.325104003263905,-0.961164599033386,1,0,0,1,1,0,1,1,0,0,0,0,0,0,0,0,0,0,0,0,0,0,0,1,0,1,0,"Yes"
-1.22310259274891,-0.185964937547784,-0.943517570126677,0,0,0,0,1,0,0,0,0,0,0,0,1,0,0,0,0,0,1,0,0,0,0,1,0,1,0,"No"
1.18726931416312,-0.0178282501797694,0.736253451522132,1,1,1,0,1,0,1,0,0,0,0,0,1,0,0,0,0,0,0,0,1,1,0,0,0,0,0,"No"
-1.26395635388301,-1.47112852812311,-0.985085634448385,1,0,0,0,1,0,0,0,1,1,0,1,0,1,0,1,0,1,0,1,0,0,0,0,0,0,1,"No"
-0.406027370066861,-0.693704439005652,-0.593481214086435,1,0,0,0,0,1,0,0,0,0,0,0,1,0,1,0,0,0,0,0,1,1,0,1,0,0,0,"Yes"
-0.160904803262248,-0.122705589825165,-0.202386695313499,1,0,1,0,1,0,0,0,0,0,1,0,1,0,0,0,1,0,0,0,0,0,0,0,0,0,1,"No"
1.55495316437004,-1.49110516424604,-0.374423057519609,0,0,1,0,1,0,0,0,1,1,0,1,0,1,0,1,0,1,0,1,0,0,1,0,0,0,0,"No"
-1.1005413093466,-1.20310866014043,-0.936024233731617,0,1,0,0,0,1,0,0,0,0,0,0,1,0,0,0,0,0,0,0,0,0,0,0,0,1,0,"Yes"
-0.814564981407883,1.1691168794578,-0.445011173146446,0,0,0,0,1,0,1,1,0,0,1,0,1,0,1,0,0,0,0,0,1,0,0,1,0,0,0,"Yes"
0.0842177635423648,1.72013909251536,0.734679407486484,1,0,0,0,1,0,1,1,0,0,1,0,1,0,1,0,1,0,1,0,1,1,0,0,1,0,0,"No"
1.59580692550415,0.536523402231607,1.52256604104872,0,1,1,0,1,0,1,1,0,0,1,0,0,0,0,0,0,0,0,0,0,0,1,1,1,0,0,"No"
1.55495316437004,0.0204603023891848,1.02026863660235,0,0,1,1,1,0,1,0,0,0,1,0,0,0,0,0,0,0,0,0,1,1,0,0,0,0,0,"No"
0.819585463956204,0.648059620584647,0.924340628964998,0,0,1,1,1,0,0,1,0,0,1,0,0,0,1,0,1,0,0,0,0,0,0,1,0,0,0,"No"
1.51409940323594,0.494905410308831,1.44565957964498,1,0,0,1,1,0,1,0,0,0,1,0,1,0,1,0,1,0,1,0,0,0,1,1,1,0,0,"No"
-0.487734892335066,0.982668275643766,-0.203827721543318,0,1,0,0,1,0,1,1,0,0,0,0,1,0,1,0,0,0,0,0,1,0,0,1,0,1,0,"Yes"
-0.855418742541986,0.446628539678411,-0.616448955226323,1,0,0,1,1,0,1,1,0,0,0,0,0,0,1,0,0,0,0,0,0,0,0,1,0,0,1,"No"
-1.22310259274891,0.985997714997588,-0.919862570323336,1,0,1,0,1,0,0,1,0,0,0,0,0,0,0,0,1,0,1,0,1,0,0,1,0,1,0,"Yes"
-1.26395635388301,-1.48944044456913,-0.985329500425739,0,0,0,0,1,0,0,0,1,1,0,1,0,1,0,1,0,1,0,1,0,0,0,0,0,0,1,"No"
-0.487734892335066,0.98932715435141,-0.187909924112392,1,1,1,1,1,0,0,1,0,0,1,0,0,0,1,0,1,0,0,0,1,1,0,0,1,0,0,"No"
-1.1005413093466,0.325104003263905,-0.845682973939104,0,1,1,0,1,0,1,1,0,0,0,0,0,0,0,0,0,0,0,0,0,0,0,1,0,1,0,"Yes"
0.983000508492613,1.36055964230257,1.62940150876409,0,0,0,0,1,0,1,1,0,0,0,0,1,0,0,0,1,0,1,0,1,0,0,1,0,0,0,"No"
-0.0791972809940439,1.01263322982816,0.27060245258178,1,0,0,0,1,0,1,1,0,0,1,0,1,0,1,0,1,0,0,0,0,0,0,1,1,0,0,"No"
0.329340330346978,1.33891828650273,0.837945564078759,1,0,0,0,1,0,1,1,0,0,0,0,0,0,1,0,1,0,1,0,1,0,0,0,0,0,0,"Yes"
-0.160904803262248,-0.342448587177422,-0.308512734731108,0,0,0,0,1,0,0,0,0,0,1,0,0,0,0,0,1,0,0,0,0,1,0,0,0,0,1,"No"
-0.201758564396351,0.353404237771393,-0.138671166321184,0,1,1,0,1,0,0,1,0,0,1,0,0,0,0,0,0,0,0,0,0,0,0,1,0,0,0,"Yes"
-0.814564981407883,-1.48278156586148,-0.876432256720016,1,0,0,0,1,0,0,0,1,1,0,1,0,1,0,1,0,1,0,1,0,0,0,0,1,0,0,"No"
1.43239188096774,1.35889492262566,2.10494016460443,1,0,1,1,1,0,1,1,0,0,0,0,1,0,1,0,0,0,1,0,1,1,0,1,0,1,0,"No"
-0.120051042128146,-0.432343449730618,-0.354758591891153,1,1,1,0,1,0,1,0,0,0,0,0,0,0,0,0,0,0,0,0,0,0,0,1,0,1,0,"No"
-0.365173608932759,0.366721995186681,-0.214380467472456,0,0,0,0,1,0,1,1,0,0,0,0,0,0,0,0,0,0,0,0,0,0,0,0,0,0,0,"Yes"
1.06470803076082,1.0026449117667,1.41364662770869,1,0,1,1,1,0,1,1,0,0,0,0,1,0,0,0,1,0,1,0,0,1,0,1,1,0,0,"No"
0.983000508492613,1.17577575816545,1.5360008394375,0,1,0,0,1,0,1,1,0,0,0,0,1,0,1,0,1,0,1,0,0,0,1,1,0,0,0,"No"
-0.324319847798657,-1.44782245264635,-0.776580223810696,0,0,1,1,1,0,0,0,1,1,0,1,0,1,0,1,0,1,0,1,0,0,1,1,1,0,0,"No"
1.55495316437004,-1.48278156586148,-0.391005943979682,1,0,1,1,1,0,0,0,1,1,0,1,0,1,0,1,0,1,0,1,0,0,1,0,1,0,0,"No"
1.47324564210184,1.41716011131755,2.27801849962287,1,1,1,1,1,0,1,1,0,0,0,0,0,0,1,0,1,0,1,0,1,1,0,1,1,0,0,"No"
-1.26395635388301,0.679689294445957,-0.95644246692644,0,0,0,0,1,0,1,1,0,0,0,0,0,0,0,0,0,0,0,0,1,0,0,1,0,1,0,"Yes"
1.26897683643133,0.564823636739095,1.23571314277747,0,0,1,0,1,0,1,1,0,0,0,0,1,0,0,0,0,0,0,0,0,0,0,1,0,0,0,"No"
1.51409940323594,1.03427458562801,1.99619810833884,0,0,1,0,1,0,0,1,0,0,0,0,1,0,0,0,0,0,1,0,1,1,0,1,1,0,0,"No"
0.0842177635423648,0.478258213539721,0.179618273394424,1,0,1,1,1,0,0,1,0,0,0,0,0,0,0,0,0,0,0,0,1,1,0,1,0,0,0,"No"
1.35068435869953,1.34724188488728,1.99622027797314,0,0,0,0,1,0,1,1,0,0,0,0,1,0,0,0,1,0,1,0,1,1,0,1,0,0,0,"No"
0.737877941688,1.24236454524189,1.3405533434054,1,1,1,0,1,0,1,1,0,0,1,0,1,0,1,0,0,0,1,0,0,1,0,1,0,0,0,"No"
0.942146747358511,-1.50608764133824,-0.482788230002014,1,0,1,1,1,0,0,0,1,1,0,1,0,1,0,1,0,1,0,1,0,0,1,0,0,0,0,"No"
-0.365173608932759,-1.29799768172436,-0.765894460075729,0,0,1,1,1,0,1,0,1,1,0,1,0,1,0,1,0,1,0,1,0,0,1,1,1,0,0,"No"
0.983000508492613,0.138655399449869,0.69430850341724,0,0,1,1,1,0,1,0,0,0,1,0,0,0,1,0,0,0,0,0,1,1,0,1,0,0,0,"No"
-0.855418742541986,0.186932270080289,-0.657130234175835,1,0,0,0,1,0,0,1,0,0,0,0,0,0,0,0,0,0,0,0,0,0,0,0,0,1,0,"No"
-1.26395635388301,-0.508920554868526,-0.972271585820146,1,0,0,0,1,0,0,0,0,0,0,0,0,0,0,0,1,0,0,0,0,0,0,1,0,1,0,"No"
0.983000508492613,1.42048955067137,1.68099024779161,1,0,1,0,1,0,1,1,0,0,0,0,1,0,0,0,1,0,1,0,1,1,0,1,0,1,0,"No"
-1.1822488316148,-1.3645864688008,-0.954646726547742,1,0,1,0,1,0,1,0,1,1,0,1,0,1,0,1,0,1,0,1,0,0,0,1,0,0,1,"No"
-1.01883378707839,0.170285073311178,-0.765273710315191,1,0,1,1,1,0,0,0,0,0,1,0,0,0,0,0,0,0,1,0,1,0,0,0,1,0,0,"No"
1.59580692550415,0.296803768756417,1.38145631869796,1,0,1,0,1,0,1,0,0,0,1,0,1,0,0,0,1,0,1,0,0,0,1,0,1,0,0,"No"
0.125071524676467,1.18742879590382,0.569981194235299,0,0,0,0,1,0,1,1,0,0,0,0,0,0,1,0,0,0,1,0,1,0,0,1,0,1,0,"Yes"
-0.855418742541986,-0.805240657358691,-0.80675309609968,0,0,0,0,0,1,0,0,0,0,0,0,1,0,1,0,1,0,0,0,0,1,0,1,1,0,0,"No"
1.14641555302902,-1.50941708069206,-0.504957864306925,0,0,1,1,1,0,0,0,1,1,0,1,0,1,0,1,0,1,0,1,0,0,1,1,1,0,0,"No"
-0.855418742541986,0.0104719843277186,-0.684975294862803,0,0,0,0,1,0,0,0,0,0,0,0,0,0,1,0,1,0,0,0,1,1,0,0,1,0,0,"No"
-0.160904803262248,1.54034936740896,0.426676678088354,0,1,1,0,1,0,1,1,0,0,0,0,1,0,1,0,1,0,1,0,1,0,0,1,0,1,0,"No"
1.18726931416312,0.548176439969984,1.11094244090943,1,0,1,0,1,0,0,0,0,0,1,0,1,0,0,0,1,0,1,0,1,0,1,1,0,0,1,"No"
-0.0383435198599417,1.11418113011974,0.372449752578541,1,0,1,1,1,0,1,1,0,0,1,0,0,0,1,0,0,0,1,0,0,1,0,0,0,0,0,"No"
-0.93712626481019,0.196920588141755,-0.729026358226662,1,0,0,0,1,0,0,1,0,0,0,0,0,0,0,0,0,0,0,0,0,0,0,1,0,1,0,"No"
0.125071524676467,0.997650752735965,0.498062900550167,1,1,1,0,1,0,1,1,0,0,1,0,1,0,0,0,0,0,0,0,1,0,0,1,0,1,0,"No"
-0.814564981407883,-1.51774067907662,-0.890576483406549,0,0,1,1,1,0,0,0,1,1,0,1,0,1,0,1,0,1,0,1,0,0,0,0,0,0,1,"Yes"
-1.26395635388301,0.356733677125215,-0.960743375981592,0,0,0,0,1,0,0,1,0,0,1,0,0,0,0,0,0,0,0,0,0,0,0,0,0,0,1,"Yes"
-1.1413950704807,0.819525747306484,-0.840628297317584,0,1,0,0,1,0,1,1,0,0,0,0,0,0,1,0,0,0,1,0,0,0,0,1,0,1,0,"Yes"
-1.26395635388301,-1.51774067907662,-0.985706384208922,0,0,1,1,1,0,0,0,1,1,0,1,0,1,0,1,0,1,0,1,0,0,0,1,0,0,1,"No"
-1.26395635388301,0.702995369922711,-0.956132092046171,0,1,0,0,1,0,1,1,0,0,0,0,0,0,0,0,0,0,1,0,0,0,0,1,0,1,0,"Yes"
-1.1005413093466,-1.48111684618457,-0.95639812765783,1,0,1,1,1,0,0,0,1,1,0,1,0,1,0,1,0,1,0,1,0,1,0,0,0,0,1,"No"
1.63666068663825,1.15080496301178,2.29677401024482,1,0,1,0,1,0,1,1,0,0,1,0,1,0,1,0,0,0,0,0,1,0,1,1,0,1,0,"No"
1.59580692550415,0.859479019552349,1.96243375529246,1,0,1,1,1,0,1,0,0,0,1,0,1,0,1,0,1,0,1,0,1,0,1,0,0,1,0,"No"
1.63666068663825,1.5753084806241,2.58451369388827,1,0,1,0,1,0,1,1,0,0,1,0,0,0,1,0,1,0,1,0,1,0,1,1,1,0,0,"No"
0.574462897151591,-1.32130375720111,-0.473233117616598,1,0,1,1,1,0,1,0,1,1,0,1,0,1,0,1,0,1,0,1,0,1,0,0,0,1,0,"No"
-0.0791972809940439,0.656383218969202,0.0871265590743353,1,0,0,0,1,0,0,1,0,0,1,0,1,0,1,0,0,0,0,0,0,0,0,1,1,0,0,"No"
-1.26395635388301,-0.632109810959943,-0.97391213875871,1,0,0,0,1,0,0,0,0,0,0,0,0,0,0,0,0,0,0,0,0,0,0,0,0,0,1,"No"
-0.814564981407883,-0.0977347946714992,-0.677659315542183,0,0,0,0,1,0,1,0,0,0,1,0,0,0,1,0,1,0,0,0,0,0,0,1,0,0,1,"Yes"
-0.651149936871475,-0.324136670731401,-0.587916635875903,1,0,0,0,0,1,0,0,0,0,1,0,1,0,1,0,1,0,1,0,0,0,1,0,0,0,1,"No"
0.778731702822102,0.857814299875438,1.05192687438976,1,0,1,0,1,0,1,1,0,0,0,0,1,0,0,0,0,0,0,0,1,1,0,1,1,0,0,"No"
-0.651149936871475,0.331762881971549,-0.47513970616682,1,0,0,0,1,0,0,1,0,0,0,0,0,0,0,0,1,0,0,0,0,0,0,1,1,0,0,"No"
1.39153811983363,0.321774563910083,1.160425064678,0,0,1,1,1,0,1,1,0,0,0,0,0,0,0,0,0,0,0,0,0,1,0,1,0,0,0,"No"
0.574462897151591,1.46710170162488,1.17991217323201,1,0,0,0,1,0,1,1,0,0,0,0,1,0,1,0,1,0,1,0,1,0,1,0,0,1,0,"No"
0.00251024127416045,1.49706665580928,0.605629966197596,0,0,0,0,1,0,1,1,0,0,1,0,0,0,1,0,1,0,1,0,1,1,0,1,0,0,0,"No"
1.63666068663825,0.734625043784021,1.7080150320093,1,0,1,0,1,0,1,0,0,0,1,0,0,0,1,0,1,0,1,0,1,0,1,0,1,0,0,"No"
0.247632808078774,0.546511720293073,0.373691252099616,1,0,1,1,1,0,0,0,0,0,1,0,0,0,1,0,1,0,1,0,1,0,1,0,1,0,0,"No"
0.778731702822102,-0.557197425498946,0.0508348677171959,1,0,0,1,1,0,0,0,0,0,0,0,0,0,0,0,1,0,0,0,0,1,0,0,1,0,0,"No"
1.35068435869953,1.35390076359493,2.01490927969218,0,1,1,0,1,0,1,1,0,0,1,0,0,0,1,0,0,0,1,0,1,0,0,0,0,0,0,"Yes"
-0.93712626481019,0.0138014236815405,-0.700139324727363,0,0,1,1,1,0,0,0,0,0,1,0,1,0,1,0,1,0,0,0,0,0,0,0,0,0,1,"Yes"
1.39153811983363,-1.46613436909237,-0.392402630940892,1,0,0,1,1,0,0,0,1,1,0,1,0,1,0,1,0,1,0,1,0,0,1,0,0,0,1,"No"
0.737877941688,0.163626194603534,0.521474034376153,1,0,0,0,1,0,1,0,0,0,0,0,0,0,1,0,1,0,0,0,1,0,1,0,0,0,0,"No"
-0.977980025944292,-1.30965071946274,-0.91152678782469,1,0,0,0,0,1,0,0,0,0,0,0,0,0,0,0,0,0,0,0,0,0,0,1,1,0,0,"No"
1.39153811983363,1.2739942191032,2.09930907749098,0,1,0,0,1,0,1,1,0,0,0,0,0,0,1,0,1,0,1,0,1,1,0,1,1,0,0,"No"
-1.01883378707839,0.464940456124432,-0.762258640049723,0,0,0,0,1,0,1,1,0,0,0,0,1,0,0,0,0,0,0,0,0,0,0,1,0,0,0,"No"
-0.896272503676088,-1.00001285955728,-0.833356657265573,1,1,1,1,0,1,0,0,0,0,0,0,0,0,0,0,0,0,0,0,1,0,0,1,0,0,0,"No"
1.22812307529723,0.914414768890413,1.55794877739936,0,0,0,0,1,0,1,1,0,0,1,0,1,0,1,0,0,0,0,0,0,1,0,1,0,1,0,"No"
0.329340330346978,0.681354014122868,0.49373982186071,1,0,1,1,1,0,0,1,0,0,0,0,0,0,1,0,0,0,1,0,0,1,0,1,0,1,0,"No"
-0.487734892335066,-1.49443460359986,-0.813692191637117,0,0,0,0,1,0,0,0,1,1,0,1,0,1,0,1,0,1,0,1,0,0,1,0,0,0,1,"No"
-1.01883378707839,-1.4844462855384,-0.933120011637673,0,0,0,0,1,0,0,0,1,1,0,1,0,1,0,1,0,1,0,1,0,0,0,0,0,0,0,"Yes"
-0.283466086664555,1.0176273888589,0.0681050128407216,0,0,1,0,1,0,0,1,0,0,0,0,0,0,0,0,1,0,1,0,1,0,0,1,0,1,0,"No"
0.697024180553898,0.847825981813972,1.02208654661535,1,1,1,0,1,0,1,1,0,0,0,0,1,0,0,0,0,0,0,0,1,0,0,0,1,0,0,"Yes"
0.451901613749285,1.53701992805514,1.08444972791507,1,1,1,1,1,0,1,1,0,0,0,0,1,0,1,0,1,0,1,0,1,0,0,1,0,0,0,"Yes"
0.574462897151591,-0.319142511700668,0.102800490527907,0,0,1,0,1,0,1,0,0,0,1,0,0,0,0,0,0,0,0,0,0,0,0,0,0,0,0,"No"
1.63666068663825,0.841167103106327,1.91581101434923,1,0,1,1,1,0,1,0,0,0,1,0,1,0,1,0,1,0,1,0,1,0,1,0,1,0,0,"No"
0.329340330346978,-0.334124988792867,-0.00261612059194484,0,0,0,0,0,1,0,0,0,0,1,0,0,0,0,0,1,0,1,0,1,1,0,1,0,0,0,"No"
-0.0383435198599417,1.16079328107325,0.384776069252072,1,0,0,0,1,0,0,1,0,0,0,0,0,0,1,0,1,0,1,0,1,0,1,0,0,0,0,"No"
0.983000508492613,1.33059468811817,1.57517458325427,1,1,1,1,1,0,1,1,0,0,1,0,0,0,1,0,0,0,1,0,1,1,0,1,0,0,0,"Yes"
-0.896272503676088,0.688012892830512,-0.614897080824979,1,0,1,0,1,0,1,1,0,0,0,0,0,0,0,0,0,0,0,0,1,0,0,1,0,1,0,"Yes"
1.47324564210184,-1.304656560432,-0.275746015228449,1,0,1,1,1,0,1,0,1,1,0,1,0,1,0,1,0,1,0,1,0,0,1,0,0,0,0,"No"
0.451901613749285,-0.280853959131714,0.114040495120498,0,0,1,1,1,0,0,0,0,0,0,0,0,0,0,0,0,0,1,0,0,0,0,0,0,1,0,"Yes"
-1.26395635388301,0.831178785044861,-0.954425030204693,1,0,0,0,1,0,0,1,0,0,0,0,0,0,0,0,0,0,1,0,1,0,0,1,0,1,0,"Yes"
0.697024180553898,0.841167103106327,0.906782278595508,0,1,0,0,1,0,0,1,0,0,0,0,1,0,1,0,0,0,0,0,1,1,0,1,0,0,0,"No"
0.737877941688,0.168620353634267,0.532093289208206,1,0,1,1,1,0,1,0,0,0,0,0,0,0,1,0,1,0,1,0,0,1,0,1,0,1,0,"No"
-1.22310259274891,0.82951406536795,-0.922522926439926,0,1,0,0,1,0,1,1,0,0,0,0,1,0,0,0,0,0,0,0,1,0,0,0,0,1,0,"Yes"
-0.324319847798657,0.180273391372645,-0.225908677311009,1,1,0,0,1,0,0,1,0,0,0,0,0,0,0,0,0,0,0,0,0,0,0,0,1,0,0,"No"
-1.1822488316148,0.165290914280445,-0.895564651125154,0,0,0,0,1,0,0,1,0,0,0,0,0,0,0,0,0,0,0,0,0,0,0,1,0,0,0,"Yes"
0.125071524676467,-1.48111684618457,-0.703575618044624,1,0,1,1,1,0,0,0,1,1,0,1,0,1,0,1,0,1,0,1,0,0,1,0,0,0,1,"No"
-0.610296175737372,-1.32463319655494,-0.783408471176609,0,0,0,0,1,0,1,0,1,1,0,1,0,1,0,1,0,1,0,1,0,0,0,0,0,0,1,"No"
-0.896272503676088,1.01596266918199,-0.610551832501217,1,0,0,0,1,0,0,1,0,0,0,0,0,0,0,0,1,0,1,0,1,0,0,1,1,0,0,"No"
1.47324564210184,0.807872709568106,1.72506348078978,1,0,1,1,1,0,1,0,0,0,1,0,1,0,1,0,1,0,1,0,1,0,1,1,1,0,0,"No"
0.533609136017489,0.473264054508988,0.600974342993565,1,0,1,0,1,0,0,0,0,0,1,0,1,0,1,0,0,0,1,0,1,1,0,0,0,0,0,"No"
-1.22310259274891,-1.48944044456913,-0.978213047813862,1,0,1,1,1,0,0,0,1,1,0,1,0,1,0,1,0,1,0,1,0,1,0,0,0,0,1,"Yes"
0.206779046944671,-1.47279324780002,-0.684797937788364,1,0,1,0,1,0,0,0,1,1,0,1,0,1,0,1,0,1,0,1,0,0,0,0,0,0,0,"No"
-1.1413950704807,-1.34294511300096,-0.951542977745054,0,0,0,0,0,1,0,0,0,0,0,0,0,0,0,0,0,0,0,0,0,0,0,1,0,0,1,"Yes"
-1.26395635388301,-1.48278156586148,-0.985240821888519,1,0,0,0,1,0,0,0,1,1,0,1,0,1,0,1,0,1,0,1,0,0,0,0,0,0,1,"No"
1.35068435869953,0.165290914280445,0.983023650970097,1,0,1,1,1,0,1,0,0,0,1,0,1,0,0,0,0,0,0,0,1,0,1,1,0,0,1,"No"
1.02385426962672,-1.50109348230751,-0.476425544956505,0,0,1,1,1,0,0,0,1,1,0,1,0,1,0,1,0,1,0,1,0,0,1,0,0,0,0,"No"
-1.22310259274891,0.168620353634267,-0.929772396857632,0,0,0,0,1,0,0,1,0,0,0,0,0,0,0,0,0,0,0,0,0,0,0,0,0,1,0,"Yes"
0.697024180553898,-1.14484347144854,-0.349836933075462,1,0,0,0,0,1,0,0,0,0,0,0,0,0,1,0,0,0,0,0,0,0,0,1,0,0,0,"No"
-1.1413950704807,-0.630445091283032,-0.909420672565723,0,0,0,0,1,0,0,0,0,0,0,0,0,0,0,0,0,0,0,0,0,0,0,0,0,0,1,"Yes"
0.860439225090306,-1.48944044456913,-0.533246317679992,0,0,1,1,1,0,0,0,1,1,0,1,0,1,0,1,0,1,0,1,0,1,0,1,0,0,0,"No"
0.860439225090306,-1.29966240140127,-0.401713877348954,1,0,1,1,1,0,1,0,1,1,0,1,0,1,0,1,0,1,0,1,0,0,1,0,1,0,0,"No"
-1.26395635388301,0.348410078740659,-0.960854224153117,0,0,0,0,1,0,1,1,0,0,0,0,0,0,0,0,0,0,0,0,0,0,0,1,0,0,1,"Yes"
-0.406027370066861,-1.32296847687802,-0.775360893923926,1,0,0,0,1,0,1,0,1,1,0,1,0,1,0,1,0,1,0,1,0,0,0,1,1,0,0,"No"
0.819585463956204,-0.513914713899259,0.136919557723166,1,1,0,0,0,1,0,0,0,0,0,0,1,0,0,0,0,0,1,0,1,0,0,1,0,1,0,"Yes"
1.35068435869953,1.52370217063985,2.21875906712584,1,1,0,0,1,0,1,1,0,0,1,0,0,0,1,0,1,0,1,0,1,0,1,1,0,1,0,"No"
0.656170419419795,-1.33295679493949,-0.460308220816834,0,0,0,0,1,0,1,0,1,1,0,1,0,1,0,1,0,1,0,1,0,1,0,0,0,0,0,"No"
-1.22310259274891,-0.99501870052655,-0.966529650535174,0,0,0,0,0,1,0,0,0,0,0,0,0,0,0,0,0,0,0,0,1,0,0,1,0,1,0,"Yes"
-1.26395635388301,0.513217326754853,-0.958659430356931,1,0,1,1,1,0,0,1,0,0,0,0,0,0,0,0,0,0,0,0,1,0,0,0,0,1,0,"Yes"
-1.26395635388301,0.216897224264687,-0.962605625263205,0,0,0,0,1,0,0,1,0,0,0,0,0,0,0,0,0,0,0,0,0,0,0,0,0,0,1,"No"
-1.26395635388301,-0.488943918745594,-0.972005550208487,0,0,0,0,1,0,0,0,0,0,0,0,0,0,0,0,1,0,0,0,0,0,0,1,0,1,0,"No"
0.778731702822102,-1.33129207526258,-0.43261834757,1,0,0,0,1,0,1,0,1,1,0,1,0,1,0,1,0,1,0,1,0,1,0,1,0,0,0,"No"
0.778731702822102,0.626418264784803,0.845704936085478,1,0,0,0,1,0,1,1,0,0,0,0,0,0,0,0,0,0,0,0,1,0,0,0,0,0,0,"No"
-1.26395635388301,-1.4694638084462,-0.98506346481408,1,0,0,0,1,0,0,0,1,1,0,1,0,1,0,1,0,1,0,1,0,0,0,1,0,0,1,"No"
-0.0383435198599417,0.355068957448304,0.0454033073124927,1,0,1,1,1,0,1,0,0,0,1,0,1,0,0,0,1,0,0,0,1,1,0,1,0,0,0,"No"
-1.1822488316148,0.35007479841757,-0.874104445118,0,0,0,0,1,0,1,1,0,0,0,0,0,0,0,0,0,0,0,0,0,0,0,1,1,0,0,"Yes"
1.63666068663825,0.68468345347669,1.8064260386888,1,0,1,0,1,0,1,0,0,0,0,0,1,0,1,0,1,0,1,0,1,0,1,1,0,0,0,"No"
0.615316658285693,0.678024574769046,0.787443137132172,1,1,1,1,1,0,0,1,0,0,0,0,1,0,0,0,0,0,1,0,0,1,0,1,0,0,0,"No"
1.63666068663825,0.0637430139888717,1.13929740318542,1,0,1,1,1,0,1,0,0,0,1,0,0,0,1,0,1,0,0,0,0,0,1,1,1,0,0,"No"
1.39153811983363,-0.042799045333435,0.863551491700932,1,0,1,1,1,0,1,0,0,0,0,0,0,0,1,0,0,0,1,0,0,0,1,1,0,0,0,"No"
0.125071524676467,0.618094666400248,0.268851051471692,1,0,0,0,1,0,1,1,0,0,0,0,0,0,0,0,0,0,1,0,0,0,0,0,0,1,0,"No"
-0.120051042128146,0.676359855092135,0.121533831515557,1,0,0,0,1,0,1,1,0,0,0,0,0,0,0,0,0,0,0,0,1,0,0,1,0,1,0,"No"
-1.22310259274891,-1.46613436909237,-0.979232850991888,0,0,0,0,1,0,0,0,1,1,0,1,0,1,0,1,0,1,0,1,0,0,0,1,0,0,1,"No"
-1.1413950704807,-0.510585274545437,-0.901705639827614,1,0,0,0,1,0,0,0,0,0,0,0,1,0,0,0,0,0,0,0,0,0,0,0,0,0,1,"No"
-0.120051042128146,0.356733677125215,0.00944416046992692,1,0,1,0,1,0,0,1,0,0,0,0,0,0,1,0,0,0,0,0,0,0,0,1,1,0,0,"No"
-1.26395635388301,-1.4994287626306,-0.985462518231568,1,0,0,0,1,0,0,0,1,1,0,1,0,1,0,1,0,1,0,1,0,0,0,0,0,0,1,"Yes"
-0.487734892335066,0.546511720293073,-0.247590579661212,0,0,1,0,1,0,0,1,0,0,0,0,0,0,1,0,1,0,0,0,0,0,0,1,0,0,1,"No"
1.06470803076082,-1.32796263590876,-0.32061735506159,0,0,0,0,1,0,1,0,1,1,0,1,0,1,0,1,0,1,0,1,0,0,1,1,1,0,0,"No"
-0.732857459139679,0.712983687984177,-0.477999588992153,0,0,0,1,1,0,1,1,0,0,1,0,0,0,0,0,1,0,0,0,0,0,0,1,0,0,1,"No"
1.63666068663825,-1.304656560432,-0.235530298599341,1,0,1,0,1,0,1,0,1,1,0,1,0,1,0,1,0,1,0,1,0,0,1,0,0,0,1,"No"
1.59580692550415,-0.21093573270145,0.844130892049829,0,0,1,0,0,1,0,0,0,0,0,0,1,0,1,0,1,0,1,0,1,0,1,0,0,0,0,"No"
-0.242612325530453,-0.473961441653394,-0.42769668875431,0,0,0,0,0,1,0,0,0,0,0,0,0,0,1,0,0,0,1,0,1,0,0,1,1,0,0,"No"
1.47324564210184,0.52487036449323,1.484123895164,1,1,1,0,1,0,1,1,0,0,0,0,0,0,1,0,0,0,0,0,0,0,0,1,1,0,0,"No"
-1.22310259274891,-1.47778740683075,-0.978722949402875,1,0,1,1,1,0,0,0,1,1,0,1,0,1,0,1,0,1,0,1,0,1,0,0,0,0,1,"No"
1.18726931416312,-1.46613436909237,-0.415082166834816,1,0,1,1,1,0,0,0,1,1,0,1,0,1,0,1,0,1,0,1,0,0,1,0,1,0,0,"No"
-1.1413950704807,0.711318968307266,-0.825065214035537,0,0,1,1,1,0,1,1,0,0,0,0,0,0,0,0,0,0,0,0,1,0,0,1,0,1,0,"Yes"
-1.1822488316148,-0.640433409344498,-0.93139078016189,1,0,0,0,1,0,0,0,0,0,0,0,0,0,0,0,0,0,0,0,0,0,0,1,0,1,0,"Yes"
0.0433640024082626,0.995986033059054,0.382847311067545,1,1,1,0,1,0,1,1,0,0,0,0,0,0,0,0,0,0,1,0,1,0,0,1,0,1,0,"Yes"
-0.93712626481019,-1.44282829361562,-0.903434871303397,1,1,1,0,1,0,0,0,1,1,0,1,0,1,0,1,0,1,0,1,0,0,0,1,0,0,1,"No"
-0.406027370066861,-1.27635632592452,-0.725479216737876,0,0,0,0,1,0,1,0,1,1,0,1,0,1,0,1,0,1,0,1,0,0,1,0,0,0,1,"No"
-0.0791972809940439,0.902761731152036,0.228812691917022,0,1,0,0,1,0,1,1,0,0,1,0,1,0,1,0,0,0,0,0,0,0,0,0,1,0,0,"Yes"
1.35068435869953,0.320109844233172,1.13665921670313,1,0,0,0,1,0,1,0,0,0,0,0,1,0,1,0,1,0,0,0,1,0,1,1,1,0,0,"No"
0.533609136017489,0.754601679906953,0.753590105548573,0,0,0,0,1,0,1,1,0,0,0,0,0,0,1,0,1,0,0,0,0,0,0,1,0,1,0,"Yes"
-1.1005413093466,-1.47279324780002,-0.953006173609178,1,0,0,0,1,0,0,0,1,1,0,1,0,1,0,1,0,1,0,1,0,0,0,0,0,0,1,"No"
1.63666068663825,0.481587652893543,1.54681962097829,0,0,1,1,1,0,1,1,0,0,1,0,0,0,0,0,0,0,0,0,0,0,1,0,0,0,0,"No"
-0.201758564396351,0.851155421167794,0.0803869902456424,0,0,1,0,1,0,1,1,0,0,0,0,0,0,1,0,0,0,0,0,1,0,0,0,0,0,0,"No"
0.00251024127416045,-0.465637843268839,-0.261003208415684,1,0,1,1,0,1,0,0,0,0,0,0,0,0,1,0,0,0,1,0,1,0,0,0,1,0,0,"No"
1.55495316437004,1.21239959105749,2.14752803210416,1,0,1,0,1,0,0,1,0,0,1,0,1,0,1,0,1,0,0,0,1,0,1,0,1,0,0,"No"
0.615316658285693,0.0138014236815405,0.282795751449481,0,0,0,0,1,0,1,0,0,0,1,0,0,0,1,0,1,0,0,0,0,0,1,1,0,0,1,"No"
-1.1005413093466,-0.683716120944185,-0.904499013750033,0,0,0,0,1,0,0,0,0,0,0,0,0,0,0,0,0,0,0,0,0,0,0,1,1,0,0,"No"
-1.1822488316148,0.348410078740659,-0.904166469235459,0,1,0,0,1,0,0,1,0,0,0,0,0,0,1,0,0,0,0,0,0,0,0,0,0,0,1,"No"
-0.201758564396351,-0.262542042685692,-0.261224904758733,0,0,0,0,1,0,0,0,0,0,1,0,1,0,0,0,0,0,0,0,0,0,0,1,0,0,1,"No"
1.55495316437004,0.518211485785586,1.48893470580817,1,0,1,1,1,0,0,0,0,0,1,0,1,0,1,0,0,0,1,0,1,0,1,1,1,0,0,"No"
-1.01883378707839,0.225220822649242,-0.765451067389631,1,0,1,1,1,0,0,0,0,0,1,0,0,0,1,0,1,0,0,0,1,0,0,1,1,0,0,"No"
-1.30481011501711,-1.47612268715384,-0.994130845244789,1,0,0,1,1,0,0,0,1,1,0,1,0,1,0,1,0,1,0,1,0,0,1,0,0,0,1,"No"
-0.487734892335066,1.13082832688885,-0.177046803302985,1,1,0,0,1,0,1,1,0,0,0,0,0,0,1,0,0,0,1,0,1,0,0,1,0,1,0,"Yes"
1.39153811983363,-1.49443460359986,-0.438205095414838,1,0,0,0,1,0,0,0,1,1,0,1,0,1,0,1,0,1,0,1,0,0,1,0,0,0,0,"No"
-1.1822488316148,-1.48944044456913,-0.96876878359997,0,0,0,0,1,0,0,0,1,1,0,1,0,1,0,1,0,1,0,1,0,0,0,0,0,0,1,"No"
-0.692003698005577,0.709654248630356,-0.431221660608791,0,0,0,1,1,0,0,1,0,0,0,0,1,0,0,0,0,0,0,0,1,0,0,1,0,0,0,"Yes"
1.63666068663825,0.857814299875438,1.91603271069228,0,0,1,1,1,0,1,1,0,0,1,0,1,0,0,0,1,0,0,0,0,0,1,1,0,0,0,"No"
-1.1822488316148,0.190261709434111,-0.901528282753175,1,0,1,0,1,0,0,1,0,0,0,0,0,0,0,0,0,0,0,0,0,0,0,1,0,1,0,"Yes"
1.63666068663825,0.0753960517272488,1.11588626935943,0,0,1,1,1,0,1,0,0,0,1,0,0,0,1,0,1,0,0,0,0,0,1,0,0,0,0,"No"
1.35068435869953,-1.48777572489222,-0.421001459194227,1,0,1,1,1,0,0,0,1,1,0,1,0,1,0,1,0,1,0,1,0,0,1,0,0,0,1,"No"
-0.855418742541986,-0.958394867634507,-0.833112791288219,0,0,0,0,0,1,0,0,0,0,0,0,0,0,0,0,0,0,1,0,0,0,0,1,0,0,1,"No"
-0.732857459139679,-1.47112852812311,-0.871887481687509,1,0,0,0,1,0,0,0,1,1,0,1,0,1,0,1,0,1,0,1,0,1,0,0,0,0,0,"No"
0.37019409148108,0.321774563910083,0.375553501381229,1,0,0,0,1,0,0,1,0,0,0,0,0,0,0,0,1,0,0,0,0,0,0,1,0,1,0,"No"
-0.610296175737372,0.00714254497389625,-0.472878403467719,1,0,1,0,1,0,0,0,0,0,1,0,1,0,0,0,0,0,0,0,1,1,0,0,0,0,1,"No"
-0.855418742541986,-1.4694638084462,-0.888913760833681,1,0,0,0,1,0,0,0,1,1,0,1,0,1,0,1,0,1,0,1,0,0,0,1,1,0,0,"No"
0.0433640024082626,1.03926874465874,0.352341894263987,1,0,1,0,1,0,0,1,0,0,0,0,0,0,1,0,0,0,1,0,1,1,0,1,0,1,0,"Yes"
1.63666068663825,1.53369048870132,2.58211937338333,0,0,1,0,1,0,1,1,0,0,1,0,1,0,1,0,0,0,1,0,1,0,1,1,1,0,0,"No"
-1.1822488316148,-0.808570096712513,-0.953117021780703,0,0,1,1,0,1,0,0,0,0,0,0,1,0,0,0,0,0,0,0,1,0,0,0,0,0,1,"No"
-1.22310259274891,0.579806113831294,-0.912258385756752,1,0,0,0,1,0,1,1,0,0,0,0,1,0,0,0,0,0,0,0,0,0,0,1,0,1,0,"Yes"
1.10556179189492,1.41216595228681,1.7337539774373,0,0,1,0,1,0,1,1,0,0,1,0,1,0,1,0,1,0,0,0,1,1,0,1,1,0,0,"No"
1.59580692550415,0.291809609725684,1.2913367552485,1,0,1,1,1,0,0,0,0,0,0,0,1,0,0,0,1,0,1,0,1,0,1,1,1,0,0,"No"
-1.1005413093466,-0.65874532579052,-0.896384927594436,0,0,1,1,1,0,0,0,0,0,0,0,0,0,0,0,0,0,0,0,0,0,0,0,0,0,1,"No"
-1.26395635388301,-0.412366813607686,-0.970985747030461,0,0,0,0,1,0,0,0,0,0,0,0,0,0,0,0,1,0,0,0,0,0,0,1,0,1,0,"Yes"
1.26897683643133,-0.798581778651047,0.153790649429203,1,0,0,1,0,1,0,0,0,0,1,0,1,0,0,0,1,0,0,0,0,1,0,1,0,0,0,"No"
0.574462897151591,1.51204913290148,1.16731982094682,0,1,0,0,1,0,1,1,0,0,1,0,1,0,1,0,0,0,1,0,1,1,0,1,0,1,0,"Yes"
-1.0596875482125,-0.652086447082876,-0.86168944990725,0,0,0,0,0,1,0,0,0,0,0,0,0,0,0,0,0,0,1,0,1,0,0,0,1,0,0,"No"
-0.0383435198599417,0.569817795769828,0.135921924179445,1,0,0,0,1,0,1,1,0,0,0,0,0,0,0,0,1,0,0,0,0,1,0,0,1,0,0,"No"
-0.487734892335066,-1.29966240140127,-0.769153396318551,0,0,1,1,1,0,1,0,1,1,0,1,0,1,0,1,0,1,0,1,0,0,0,1,0,0,0,"No"
-1.26395635388301,-1.4844462855384,-0.985262991522824,0,0,1,1,1,0,0,0,1,1,0,1,0,1,0,1,0,1,0,1,0,0,0,0,0,1,0,"No"
0.288486569212876,-1.35792759009316,-0.593392535549216,1,0,1,1,1,0,1,0,1,1,0,1,0,1,0,1,0,1,0,1,0,0,1,1,0,0,1,"No"
0.574462897151591,-0.012834091149036,0.34025944356781,0,0,1,0,1,0,0,0,0,0,0,0,1,0,0,0,1,0,1,0,0,0,1,1,1,0,0,"No"
-1.0596875482125,0.691342332184334,-0.777112295034014,1,0,0,0,1,0,0,1,0,0,0,0,1,0,0,0,0,0,1,0,0,0,0,1,0,1,0,"Yes"
-1.26395635388301,0.165290914280445,-0.963292883926657,1,0,0,0,1,0,0,1,0,0,0,0,0,0,0,0,0,0,0,0,0,0,0,1,0,1,0,"Yes"
0.411047852615182,-1.30965071946274,-0.502763070510739,0,0,1,0,1,0,1,0,1,1,0,1,0,1,0,1,0,1,0,1,0,0,1,0,0,1,0,"No"
-1.1005413093466,-1.48278156586148,-0.952385423848641,1,1,0,0,1,0,0,0,1,1,0,1,0,1,0,1,0,1,0,1,0,0,0,0,0,0,0,"No"
-0.283466086664555,0.666371537030668,-0.0683047470373963,0,0,0,0,1,0,1,1,0,0,0,0,0,0,0,0,0,0,1,0,0,0,0,1,0,0,1,"No"
0.942146747358511,1.30229445361069,1.51403073184133,0,0,1,1,1,0,0,1,0,0,0,0,1,0,1,0,1,0,1,0,1,1,0,1,0,0,0,"No"
1.55495316437004,0.779572475060619,1.66021730044791,1,0,1,0,1,0,1,1,0,0,1,0,1,0,0,0,1,0,0,0,0,0,1,1,1,0,0,"No"
0.451901613749285,0.484917092247365,0.58727350899313,1,0,1,1,1,0,0,0,0,0,1,0,0,0,1,0,1,0,1,0,1,0,1,1,1,0,0,"No"
0.615316658285693,1.28231781748775,1.17374901489525,1,0,0,0,1,0,1,1,0,0,0,0,1,0,1,0,0,0,1,0,1,1,0,1,0,1,0,"No"
1.22812307529723,-1.29133880301671,-0.300686853821474,0,0,0,0,1,0,1,0,1,1,0,1,0,1,0,1,0,1,0,1,0,0,1,1,1,0,0,"No"
-0.651149936871475,0.827849345691039,-0.359968455952807,0,0,1,1,1,0,0,1,0,0,0,0,1,0,1,0,0,0,1,0,0,0,0,1,1,0,0,"Yes"
-0.732857459139679,-1.29966240140127,-0.828989239307506,0,0,1,1,1,0,1,0,1,1,0,1,0,1,0,1,0,1,0,1,0,0,0,0,0,0,1,"No"
1.14641555302902,0.87779093599837,1.42386682912325,1,0,1,1,1,0,0,1,0,0,0,0,1,0,1,0,0,0,1,0,0,1,0,0,0,1,0,"Yes"
0.247632808078774,-1.31630959817038,-0.566722465480408,1,0,1,1,1,0,1,0,1,1,0,1,0,1,0,1,0,1,0,1,0,0,1,0,1,0,0,"No"
1.55495316437004,0.31678040487935,1.32139877936596,0,0,1,1,1,0,0,0,0,0,1,0,1,0,1,0,1,0,0,0,1,1,0,0,1,0,0,"No"
1.14641555302902,0.954368041136278,1.5662623902637,1,1,1,1,1,0,1,1,0,0,1,0,1,0,0,0,0,0,0,0,1,0,0,1,0,1,0,"No"
1.22812307529723,0.226885542326154,0.995505155083763,1,0,1,1,1,0,0,0,0,0,1,0,0,0,1,0,1,0,0,0,1,1,0,0,1,0,0,"No"
-1.26395635388301,-0.672063083205808,-0.974444209982028,1,0,0,0,1,0,0,0,0,0,0,0,0,0,0,0,0,0,0,0,0,0,0,0,0,0,1,"Yes"
0.492755374883387,-1.47112852812311,-0.592616598348544,1,0,0,0,1,0,0,0,1,1,0,1,0,1,0,1,0,1,0,1,0,0,1,0,1,0,0,"No"
-0.814564981407883,-1.49110516424604,-0.892327884516637,0,0,1,1,1,0,0,0,1,1,0,1,0,1,0,1,0,1,0,1,0,1,0,0,0,0,0,"Yes"
1.35068435869953,0.674695135415223,1.42643850670262,0,0,0,0,1,0,0,0,0,0,1,0,1,0,1,0,1,0,1,0,1,0,1,1,0,0,0,"No"
-0.814564981407883,-1.04662501051079,-0.796931948102604,0,0,1,1,0,1,0,0,0,0,1,0,0,0,0,0,1,0,0,0,0,1,0,0,1,0,0,"No"
1.63666068663825,0.839502383429416,1.89255506796338,0,0,1,1,1,0,1,0,0,0,1,0,1,0,1,0,1,0,1,0,1,0,1,0,1,0,0,"No"
-1.22310259274891,-1.32296847687802,-0.966640498706699,1,0,0,0,1,0,1,0,1,1,0,1,0,1,0,1,0,1,0,1,0,0,0,0,0,0,1,"No"
-1.1005413093466,-0.00783993211830321,-0.837768414492251,0,0,0,0,1,0,0,0,0,0,1,0,0,0,0,0,1,0,1,0,0,0,0,1,0,1,0,"No"
1.22812307529723,1.18409935655,1.84963465594907,0,0,0,1,1,0,1,1,0,0,0,0,0,0,1,0,0,0,1,0,1,1,0,1,0,1,0,"Yes"
1.63666068663825,0.714648407661088,1.80352181659486,1,0,0,0,1,0,1,0,0,0,1,0,1,0,0,0,1,0,1,0,1,0,1,0,1,0,0,"No"
-1.26395635388301,-0.458978964561195,-0.971606496790999,1,0,0,0,1,0,0,0,0,0,0,0,1,0,0,0,0,0,0,0,0,0,0,0,0,1,0,"Yes"
1.39153811983363,0.81286686859884,1.62126525297418,0,0,1,0,1,0,1,1,0,0,1,0,1,0,0,0,1,0,0,0,0,1,0,0,0,1,0,"No"
1.63666068663825,0.00714254497389625,1.09857178496729,1,0,1,1,0,1,0,0,0,0,1,0,1,0,1,0,1,0,1,0,1,0,1,1,1,0,0,"No"
1.30983059756543,0.959362200167011,1.58743439102489,1,0,1,1,1,0,1,1,0,0,1,0,0,0,1,0,0,0,0,0,1,0,1,0,0,0,0,"No"
-0.487734892335066,0.301797927787151,-0.345225649140041,1,1,1,0,1,0,0,1,0,0,0,0,1,0,0,0,0,0,0,0,0,0,0,1,0,1,0,"Yes"
-0.406027370066861,1.00098019208979,-0.0609887677167756,1,0,0,0,1,0,1,1,0,0,0,0,0,0,0,0,0,0,1,0,1,0,0,1,1,0,0,"Yes"
-1.1413950704807,0.533193962877785,-0.852622069476541,1,0,1,0,1,0,0,1,0,0,0,0,0,0,1,0,1,0,0,0,0,0,0,1,0,0,1,"Yes"
1.22812307529723,-0.8518528083122,0.0422773888755001,1,0,1,0,0,1,0,0,0,0,0,0,0,0,0,0,1,0,1,0,0,0,1,1,0,0,0,"No"
1.10556179189492,0.698001210891978,1.26036577612454,1,0,1,0,1,0,1,1,0,0,0,0,0,0,0,0,0,0,0,0,1,1,0,0,0,1,0,"Yes"
-1.1822488316148,-1.27136216689378,-0.940369482055379,1,0,0,1,1,0,1,0,1,1,0,1,0,1,0,1,0,1,0,1,0,0,1,1,0,0,1,"No"
1.02385426962672,1.09753393335063,1.48798141153306,1,0,1,1,1,0,0,1,0,0,0,0,1,0,1,0,0,0,1,0,1,1,0,1,1,0,0,"No"
1.14641555302902,-0.458978964561195,0.348196172648968,0,0,0,0,0,1,0,0,0,0,0,0,1,0,0,0,0,0,1,0,1,0,0,1,0,1,0,"Yes"
-0.692003698005577,1.34890660456419,-0.292351071322828,0,0,0,0,1,0,0,1,0,0,1,0,0,0,1,0,1,0,1,0,1,0,0,0,0,1,0,"Yes"
0.778731702822102,-0.14767638497883,0.37018844987944,0,0,0,1,0,1,0,0,0,0,1,0,0,0,1,0,1,0,1,0,1,1,0,0,0,0,0,"No"
1.14641555302902,0.0054778252969853,0.796953910248979,0,0,0,0,1,0,1,0,0,0,1,0,0,0,1,0,1,0,0,0,0,1,0,0,0,1,0,"No"
-0.896272503676088,1.5153785722553,-0.531539255838514,1,0,0,0,1,0,0,1,0,0,1,0,1,0,1,0,1,0,1,0,1,0,0,1,0,1,0,"Yes"
-0.242612325530453,-1.50775236101515,-0.770572252914065,1,1,0,0,1,0,0,0,1,1,0,1,0,1,0,1,0,1,0,1,0,1,0,0,1,0,0,"No"
1.43239188096774,1.55366712482425,2.33647982528492,0,0,1,0,1,0,1,1,0,0,1,0,0,0,1,0,1,0,1,0,1,1,0,1,0,1,0,"No"
0.697024180553898,-0.958394867634507,-0.204005078617757,0,0,1,1,0,1,0,0,0,0,1,0,0,0,0,0,1,0,0,0,0,1,0,1,1,0,0,"No"
-1.26395635388301,-1.48278156586148,-0.985240821888519,1,0,0,0,1,0,0,0,1,1,0,1,0,1,0,1,0,1,0,1,0,0,0,1,0,0,1,"No"
-1.01883378707839,0.658047938646113,-0.723816494165008,0,1,0,0,1,0,0,1,0,0,0,0,0,0,1,0,0,0,1,0,0,0,0,1,0,1,0,"No"
-0.201758564396351,1.52869632967059,0.27290809454949,0,1,0,0,1,0,1,1,0,0,1,0,1,0,1,0,0,0,1,0,1,1,0,1,0,0,0,"No"
0.206779046944671,0.886114534382926,0.445809072493492,1,0,1,1,1,0,0,1,0,0,0,0,0,0,0,0,0,0,1,0,1,1,0,0,1,0,0,"No"
-0.0383435198599417,0.822855186660306,0.257566707610492,1,0,1,1,1,0,1,1,0,0,1,0,0,0,1,0,1,0,0,0,0,0,0,0,0,1,0,"No"
0.737877941688,1.30728861264142,1.23076931432748,1,0,1,1,1,0,1,1,0,0,0,0,1,0,1,0,0,0,1,0,1,0,0,1,0,0,0,"Yes"
0.00251024127416045,0.549841159646895,0.167225447817979,1,1,0,0,1,0,1,1,0,0,0,0,0,0,1,0,0,0,0,0,0,0,0,1,1,0,0,"No"
1.26897683643133,0.553170599000718,1.20735818050149,0,0,1,0,1,0,1,1,0,0,0,0,0,0,0,0,1,0,0,0,0,1,0,1,1,0,0,"No"
-0.0791972809940439,0.98932715435141,0.194028535692617,1,0,0,0,1,0,1,1,0,0,1,0,1,0,0,0,0,0,0,0,1,0,0,1,1,0,0,"No"
1.59580692550415,1.71514493348462,2.69070624220879,1,0,1,0,1,0,1,1,0,0,1,0,1,0,1,0,1,0,1,0,1,0,1,1,0,0,0,"No"
0.860439225090306,1.36388908165639,1.52533724533683,0,0,0,0,1,0,1,1,0,0,0,0,1,0,1,0,0,0,1,0,1,0,1,0,0,1,0,"No"
-0.814564981407883,1.14248136462723,-0.497109813762987,0,0,0,0,1,0,0,1,0,0,1,0,0,0,0,0,1,0,1,0,1,0,0,1,0,0,0,"Yes"
0.737877941688,0.992656593705232,1.18509986765936,1,0,1,0,1,0,1,1,0,0,1,0,1,0,0,0,0,0,0,0,1,0,0,1,1,0,0,"No"
-1.22310259274891,-1.50109348230751,-0.981915376742783,0,0,0,0,1,0,0,0,1,1,0,1,0,1,0,1,0,1,0,1,0,0,0,0,0,0,1,"No"
-0.93712626481019,1.12250472850429,-0.584657699633081,0,0,0,0,1,0,1,1,0,0,0,0,0,0,1,0,0,0,1,0,1,0,0,0,1,0,0,"Yes"
-0.610296175737372,0.97434467725921,-0.273329525089214,1,0,0,0,1,0,0,1,0,0,1,0,0,0,0,0,0,0,1,0,1,0,0,0,0,1,0,"Yes"
0.983000508492613,1.3655538013333,1.69666417924519,0,0,1,0,1,0,0,1,0,0,1,0,1,0,1,0,0,0,1,0,1,1,0,1,1,0,0,"No"
1.43239188096774,0.55816475803145,1.39956890992507,1,0,1,1,1,0,0,0,0,0,1,0,1,0,1,0,0,0,1,0,1,0,1,0,1,0,0,"No"
-0.93712626481019,1.19575239428838,-0.586830323794962,1,1,0,0,1,0,1,1,0,0,0,0,0,0,1,0,0,0,1,0,1,0,0,1,0,1,0,"Yes"
-1.1413950704807,-0.272530360747158,-0.890000072914621,1,0,0,0,1,0,0,0,0,0,0,0,0,0,0,0,0,0,1,0,0,0,0,1,0,1,0,"No"
-0.977980025944292,-1.48611100521531,-0.918355035190602,0,0,0,1,1,0,0,0,1,1,0,1,0,1,0,1,0,1,0,1,0,0,0,0,0,0,1,"No"
1.59580692550415,1.55366712482425,2.54598286946633,0,0,0,0,1,0,1,1,0,0,0,0,1,0,1,0,1,0,1,0,1,0,1,1,0,1,0,"No"
1.63666068663825,1.38220099810242,2.48583665159711,1,0,1,1,1,0,1,1,0,0,1,0,0,0,1,0,0,0,1,0,1,1,0,1,0,0,0,"No"
1.63666068663825,-1.31131543913965,-0.196511742222697,1,0,1,1,1,0,1,0,1,1,0,1,0,1,0,1,0,1,0,1,0,0,1,1,0,0,0,"No"
-1.26395635388301,0.298468488433328,-0.961519313182264,1,1,1,0,1,0,1,1,0,0,0,0,0,0,0,0,0,0,0,0,0,0,0,1,0,1,0,"Yes"
-0.365173608932759,0.360063116479037,-0.265392796008056,0,1,0,0,1,0,0,1,0,0,1,0,0,0,0,0,0,0,0,0,0,0,0,1,0,0,0,"No"
1.63666068663825,0.0321133401275619,1.13745732353811,1,0,0,0,0,1,0,0,0,0,1,0,1,0,1,0,1,0,1,0,1,0,1,1,0,0,0,"No"
-0.446881131200964,1.33059468811817,-0.0011972639964304,0,0,0,0,1,0,0,1,0,0,0,0,1,0,1,0,1,0,1,0,1,1,0,1,0,0,1,"No"
-0.814564981407883,-1.4694638084462,-0.880910522849608,1,0,0,0,1,0,0,0,1,1,0,1,0,1,0,1,0,1,0,1,0,0,0,0,0,0,1,"No"
-0.651149936871475,0.360063116479037,-0.466759584399563,1,0,1,0,1,0,1,1,0,0,0,0,0,0,0,0,0,0,0,0,0,0,0,1,0,1,0,"No"
1.26897683643133,0.503229008693386,1.12801305932422,0,0,1,0,1,0,1,0,0,0,1,0,1,0,0,0,0,0,1,0,1,1,0,1,1,0,0,"No"
-1.1822488316148,0.49324069063192,-0.903213174960348,0,1,0,0,1,0,1,1,0,0,0,0,1,0,0,0,0,0,0,0,0,0,0,1,0,1,0,"Yes"
-0.773711220273781,0.551505879323807,-0.571887990273452,0,0,0,0,1,0,0,1,0,0,0,0,1,0,1,0,0,0,0,0,0,0,0,1,0,1,0,"Yes"
-0.0791972809940439,0.727966165076377,0.131221961706804,0,0,1,1,1,0,0,1,0,0,0,0,0,0,1,0,0,0,0,0,1,1,0,0,0,1,0,"No"
1.63666068663825,-1.50775236101515,-0.415592068423829,1,0,1,0,1,0,0,0,1,1,0,1,0,1,0,1,0,1,0,1,0,0,1,0,1,0,0,"No"
-1.1413950704807,0.62142410575407,-0.857543728292231,0,1,1,0,1,0,1,1,0,0,0,0,0,0,0,0,0,0,1,0,0,0,0,1,0,1,0,"No"
-1.30481011501711,0.54151756126234,-0.994130845244789,0,0,1,1,1,0,0,0,0,0,1,0,1,0,1,0,0,0,1,0,1,0,1,0,0,0,1,"No"
-1.0596875482125,0.481587652893543,-0.801476723135111,0,0,0,0,1,0,1,1,0,0,1,0,0,0,0,0,0,0,0,0,0,0,0,1,0,1,0,"Yes"
1.35068435869953,1.44712506550195,2.16233734781984,0,0,1,0,1,0,1,1,0,0,0,0,1,0,1,0,1,0,1,0,1,1,0,1,1,0,0,"No"
-0.692003698005577,-1.48777572489222,-0.852045658984613,0,0,0,0,1,0,0,0,1,1,0,1,0,1,0,1,0,1,0,1,0,0,0,0,0,0,1,"No"
-0.324319847798657,-1.44948717232326,-0.758445462949279,0,0,0,1,1,0,0,0,1,1,0,1,0,1,0,1,0,1,0,1,0,1,0,0,0,0,0,"No"
-0.773711220273781,-1.14650819112545,-0.824666160618048,0,0,0,1,0,1,0,0,0,0,0,0,1,0,0,0,0,0,0,0,0,0,0,0,0,1,0,"No"
-0.324319847798657,0.508223167724119,-0.106902080362247,1,0,0,0,1,0,0,1,0,0,0,0,0,0,0,0,0,0,0,0,1,0,0,1,1,0,0,"No"
1.63666068663825,0.0304486204506509,1.18722815255263,0,0,1,0,0,1,0,0,0,0,1,0,1,0,1,0,1,0,1,0,1,0,1,0,0,0,0,"No"
0.901292986224409,1.31561221102597,1.50917558192855,0,0,1,1,1,0,1,1,0,0,1,0,1,0,0,0,0,0,1,0,1,0,0,1,0,0,0,"No"
-1.1822488316148,0.326768722940816,-0.898446703584792,0,0,0,0,1,0,1,1,0,0,0,0,0,0,0,0,0,0,0,0,0,0,0,0,0,0,0,"Yes"
-1.1413950704807,-1.46779908876929,-0.959723572803567,1,0,1,1,1,0,0,0,1,1,0,1,0,1,0,1,0,1,0,1,0,0,0,1,0,0,1,"No"
0.125071524676467,1.14747552365796,0.511542038207554,1,1,0,0,1,0,1,1,0,0,0,0,0,0,1,0,0,0,1,0,1,0,0,1,0,1,0,"Yes"
0.125071524676467,-1.46779908876929,-0.657440609056104,1,0,1,1,1,0,0,0,1,1,0,1,0,1,0,1,0,1,0,1,0,0,1,0,0,0,0,"No"
-1.22310259274891,-0.653751166759787,-0.956375958023525,1,1,0,0,1,0,0,0,0,0,0,0,0,0,0,0,0,0,0,0,0,0,0,0,0,0,1,"Yes"
-0.977980025944292,0.366721995186681,-0.756671892204886,0,0,0,0,1,0,0,1,0,0,0,0,1,0,0,0,0,0,0,0,0,0,0,0,0,1,0,"No"
-0.406027370066861,-0.315813072346845,-0.438493300660802,1,0,0,0,1,0,0,0,0,0,1,0,0,0,0,0,1,0,0,0,0,0,0,0,0,0,1,"No"
-0.692003698005577,-0.187629657224695,-0.570624321118072,0,0,0,0,1,0,0,0,0,0,1,0,0,0,1,0,1,0,0,0,0,0,0,0,0,1,0,"No"
-0.406027370066861,1.01596266918199,-0.0352498222887739,1,0,0,0,1,0,1,1,0,0,0,0,0,0,0,0,0,0,1,0,1,0,0,1,0,1,0,"No"
-1.26395635388301,-0.662074765144342,-0.974311192176198,1,0,1,0,1,0,0,0,0,0,0,0,0,0,0,0,0,0,0,0,0,0,0,0,1,0,0,"Yes"
1.59580692550415,-1.30299184075509,-0.190104717908578,0,0,1,1,1,0,1,0,1,1,0,1,0,1,0,1,0,1,0,1,0,0,1,0,0,0,0,"No"
-1.1413950704807,-0.260877323008781,-0.88543312824781,1,0,0,0,1,0,0,0,0,0,1,0,0,0,1,0,0,0,0,0,0,0,0,0,0,1,0,"No"
-0.283466086664555,0.571482515446739,-0.094575763688716,1,0,0,0,1,0,1,0,0,0,1,0,1,0,1,0,1,0,0,0,1,0,0,0,0,0,0,"No"
0.00251024127416045,0.716313127337999,0.213559983515243,0,0,1,1,1,0,0,1,0,0,0,0,1,0,0,0,0,0,1,0,0,0,0,1,0,1,0,"No"
-1.01883378707839,-1.15816122886383,-0.896384927594436,1,1,1,0,0,1,0,0,0,0,1,0,0,0,0,0,0,0,0,0,0,0,0,0,0,0,0,"No"
-0.610296175737372,-1.46779908876929,-0.831937800670059,1,0,0,0,1,0,0,0,1,1,0,1,0,1,0,1,0,1,0,1,0,1,0,1,0,0,1,"No"
-0.977980025944292,-0.122705589825165,-0.749400252152875,1,1,1,0,1,0,0,0,0,0,1,0,0,0,0,0,0,0,1,0,0,0,0,0,0,0,0,"No"
-0.977980025944292,1.18909351558073,-0.625072942970934,1,1,0,0,1,0,0,1,0,0,1,0,0,0,0,0,1,0,1,0,1,0,0,0,1,0,0,"Yes"
-1.01883378707839,-1.50941708069206,-0.944337846595958,1,0,0,0,1,0,0,0,1,1,0,1,0,1,0,1,0,1,0,1,0,0,0,0,0,1,0,"Yes"
-1.1822488316148,-1.45614605103091,-0.967239078832931,1,0,0,1,1,0,0,0,1,1,0,1,0,1,0,1,0,1,0,1,0,0,0,0,0,0,1,"No"
0.697024180553898,0.97434467725921,1.10449107732671,1,0,1,0,1,0,1,1,0,0,1,0,1,0,0,0,0,0,1,0,0,0,0,1,0,0,0,"No"
0.492755374883387,-1.13984931241781,-0.391249809957036,1,1,1,0,0,1,0,0,0,0,0,0,1,0,0,0,0,0,0,0,0,0,0,1,0,1,0,"Yes"
1.10556179189492,0.378375032925058,1.01991392245347,0,0,1,1,1,0,0,0,0,0,0,0,1,0,0,0,1,0,1,0,1,0,1,1,1,0,0,"No"
-1.26395635388301,0.176943952018823,-0.963137696486523,1,0,0,0,1,0,0,1,0,0,0,0,0,0,0,0,0,0,0,0,0,0,0,1,0,1,0,"Yes"
-0.855418742541986,0.355068957448304,-0.600109934743604,0,0,0,0,1,0,1,1,0,0,0,0,0,0,0,0,0,0,0,0,0,0,0,0,0,1,0,"No"
1.22812307529723,1.3039591732876,1.8361998575603,1,1,1,0,1,0,1,1,0,0,0,0,1,0,1,0,0,0,1,0,1,1,0,1,0,1,0,"Yes"
0.125071524676467,-0.320807231377578,-0.144590458680595,0,0,1,1,1,0,0,0,0,0,1,0,0,0,0,0,1,0,0,0,0,1,0,1,0,0,0,"No"
-0.487734892335066,-1.50109348230751,-0.811009665886223,0,0,0,0,1,0,0,0,1,1,0,1,0,1,0,1,0,1,0,1,0,0,0,1,0,0,0,"No"
0.329340330346978,-1.49776404295368,-0.635448331825632,1,0,1,1,1,0,0,0,1,1,0,1,0,1,0,1,0,1,0,1,0,0,1,0,0,0,1,"No"
0.288486569212876,-0.557197425498946,-0.157714882189103,0,0,0,0,1,0,0,0,0,0,1,0,0,0,0,0,0,0,0,0,0,1,0,1,0,1,0,"No"
-1.26395635388301,0.73296032410711,-0.955733038628683,1,0,0,0,1,0,1,1,0,0,0,0,0,0,0,0,0,0,0,0,1,0,0,1,0,1,0,"Yes"
1.63666068663825,-1.35959230977007,-0.249563677114349,0,0,1,1,1,0,1,0,1,1,0,1,0,1,0,1,0,1,0,1,0,0,1,0,0,0,0,"No"
-1.26395635388301,-1.49276988392295,-0.985373839694349,1,0,0,0,1,0,0,0,1,1,0,1,0,1,0,1,0,1,0,1,0,0,0,0,0,0,0,"No"
1.06470803076082,-1.33961567364714,-0.362806169143835,0,0,0,0,1,0,1,0,1,1,0,1,0,1,0,1,0,1,0,1,0,0,1,0,1,0,0,"No"
-0.406027370066861,-1.30965071946274,-0.747870547385836,0,0,1,1,1,0,1,0,1,1,0,1,0,1,0,1,0,1,0,1,0,0,1,0,1,0,0,"No"
-0.896272503676088,-1.28135048495525,-0.894123624895335,0,0,1,1,1,0,1,0,1,1,0,1,0,1,0,1,0,1,0,1,0,0,1,0,1,0,0,"No"
-0.773711220273781,-1.4844462855384,-0.875102078661721,1,0,0,0,1,0,0,0,1,1,0,1,0,1,0,1,0,1,0,1,0,0,1,0,1,0,0,"No"
0.125071524676467,0.689677612507423,0.299467316446774,0,0,0,0,1,0,1,1,0,0,0,0,1,0,0,0,1,0,0,0,0,0,0,0,1,0,0,"Yes"
0.0842177635423648,0.180273391372645,0.0771502236371253,0,0,0,0,1,0,0,1,0,0,0,0,0,0,0,0,0,0,0,0,0,0,0,1,1,0,0,"Yes"
-1.1413950704807,0.98932715435141,-0.805932819630398,0,1,0,0,1,0,1,1,0,0,0,0,0,0,0,0,0,0,1,0,1,0,0,1,0,1,0,"Yes"
1.63666068663825,-1.46114021006164,-0.332544618317632,1,0,1,0,1,0,0,0,1,1,0,1,0,1,0,1,0,1,0,1,0,0,1,0,0,0,0,"No"
-1.01883378707839,1.02428626756654,-0.701092619002474,0,0,0,0,1,0,0,1,0,0,0,0,0,0,1,0,0,0,1,0,1,0,0,1,0,1,0,"Yes"
-0.201758564396351,0.363392555832859,-0.154367267409061,1,1,1,0,1,0,1,1,0,0,0,0,0,0,0,0,0,0,0,0,0,0,0,1,0,1,0,"Yes"
-1.1413950704807,0.165290914280445,-0.867808268975405,1,0,1,1,1,0,0,1,0,0,0,0,0,0,0,0,0,0,0,0,0,0,0,1,0,0,1,"No"
0.206779046944671,-1.48944044456913,-0.646400131172258,0,0,0,0,1,0,0,0,1,1,0,1,0,1,0,1,0,1,0,1,0,0,1,0,0,0,1,"No"
-0.446881131200964,-1.4844462855384,-0.808925720261561,1,0,0,0,1,0,0,0,1,1,0,1,0,1,0,1,0,1,0,1,0,0,0,0,0,0,1,"No"
0.860439225090306,1.04093346433565,1.23003771639542,0,1,1,0,1,0,1,1,0,0,0,0,0,0,0,0,0,0,1,0,1,1,0,1,1,0,0,"No"
-1.1822488316148,-0.480620320361038,-0.92281113168589,1,0,0,0,1,0,0,0,0,0,1,0,0,0,0,0,0,0,0,0,0,0,0,1,0,0,1,"No"
-0.93712626481019,1.04259818401256,-0.627245567132815,1,0,0,0,1,0,0,1,0,0,0,0,0,0,0,0,1,0,1,0,1,0,0,1,0,0,0,"No"
-1.26395635388301,-0.502261676160882,-0.972182907282927,0,0,0,0,1,0,0,0,0,0,0,0,1,0,0,0,0,0,0,0,0,0,0,0,0,1,0,"No"
-0.56944241460327,-0.237571247532026,-0.554795202224366,1,0,1,1,1,0,0,0,0,0,0,0,0,0,1,0,0,0,0,0,1,0,0,0,0,1,0,"Yes"
-0.814564981407883,-0.364089942977266,-0.685374348280292,1,0,1,1,1,0,0,0,0,0,0,0,0,0,0,0,0,0,0,0,1,1,0,0,1,0,0,"Yes"
1.59580692550415,0.516546766108674,1.48239466368822,1,0,1,0,1,0,1,0,0,0,1,0,1,0,1,0,1,0,0,0,1,0,1,1,0,0,1,"No"
1.30983059756543,-1.33795095397022,-0.284170476264316,0,0,0,0,1,0,1,0,1,1,0,1,0,1,0,1,0,1,0,1,0,1,0,1,0,0,0,"No"
-1.1413950704807,-0.816893695097069,-0.922101703388133,1,0,0,0,0,1,0,0,0,0,0,0,0,0,0,0,1,0,0,0,1,0,0,1,0,1,0,"No"
-0.365173608932759,-1.50109348230751,-0.785647604241405,0,0,0,0,1,0,0,0,1,1,0,1,0,1,0,1,0,1,0,1,0,0,0,1,0,0,1,"No"
0.288486569212876,-0.45065536617664,-0.0780815557658621,0,0,1,1,1,0,0,0,0,0,1,0,0,0,0,0,0,0,0,0,0,0,0,0,1,0,0,"No"
-0.160904803262248,-0.340783867500511,-0.36165334815998,1,0,1,0,1,0,0,0,0,0,1,0,0,0,0,0,1,0,0,0,0,1,0,0,0,0,1,"No"
-1.1005413093466,0.66970097638449,-0.820099215951236,0,1,0,0,1,0,0,1,0,0,0,0,1,0,0,0,0,0,1,0,0,0,0,1,0,1,0,"No"
0.533609136017489,0.716313127337999,0.71800784248919,0,1,1,0,1,0,0,1,0,0,0,0,0,0,1,0,0,0,0,0,1,0,0,1,0,1,0,"No"
1.14641555302902,1.51204913290148,1.96256677309829,0,1,1,0,1,0,0,1,0,0,1,0,1,0,1,0,1,0,1,0,1,0,1,1,0,0,0,"No"
0.615316658285693,1.00930379047434,1.05223724927003,0,0,0,0,1,0,1,1,0,0,1,0,0,0,1,0,0,0,1,0,0,1,0,0,1,0,0,"No"
-1.1822488316148,0.789560793122085,-0.8727520974254,0,1,1,1,1,0,0,1,0,0,1,0,0,0,0,0,1,0,1,0,0,0,0,1,0,0,1,"Yes"
0.737877941688,0.171949792988089,0.583327314086855,0,0,1,1,1,0,0,1,0,0,0,0,0,0,0,0,0,0,0,0,0,0,0,1,0,0,0,"No"
-0.201758564396351,0.233544421033798,-0.126367019281959,1,0,1,1,1,0,1,0,0,0,0,0,0,0,0,0,1,0,1,0,1,0,0,0,0,0,0,"No"
-0.977980025944292,0.916079488567324,-0.670476354027391,0,1,0,0,1,0,0,1,0,0,0,0,0,0,1,0,0,0,1,0,1,0,0,1,0,1,0,"Yes"
1.22812307529723,-1.36292174912389,-0.365954257215133,0,0,1,0,1,0,1,0,1,1,0,1,0,1,0,1,0,1,0,1,0,0,1,0,0,0,0,"No"
1.47324564210184,1.66853278253111,2.48643523172334,1,0,1,1,1,0,1,1,0,0,1,0,1,0,1,0,1,0,1,0,1,0,1,1,0,0,0,"No"
0.983000508492613,0.543182280939251,1.02663132164786,1,0,1,0,1,0,0,1,0,0,0,0,0,0,0,0,0,0,0,0,1,1,0,1,0,1,0,"No"
0.247632808078774,0.494905410308831,0.341833487603459,1,0,1,0,1,0,0,1,0,0,1,0,1,0,0,0,0,0,0,0,0,0,0,1,0,1,0,"Yes"
-0.732857459139679,0.86114373922926,-0.43275136537583,1,1,0,0,1,0,0,1,0,0,0,0,0,0,0,0,0,0,1,0,1,0,0,0,1,0,0,"Yes"
-0.651149936871475,-1.50775236101515,-0.834354290809294,0,0,0,1,1,0,0,0,1,1,0,1,0,1,0,1,0,1,0,1,0,1,0,1,0,0,0,"No"
-0.732857459139679,0.186932270080289,-0.530120399242999,0,0,1,1,1,0,0,1,0,0,0,0,0,0,0,0,0,0,0,0,0,0,0,0,0,1,0,"No"
0.00251024127416045,0.171949792988089,0.0469108424452267,1,0,1,1,1,0,0,1,0,0,0,0,0,0,0,0,0,0,0,0,0,0,0,1,0,0,0,"Yes"
-0.977980025944292,-0.344113306854333,-0.79560177004431,0,0,0,0,1,0,0,0,0,0,1,0,0,0,0,0,1,0,0,0,0,1,0,0,0,0,0,"No"
0.819585463956204,0.313450965525528,0.725190804003982,0,0,0,0,1,0,1,0,0,0,1,0,0,0,1,0,1,0,1,0,0,1,0,0,1,0,0,"No"
-1.1822488316148,-0.477290881007216,-0.926602139152029,1,0,0,0,1,0,0,0,0,0,0,0,0,0,0,0,1,0,0,0,0,0,0,1,0,0,1,"No"
-0.120051042128146,-1.49110516424604,-0.740421550259386,1,0,0,0,1,0,0,0,1,1,0,1,0,1,0,1,0,1,0,1,0,1,0,1,0,0,1,"No"
-1.26395635388301,-1.49609932327677,-0.985418178962958,0,0,0,0,1,0,0,0,1,1,0,1,0,1,0,1,0,1,0,1,0,0,0,0,0,0,1,"Yes"
-0.814564981407883,-0.697033878359474,-0.760485069305331,1,1,0,0,0,1,0,0,0,0,0,0,0,0,1,0,1,0,0,0,1,0,0,1,0,1,0,"Yes"
-0.651149936871475,-0.968383185695973,-0.749067707638301,0,0,1,1,0,1,0,0,0,0,0,0,0,0,0,0,0,0,0,0,1,0,0,1,1,0,0,"No"
-1.1005413093466,-0.83520561154309,-0.900685836649588,0,0,0,0,0,1,0,0,0,0,0,0,0,0,1,0,0,0,0,0,1,0,0,0,0,1,0,"Yes"
0.329340330346978,1.08255145625843,0.649503672487015,1,0,1,0,1,0,1,1,0,0,0,0,0,0,0,0,0,0,1,0,1,0,0,1,0,0,0,"Yes"
0.165925285810569,-1.4994287626306,-0.718894835349317,0,0,0,0,1,0,0,0,1,1,0,1,0,1,0,1,0,1,0,1,0,1,0,0,0,0,1,"No"
-1.1005413093466,0.513217326754853,-0.811231362229272,0,0,0,0,1,0,0,1,0,0,0,0,0,0,0,0,0,0,0,0,1,0,0,1,0,1,0,"Yes"
-0.896272503676088,0.66970097638449,-0.625205960776763,0,0,0,0,1,0,0,1,0,0,1,0,0,0,0,0,0,0,1,0,0,0,0,1,0,0,1,"Yes"
-1.22310259274891,0.831178785044861,-0.911859332339263,1,0,1,1,1,0,0,1,0,0,0,0,0,0,0,0,0,0,1,0,1,0,0,1,0,0,0,"Yes"
-0.365173608932759,0.866137898259993,-0.132530177618724,1,0,0,0,1,0,1,1,0,0,0,0,0,0,0,0,1,0,1,0,0,0,0,1,0,1,0,"Yes"
-0.242612325530453,-1.48278156586148,-0.769818485347698,1,0,1,1,1,0,0,0,1,1,0,1,0,1,0,1,0,1,0,1,0,1,0,1,0,0,0,"No"
0.0842177635423648,-0.478955600684127,-0.189240102170686,0,0,1,0,1,0,0,0,0,0,0,0,0,0,0,0,1,0,0,0,0,0,0,0,0,0,0,"No"
-0.896272503676088,-0.0777581585485667,-0.722353298300883,1,0,0,0,1,0,0,0,0,0,1,0,0,0,0,0,1,0,1,0,0,0,0,0,0,0,0,"No"
-0.732857459139679,-0.295836436223913,-0.641567150893787,0,0,0,0,1,0,0,0,0,0,1,0,0,0,0,0,1,0,0,0,0,1,0,0,0,0,1,"No"
0.615316658285693,-1.49609932327677,-0.562665422402609,1,0,1,0,1,0,0,0,1,1,0,1,0,1,0,1,0,1,0,1,0,0,1,0,0,0,1,"No"
-0.324319847798657,0.821190466983395,-0.0141443304304986,1,0,1,0,1,0,0,1,0,0,1,0,0,0,0,0,1,0,0,0,1,0,0,1,0,1,0,"No"
0.697024180553898,1.14747552365796,1.15798640490446,1,0,1,0,1,0,1,1,0,0,0,0,1,0,0,0,0,0,1,0,1,0,0,1,0,0,0,"Yes"
-0.487734892335066,-0.352436905238888,-0.525952507993676,1,1,0,0,1,0,0,0,0,0,1,0,0,0,0,0,1,0,0,0,0,1,0,0,0,0,1,"No"
-1.22310259274891,0.171949792988089,-0.930038432469291,0,0,0,0,1,0,0,1,0,0,0,0,0,0,0,0,0,0,0,0,0,0,0,0,0,0,0,"Yes"
-1.22310259274891,-0.517244153253081,-0.953737771541241,0,0,0,0,1,0,0,0,0,0,0,0,1,0,0,0,0,0,0,0,0,0,0,1,1,0,0,"Yes"
-0.406027370066861,-0.260877323008781,-0.415569898789524,1,0,0,0,0,1,0,0,0,0,0,0,0,0,1,0,1,0,1,0,1,0,1,0,0,0,0,"No"
1.10556179189492,1.06756897916623,1.48035505733217,0,0,1,1,1,0,1,1,0,0,0,0,1,0,0,0,1,0,0,0,1,0,0,1,0,0,0,"No"
1.06470803076082,-1.3346215146164,-0.329972940738262,0,0,1,1,1,0,1,0,1,1,0,1,0,1,0,1,0,1,0,1,0,1,0,1,1,0,0,"No"
-1.1822488316148,0.165290914280445,-0.905363629487925,0,0,1,1,1,0,0,1,0,0,0,0,0,0,0,0,0,0,0,0,0,0,0,1,0,1,0,"No"
0.00251024127416045,-1.48278156586148,-0.721688209271736,1,0,0,0,1,0,0,0,1,1,0,1,0,1,0,1,0,1,0,1,0,0,1,1,0,0,0,"No"
0.574462897151591,1.14081664495031,1.02991242752498,1,1,1,0,1,0,1,1,0,0,0,0,0,0,1,0,0,0,1,0,1,0,0,1,0,1,0,"No"
-1.30481011501711,-1.29300352269363,-0.994130845244789,1,0,1,1,1,0,1,0,1,1,0,1,0,1,0,1,0,1,0,1,0,0,1,0,0,0,1,"No"
-1.22310259274891,0.544847000616162,-0.918244187019078,1,0,0,0,1,0,0,1,0,0,0,0,0,0,0,0,0,0,0,0,1,0,0,1,0,1,0,"Yes"
-0.651149936871475,0.338421760679193,-0.493385315199762,0,0,0,0,1,0,1,1,0,0,0,0,0,0,0,0,0,0,0,0,0,0,0,1,1,0,0,"No"
0.778731702822102,1.42714842937901,1.5247386652106,0,0,0,0,1,0,1,1,0,0,1,0,1,0,1,0,0,0,1,0,1,1,0,0,0,0,0,"No"
-0.120051042128146,0.358398396802126,0.000798003091011594,1,0,0,0,1,0,0,0,0,0,0,0,0,0,1,0,1,0,1,0,1,1,0,1,0,0,0,"No"
1.55495316437004,0.0121367040046296,1.01144512214899,1,0,1,0,1,0,0,0,0,0,1,0,1,0,1,0,1,0,0,0,0,0,1,0,1,0,0,"No"
-1.01883378707839,0.554835318677629,-0.73691874803921,0,0,1,0,1,0,0,0,0,0,1,0,0,0,1,0,1,0,1,0,1,0,0,0,0,0,0,"No"
-0.283466086664555,0.859479019552349,-0.0281555393112024,1,0,1,1,1,0,0,1,0,0,0,0,0,0,0,0,0,0,1,0,1,1,0,1,0,1,0,"Yes"
1.43239188096774,0.831178785044861,1.68331805939363,1,0,1,1,1,0,1,1,0,0,1,0,1,0,0,0,1,0,0,0,0,1,0,0,0,1,0,"No"
-0.692003698005577,-1.32463319655494,-0.85040510604605,1,0,0,1,1,0,1,0,1,1,0,1,0,1,0,1,0,1,0,1,0,0,0,1,0,1,0,"No"
-0.487734892335066,-1.4844462855384,-0.808947889895866,0,0,1,1,1,0,0,0,1,1,0,1,0,1,0,1,0,1,0,1,0,0,0,0,0,1,0,"No"
-1.1822488316148,-0.280853959131714,-0.919574365077373,1,0,1,1,1,0,0,0,0,0,0,0,1,0,1,0,0,0,0,0,0,0,0,1,0,0,1,"Yes"
0.901292986224409,1.35223604391802,1.50565061007407,1,0,1,1,1,0,1,1,0,0,0,0,1,0,0,0,1,0,1,0,1,1,0,1,0,1,0,"No"
0.411047852615182,-1.4994287626306,-0.621947024533941,1,0,0,0,1,0,0,0,1,1,0,1,0,1,0,1,0,1,0,1,0,1,0,1,0,0,1,"No"
-0.93712626481019,0.504893728370297,-0.653117530366646,0,0,1,0,1,0,0,1,0,0,0,0,0,0,0,0,0,0,0,0,1,0,0,1,0,1,0,"No"
1.26897683643133,1.09420449399681,1.77840362092739,0,0,0,0,1,0,1,1,0,0,0,0,1,0,0,0,0,0,1,0,1,0,1,0,0,0,0,"No"
1.51409940323594,-1.33129207526258,-0.250095748337667,0,0,0,0,1,0,1,0,1,1,0,1,0,1,0,1,0,1,0,1,0,0,1,0,1,0,0,"No"
0.329340330346978,-0.480620320361038,-0.0814070009115988,1,0,1,0,1,0,0,0,0,0,0,0,1,0,0,0,0,0,0,0,0,0,0,1,0,0,1,"No"
1.14641555302902,-0.831876172189268,0.0808747222003504,1,0,0,0,0,1,0,0,0,0,1,0,1,0,1,0,0,0,0,0,0,0,1,0,0,0,0,"No"
1.59580692550415,0.841167103106327,1.79633885508007,0,1,0,0,1,0,1,0,0,0,1,0,1,0,1,0,1,0,1,0,1,0,1,0,0,0,1,"No"
0.206779046944671,0.478258213539721,0.264949195834027,0,0,1,0,1,0,1,1,0,0,0,0,0,0,1,0,0,0,0,0,0,0,0,1,1,0,0,"Yes"
0.247632808078774,-1.34294511300096,-0.588692573076574,0,0,0,0,1,0,1,0,1,1,0,1,0,1,0,1,0,1,0,1,0,1,0,1,0,1,0,"No"
0.656170419419795,1.35390076359493,1.22172410353108,0,0,1,1,1,0,1,1,0,0,1,0,1,0,0,0,0,0,1,0,1,0,0,1,1,0,0,"No"
1.55495316437004,-0.169317740778674,0.843643160095122,1,0,1,1,0,1,0,0,0,0,1,0,0,0,1,0,1,0,1,0,1,0,1,0,0,0,0,"No"
-0.487734892335066,0.198585307818666,-0.331901698922789,1,0,0,0,1,0,0,1,0,0,0,0,0,0,0,0,0,0,0,0,0,0,0,0,1,0,0,"No"
0.737877941688,0.596453310600405,0.858851529228291,0,0,0,0,1,0,1,0,0,0,1,0,0,0,1,0,1,0,1,0,1,1,0,1,1,0,0,"No"
-0.528588653469168,-0.657080606113609,-0.597937310581722,0,0,0,0,0,1,0,0,0,0,0,0,0,0,0,0,0,0,1,0,1,1,0,1,1,0,0,"Yes"
-0.283466086664555,-0.0993995143484102,-0.279825227940553,1,0,1,1,1,0,0,0,0,0,1,0,1,0,1,0,0,0,0,0,0,1,0,1,0,0,0,"No"
-0.814564981407883,-0.517244153253081,-0.731176812754238,1,0,0,0,1,0,0,0,0,0,0,0,1,0,0,0,0,0,0,0,0,0,0,1,0,0,0,"No"
0.288486569212876,1.36721852101022,0.905718136148873,1,1,1,0,1,0,1,1,0,0,0,0,1,0,1,0,0,0,1,0,1,0,0,1,0,1,0,"Yes"
-1.01883378707839,0.335092321325371,-0.752681358030002,1,0,0,0,1,0,0,1,0,0,0,0,0,0,1,0,0,0,0,0,0,0,0,0,0,0,1,"Yes"
-0.201758564396351,-1.50442292166133,-0.759221400149951,1,0,0,0,1,0,0,0,1,1,0,1,0,1,0,1,0,1,0,1,0,0,0,1,0,1,0,"No"
0.615316658285693,0.714648407661088,0.719847922136498,1,1,0,0,1,0,1,1,0,0,0,0,0,0,0,0,0,0,1,0,0,0,0,1,1,0,0,"No"
-0.242612325530453,-1.51274652004588,-0.765451067389631,1,0,1,1,1,0,0,0,1,1,0,1,0,1,0,1,0,1,0,1,0,0,1,1,1,0,0,"No"
-0.732857459139679,0.00381310562007436,-0.576898327626362,0,0,1,0,1,0,1,0,0,0,1,0,0,0,0,0,0,0,1,0,0,0,0,1,0,0,0,"Yes"
-0.855418742541986,1.31394749134906,-0.491478726649539,0,1,1,0,1,0,1,1,0,0,0,0,0,0,1,0,1,0,1,0,1,0,0,1,0,0,0,"Yes"
-1.22310259274891,-1.50941708069206,-0.97269280887194,1,0,0,1,1,0,0,0,1,1,0,1,0,1,0,1,0,1,0,1,0,0,0,0,0,0,1,"No"
1.63666068663825,1.6668680628542,2.70108163106349,0,1,1,0,1,0,1,1,0,0,1,0,1,0,1,0,1,0,1,0,1,0,1,1,0,0,0,"No"
1.26897683643133,-1.4844462855384,-0.457958239580514,0,0,1,1,1,0,0,0,1,1,0,1,0,1,0,1,0,1,0,1,0,0,1,0,1,0,0,"No"
1.59580692550415,-1.49110516424604,-0.375043807280146,1,0,1,1,1,0,0,0,1,1,0,1,0,1,0,1,0,1,0,1,0,0,1,0,0,0,1,"No"
-0.855418742541986,0.0187955827122738,-0.67340274575564,1,0,1,1,1,0,1,0,0,0,1,0,0,0,0,0,0,0,1,0,0,0,0,1,0,0,0,"No"
-0.732857459139679,-1.49609932327677,-0.89274910756843,1,1,1,0,1,0,0,0,1,1,0,1,0,1,0,1,0,1,0,1,0,1,0,0,0,0,1,"No"
-0.773711220273781,0.811202148921929,-0.479019392170179,0,0,0,1,1,0,1,0,0,0,1,0,1,0,1,0,1,0,1,0,1,0,1,0,1,0,0,"No"
-1.0596875482125,-1.47778740683075,-0.950523174567029,1,0,0,1,1,0,0,0,1,1,0,1,0,1,0,1,0,1,0,1,0,0,0,1,0,0,1,"No"
-0.855418742541986,0.353404237771393,-0.650368495712837,1,1,1,1,1,0,1,1,0,0,0,0,0,0,0,0,0,0,0,0,0,0,0,1,1,0,0,"No"
-0.56944241460327,-0.25921260333187,-0.517638895129334,1,0,1,0,1,0,1,0,0,0,0,0,1,0,0,0,0,0,0,0,0,0,0,0,1,0,0,"No"
-1.26395635388301,-0.966718466019062,-0.978368235253997,1,0,0,0,0,1,0,0,0,0,0,0,0,0,0,0,0,0,0,0,1,0,0,1,0,1,0,"Yes"
-1.1822488316148,-0.144346945625008,-0.918532392265042,0,0,0,0,1,0,1,0,0,0,0,0,0,0,0,0,0,0,1,0,0,0,0,1,0,1,0,"No"
0.37019409148108,-0.806905377035602,-0.250184426874887,0,0,0,0,0,1,0,0,0,0,0,0,1,0,0,0,0,0,0,0,1,0,0,1,0,1,0,"No"
0.819585463956204,-0.00950465179521415,0.518104249961807,0,0,1,0,1,0,0,0,0,0,1,0,0,0,1,0,0,0,1,0,0,1,0,1,0,0,1,"No"
0.533609136017489,-1.32962735558567,-0.489195254316134,0,0,1,1,1,0,1,0,1,1,0,1,0,1,0,1,0,1,0,1,0,0,1,1,0,0,0,"No"
1.55495316437004,0.383369191955791,1.33999910254778,1,0,1,0,1,0,1,0,0,0,0,0,1,0,1,0,1,0,1,0,0,0,1,0,1,0,0,"No"
1.22812307529723,1.11085169076592,1.63809200541161,0,1,1,0,1,0,1,1,0,0,0,0,1,0,1,0,0,0,1,0,0,1,0,1,1,0,0,"No"
1.14641555302902,0.982668275643766,1.43384316456046,0,0,1,0,1,0,1,1,0,0,1,0,1,0,0,0,0,0,0,0,1,0,0,1,1,0,0,"No"
-1.1822488316148,0.526535084170141,-0.894788713924482,0,1,1,0,1,0,0,1,0,0,0,0,0,0,0,0,0,0,1,0,0,0,0,1,0,1,0,"Yes"
-0.365173608932759,1.01596266918199,0.0372227122539806,0,1,1,0,1,0,0,1,0,0,1,0,0,0,0,0,0,0,1,0,1,0,0,1,0,1,0,"No"
-1.26395635388301,-1.10655491887959,-0.980230484535609,1,0,0,1,0,1,0,0,0,0,0,0,1,0,0,0,0,0,0,0,0,0,0,1,0,0,1,"Yes"
1.43239188096774,0.258515216187463,1.21906374741449,0,0,0,0,1,0,0,0,0,0,1,0,0,0,1,0,1,0,0,0,1,1,0,1,0,0,0,"No"
1.59580692550415,0.603112189308049,1.59138058593116,0,1,1,0,1,0,1,0,0,0,1,0,1,0,1,0,1,0,0,0,1,0,1,1,0,0,0,"No"
-0.283466086664555,-1.48777572489222,-0.767645861185817,1,0,0,0,1,0,0,0,1,1,0,1,0,1,0,1,0,1,0,1,0,1,0,0,1,0,0,"No"
-1.1005413093466,-0.359095783946533,-0.868229492027198,0,0,0,0,1,0,1,0,0,0,1,0,0,0,0,0,0,0,0,0,0,0,0,1,0,1,0,"No"
-1.26395635388301,-1.49609932327677,-0.985418178962958,1,0,1,1,1,0,0,0,1,1,0,1,0,1,0,1,0,1,0,1,0,1,0,0,0,0,1,"No"
1.55495316437004,-0.683716120944185,0.341212737842921,1,1,0,0,0,1,0,0,0,0,0,0,1,0,1,0,0,0,1,0,0,1,0,1,1,0,0,"No"
1.14641555302902,0.992656593705232,1.49341297193776,1,0,1,0,1,0,0,1,0,0,0,0,1,0,0,0,0,0,1,0,1,1,0,1,0,1,0,"Yes"
-0.732857459139679,-0.344113306854333,-0.651299620353643,0,0,0,0,1,0,1,0,0,0,0,0,1,0,0,0,0,0,0,0,0,1,0,1,0,0,1,"No"
-0.773711220273781,0.513217326754853,-0.537724583809584,0,0,0,0,1,0,1,1,0,0,1,0,0,0,0,0,0,0,0,0,0,0,0,1,1,0,0,"No"
-1.0596875482125,1.50871969354765,-0.697301611536334,0,0,0,0,1,0,1,1,0,0,0,0,1,0,1,0,1,0,1,0,1,0,0,1,1,0,0,"Yes"
0.574462897151591,0.486581811924276,0.599333790055001,0,0,0,0,1,0,1,0,0,0,1,0,0,0,1,0,0,0,1,0,1,0,1,0,0,0,1,"No"
-0.692003698005577,1.22405262879587,-0.305120780682457,1,0,0,0,1,0,0,1,0,0,0,0,0,0,1,0,1,0,1,0,1,0,0,1,0,1,0,"Yes"
0.451901613749285,0.98932715435141,0.758666951804397,1,1,1,0,1,0,1,1,0,0,0,0,1,0,0,0,1,0,1,0,0,0,0,1,0,1,0,"No"
-0.446881131200964,-0.151005824332653,-0.446030976324472,1,1,0,0,1,0,0,0,0,0,0,0,0,0,1,0,0,0,1,0,0,0,0,1,0,0,0,"Yes"
1.02385426962672,-0.360760503623444,0.422952179525129,1,0,0,0,0,1,0,0,0,0,1,0,0,0,1,0,0,0,1,0,1,0,0,1,0,1,0,"No"
-0.56944241460327,0.776243035706797,-0.328820119754407,1,0,1,1,1,0,0,1,0,0,1,0,0,0,1,0,0,0,1,0,0,0,0,1,0,0,1,"No"
1.06470803076082,-0.117711430794432,0.548321461519401,0,0,1,0,1,0,1,0,0,0,1,0,0,0,0,0,1,0,0,0,0,1,0,1,0,0,0,"No"
1.59580692550415,1.31394749134906,2.29298300277868,0,1,0,0,1,0,1,1,0,0,0,0,0,0,1,0,0,0,1,0,1,0,1,0,0,0,0,"No"
-1.1822488316148,0.702995369922711,-0.88028977308907,1,0,0,0,1,0,0,1,0,0,0,0,0,0,1,0,0,0,0,0,1,0,0,0,1,0,0,"No"
0.247632808078774,1.34058300617964,0.729447373790525,1,0,0,0,1,0,1,1,0,0,1,0,1,0,0,0,0,0,1,0,1,1,0,1,0,1,0,"No"
0.125071524676467,0.151973156865157,0.109983452042699,1,0,1,1,1,0,1,0,0,0,1,0,1,0,1,0,1,0,0,0,0,0,1,1,1,0,0,"No"
-1.01883378707839,0.86114373922926,-0.730999455679799,1,0,0,0,1,0,1,1,0,0,0,0,0,0,1,0,0,0,1,0,0,0,0,1,0,1,0,"Yes"
0.615316658285693,0.328433442617727,0.5623105007658,0,0,0,0,1,0,0,0,0,0,0,0,0,0,1,0,1,0,1,0,1,0,1,0,0,0,1,"No"
-0.732857459139679,-0.470632002299572,-0.654735913670905,0,0,0,0,1,0,0,0,0,0,0,0,1,0,0,0,0,0,0,0,0,0,0,0,0,1,0,"No"
-0.487734892335066,-0.152670544009564,-0.435744266006993,0,1,1,0,1,0,0,0,0,0,0,0,1,0,0,0,0,0,0,0,1,0,0,1,0,1,0,"No"
1.39153811983363,0.688012892830512,1.4615330378073,1,0,1,0,1,0,1,0,0,0,1,0,1,0,0,0,1,0,1,0,1,0,1,0,0,1,0,"No"
0.411047852615182,-1.45947549038473,-0.619707891469145,0,0,0,0,1,0,0,0,1,1,0,1,0,1,0,1,0,1,0,1,0,0,1,1,0,0,0,"No"
-0.610296175737372,0.47659349386281,-0.396016281332592,0,0,1,0,1,0,1,1,0,0,1,0,0,0,0,0,0,0,0,0,0,0,0,0,0,1,0,"No"
1.14641555302902,-1.31797431784729,-0.32680268303266,0,0,0,0,1,0,1,0,1,1,0,1,0,1,0,1,0,1,0,1,0,0,1,0,0,0,1,"No"
-0.56944241460327,-1.29966240140127,-0.786689577053736,1,0,1,1,0,1,0,0,0,0,0,0,0,0,0,0,0,0,0,0,0,0,0,0,1,0,0,"No"
-1.26395635388301,0.343415919709927,-0.960920733056032,1,0,0,0,1,0,1,1,0,0,0,0,0,0,0,0,0,0,0,0,0,0,0,1,0,1,0,"Yes"
-0.93712626481019,0.160296755249712,-0.74075409477396,0,0,0,1,1,0,0,0,0,0,0,0,0,0,0,0,1,0,1,0,1,0,0,1,1,0,0,"No"
0.983000508492613,0.951038601782456,1.33543215788096,1,0,1,0,1,0,1,1,0,0,1,0,1,0,1,0,0,0,0,0,0,1,0,1,0,1,0,"No"
-0.855418742541986,0.0587488549581384,-0.665665543383226,0,0,1,1,1,0,1,0,0,0,0,0,0,0,0,0,1,0,0,0,1,0,0,1,0,1,0,"Yes"
-1.01883378707839,0.165290914280445,-0.762968068347481,1,0,0,0,1,0,0,1,0,0,0,0,0,0,0,0,0,0,0,0,0,0,0,1,0,1,0,"No"
1.51409940323594,-1.47778740683075,-0.367772167228135,0,0,1,1,1,0,0,0,1,1,0,1,0,1,0,1,0,1,0,1,0,0,1,0,0,0,0,"No"
-0.528588653469168,0.712983687984177,-0.314653723433568,1,0,0,0,1,0,1,1,0,0,0,0,0,0,0,0,0,0,0,0,1,0,0,1,0,0,0,"Yes"
-1.1822488316148,0.523205644816319,-0.883260504085928,0,0,1,1,1,0,0,1,0,0,0,0,0,0,0,0,0,0,0,0,1,0,0,1,0,1,0,"Yes"
0.901292986224409,-1.47112852812311,-0.510566781786068,1,0,1,1,1,0,0,0,1,1,0,1,0,1,0,1,0,1,0,1,0,0,1,0,1,0,0,"No"
1.22812307529723,-1.35959230977007,-0.352630306997881,1,0,1,0,1,0,1,0,1,1,0,1,0,1,0,1,0,1,0,1,0,1,0,1,1,0,0,"No"
-0.324319847798657,0.864473178583082,0.0179351304087079,1,0,0,0,1,0,1,1,0,0,0,0,1,0,0,0,0,0,1,0,0,0,0,1,1,0,0,"Yes"
-0.610296175737372,0.0387722188352061,-0.501432892452444,1,0,0,0,1,0,1,0,0,0,1,0,0,0,0,0,0,0,0,0,1,0,0,0,0,0,0,"No"
-0.93712626481019,-1.33129207526258,-0.909841895617517,1,0,0,0,0,1,0,0,0,0,0,0,0,0,0,0,0,0,0,0,0,0,0,1,0,0,1,"No"
1.30983059756543,0.155302596218979,0.977968974348578,1,0,1,1,1,0,0,0,0,0,1,0,0,0,1,0,1,0,1,0,0,0,1,0,0,0,1,"No"
-1.22310259274891,0.376710313248147,-0.930570503692609,0,0,0,0,1,0,1,1,0,0,0,0,0,0,0,0,0,0,0,0,0,0,0,1,0,1,0,"Yes"
-1.26395635388301,-0.623786212575388,-0.973801290587185,1,0,1,1,1,0,0,0,0,0,0,0,0,0,0,0,0,0,0,0,0,0,0,1,0,0,1,"Yes"
-0.651149936871475,-0.487279199068683,-0.634894090968009,0,0,1,0,0,1,0,0,0,0,0,0,0,0,0,0,1,0,1,0,1,0,0,1,0,1,0,"Yes"
1.63666068663825,-1.32962735558567,-0.182700060050738,0,0,1,0,1,0,1,0,1,1,0,1,0,1,0,1,0,1,0,1,0,0,1,0,0,0,0,"No"
-0.0791972809940439,0.859479019552349,0.256524734798161,1,0,0,0,1,0,1,1,0,0,1,0,1,0,1,0,0,0,0,0,0,1,0,0,0,0,0,"No"
0.615316658285693,0.752936960230042,0.787177101520513,1,0,1,1,1,0,1,1,0,0,0,0,1,0,0,0,0,0,1,0,0,0,0,0,0,1,0,"No"
0.0842177635423648,0.456616857739877,0.142861019716882,1,0,1,1,1,0,0,1,0,0,0,0,0,0,0,0,0,0,1,0,0,0,0,0,0,1,0,"Yes"
1.55495316437004,-1.32796263590876,-0.246615115751796,0,0,1,1,1,0,1,0,1,1,0,1,0,1,0,1,0,1,0,1,0,0,1,0,0,0,0,"No"
0.901292986224409,1.37387739971786,1.58936314920942,1,0,0,1,1,0,0,1,0,0,1,0,1,0,0,0,1,0,1,0,1,1,0,1,0,1,0,"No"
1.18726931416312,1.12250472850429,1.69573305460438,1,1,1,0,1,0,1,1,0,0,0,0,1,0,1,0,1,0,1,0,0,1,0,1,0,0,1,"No"
-1.1822488316148,0.411669426463279,-0.892859955739955,1,0,0,0,1,0,1,1,0,0,0,0,0,0,0,0,0,0,0,0,0,0,0,1,0,1,0,"Yes"
-0.773711220273781,-1.50275820198442,-0.874326141461049,1,0,0,0,1,0,0,0,1,1,0,1,0,1,0,1,0,1,0,1,0,1,0,0,0,0,1,"No"
-0.651149936871475,1.05092178239712,-0.316094749663388,0,1,0,0,1,0,1,1,0,0,0,0,0,0,0,0,0,0,1,0,1,0,0,1,0,1,0,"Yes"
-1.1822488316148,-0.19595325560925,-0.919374838368628,0,0,1,1,1,0,0,0,0,0,0,0,1,0,0,0,0,0,1,0,0,0,0,1,1,0,0,"No"
-0.283466086664555,-1.47945212650766,-0.756317178056007,1,0,0,0,1,0,0,0,1,1,0,1,0,1,0,1,0,1,0,1,0,0,0,1,0,0,1,"No"
-0.446881131200964,-1.20144394046352,-0.715081658248873,0,0,1,0,0,1,0,0,0,0,1,0,0,0,0,0,0,0,0,0,0,0,0,0,0,1,0,"No"
-1.26395635388301,-0.642098129021409,-0.974045156564539,1,0,0,0,1,0,0,0,0,0,0,0,0,0,0,0,0,0,0,0,0,0,0,0,0,1,0,"Yes"
-0.692003698005577,-1.50442292166133,-0.865857341156573,0,0,0,0,1,0,0,0,1,1,0,1,0,1,0,1,0,1,0,1,0,0,0,0,0,0,0,"Yes"
-0.365173608932759,0.86114373922926,-0.0553576806033283,1,1,1,0,1,0,0,1,0,0,0,0,0,0,0,0,0,0,1,0,1,0,0,1,0,1,0,"No"
-0.855418742541986,0.851155421167794,-0.55608104101405,0,0,0,0,1,0,1,1,0,0,0,0,0,0,0,0,1,0,1,0,0,0,0,0,0,1,0,"Yes"
-1.26395635388301,-0.650421727405965,-0.974156004736064,1,0,0,0,1,0,0,0,0,0,0,0,0,0,0,0,0,0,0,0,0,0,0,0,0,0,1,"Yes"
0.983000508492613,1.28564725684158,1.55287193114353,0,0,1,0,1,0,1,1,0,0,0,0,0,0,1,0,1,0,1,0,1,0,1,0,0,0,0,"No"
-1.26395635388301,0.373380873894325,-0.960521679638543,0,0,0,0,1,0,0,1,0,0,0,0,1,0,0,0,0,0,0,0,0,0,0,0,0,1,0,"Yes"
0.942146747358511,0.806207989891196,1.136504029263,0,1,1,0,1,0,0,1,0,0,0,0,0,0,1,0,1,0,1,0,0,0,1,0,1,0,0,"No"
1.63666068663825,0.709654248630356,1.71533101132992,0,0,1,1,1,0,1,0,0,0,1,0,0,0,1,0,1,0,1,0,1,0,1,1,1,0,0,"No"
0.615316658285693,-1.47945212650766,-0.530253417048829,0,0,0,0,1,0,0,0,1,1,0,1,0,1,0,1,0,1,0,1,0,0,1,0,0,0,1,"No"
0.574462897151591,1.02095682821272,0.967527076590965,0,1,0,0,1,0,0,1,0,0,0,0,1,0,0,0,0,0,1,0,1,1,0,0,1,0,0,"Yes"
-1.22310259274891,-0.475626161330305,-0.953006173609178,1,0,0,0,1,0,0,0,0,0,0,0,1,0,0,0,0,0,0,0,0,0,0,1,0,0,1,"No"
-1.22310259274891,0.518211485785586,-0.90786879816438,0,0,1,0,1,0,0,1,0,0,1,0,0,0,0,0,1,0,0,0,0,0,0,1,0,1,0,"No"
-0.814564981407883,-0.443996487468996,-0.722730182084067,0,0,1,0,1,0,0,0,0,0,0,0,1,0,0,0,0,0,0,0,0,0,0,1,0,1,0,"No"
1.51409940323594,1.01929210853581,1.96405213859672,1,0,1,1,1,0,0,1,0,0,0,0,0,0,0,0,1,0,1,0,1,0,1,1,1,0,0,"No"
0.983000508492613,1.00597435112052,1.34002127218208,1,1,0,1,1,0,0,1,0,0,1,0,0,0,0,0,0,0,1,0,1,1,0,0,1,0,0,"No"
-1.1413950704807,0.521540925139408,-0.859472486476759,0,1,0,0,1,0,1,1,0,0,1,0,0,0,0,0,0,0,0,0,0,0,0,1,0,1,0,"No"
1.10556179189492,1.51704329193221,1.86488736435085,1,0,1,0,1,0,1,1,0,0,1,0,1,0,1,0,0,0,1,0,1,1,0,1,0,1,0,"Yes"
1.22812307529723,1.6968330170386,2.18013956416669,1,0,1,1,1,0,1,1,0,0,1,0,1,0,1,0,1,0,1,0,1,0,1,0,0,0,0,"No"
0.860439225090306,-0.365754662654177,0.282485376569212,0,0,0,0,0,1,0,0,0,0,1,0,1,0,1,0,1,0,1,0,0,1,0,1,0,1,0,"No"
-1.1005413093466,-1.50275820198442,-0.955976904606037,1,0,1,1,1,0,0,0,1,1,0,1,0,1,0,1,0,1,0,1,0,0,0,0,0,0,1,"No"
1.59580692550415,1.15912856139634,2.18421877687879,0,1,1,0,1,0,0,1,0,0,1,0,1,0,1,0,1,0,1,0,0,0,1,1,0,1,0,"No"
0.165925285810569,-0.129364468532809,-0.00334771852400674,1,0,1,1,0,1,0,0,0,0,1,0,0,0,1,0,1,0,1,0,1,1,0,0,1,0,0,"No"
-0.283466086664555,-1.45281661167709,-0.774584956723254,1,0,1,0,1,0,0,0,1,1,0,1,0,1,0,1,0,1,0,1,0,1,0,1,0,0,0,"No"
0.165925285810569,-1.50941708069206,-0.692712497235217,0,0,0,0,1,0,0,0,1,1,0,1,0,1,0,1,0,1,0,1,0,1,0,1,0,0,0,"No"
-1.26395635388301,-0.0594462421025454,-0.96628578455782,1,0,0,0,1,0,0,0,0,0,0,0,0,0,0,0,0,0,1,0,1,0,0,1,0,0,1,"No"
1.63666068663825,1.36222436197948,2.3508235786802,0,0,1,0,1,0,1,1,0,0,1,0,0,0,1,0,0,0,1,0,1,0,1,1,0,1,0,"No"
1.10556179189492,-1.48944044456913,-0.467269485988576,1,0,1,1,1,0,0,0,1,1,0,1,0,1,0,1,0,1,0,1,0,0,1,0,0,0,1,"No"
-1.01883378707839,0.82951406536795,-0.694087014562122,1,1,1,0,1,0,0,1,0,0,0,0,0,0,0,0,0,0,1,0,1,0,0,1,0,1,0,"Yes"
-0.0791972809940439,1.42881314905592,0.443569939428696,0,0,1,1,1,0,1,1,0,0,0,0,1,0,1,0,1,0,1,0,1,0,0,1,0,1,0,"No"
1.30983059756543,-1.4994287626306,-0.444257405580079,1,0,0,0,1,0,0,0,1,1,0,1,0,1,0,1,0,1,0,1,0,0,1,0,0,0,1,"No"
1.63666068663825,0.661377377999935,1.62181949383181,1,1,1,0,1,0,1,0,0,0,1,0,1,0,1,0,0,0,1,0,1,0,1,0,1,0,0,"No"
-0.977980025944292,0.346745359063749,-0.713485444578919,1,0,1,0,1,0,0,1,0,0,1,0,0,0,0,0,0,0,0,0,0,0,0,0,0,1,0,"Yes"
1.43239188096774,1.55200240514734,2.3449707952237,1,0,1,1,1,0,1,1,0,0,0,0,1,0,1,0,1,0,1,0,1,0,1,1,0,0,0,"No"
-1.0596875482125,-0.660410045467431,-0.873993596946475,1,0,0,0,1,0,0,0,0,0,0,0,0,0,0,0,0,0,0,0,0,0,0,0,0,1,0,"Yes"
1.55495316437004,0.533193962877785,1.42688189938872,0,0,1,1,1,0,1,0,0,0,1,0,0,0,0,0,1,0,1,0,1,0,1,1,0,0,0,"No"
-0.855418742541986,-0.683716120944185,-0.779661802979079,0,0,1,0,1,0,0,0,0,0,0,0,0,0,0,0,0,0,0,0,0,0,0,1,0,1,0,"Yes"
1.39153811983363,-0.212600452378361,0.695550002938316,0,0,1,1,1,0,0,0,0,0,1,0,1,0,0,0,1,0,0,0,0,0,1,1,1,0,0,"No"
0.533609136017489,0.546511720293073,0.572641550351888,0,0,1,1,1,0,0,0,0,0,1,0,0,0,1,0,1,0,1,0,1,0,1,1,0,0,1,"No"
-0.692003698005577,0.699665930568889,-0.397523816465326,1,1,1,0,1,0,1,1,0,0,0,0,0,0,0,0,0,0,0,0,1,0,0,1,0,0,0,"Yes"
-0.160904803262248,-0.167653021101763,-0.264106957218371,0,0,0,0,1,0,0,0,0,0,0,0,0,0,1,0,0,0,1,0,0,0,0,1,0,0,0,"No"
1.55495316437004,1.6968330170386,2.60958755028712,0,0,0,0,1,0,1,1,0,0,1,0,1,0,1,0,1,0,1,0,1,1,0,0,1,0,0,"Yes"
-0.651149936871475,0.73296032410711,-0.426144814352966,1,1,0,0,1,0,1,1,0,0,0,0,0,0,0,0,0,0,1,0,0,0,0,1,0,1,0,"Yes"
0.0842177635423648,1.10086337270445,0.428073365049563,0,0,1,0,1,0,1,1,0,0,0,0,0,0,0,0,0,0,1,0,1,0,0,1,0,1,0,"Yes"
0.411047852615182,-0.648757007729053,-0.0855970617952269,1,0,1,1,0,1,0,0,0,0,0,0,1,0,1,0,0,0,0,0,1,1,0,1,1,0,0,"No"
0.656170419419795,0.211903065233954,0.615029891142878,1,0,0,0,1,0,1,0,0,0,1,0,0,0,0,0,1,0,0,0,1,1,0,1,0,0,0,"No"
0.615316658285693,1.49706665580928,1.27805714429985,1,0,1,0,1,0,1,1,0,0,0,0,1,0,1,0,1,0,1,0,1,0,0,1,0,1,0,"Yes"
0.288486569212876,0.831178785044861,0.546414872969178,0,0,1,1,1,0,1,1,0,0,0,0,1,0,1,0,1,0,0,0,0,1,0,1,0,1,0,"Yes"
-1.01883378707839,-1.48611100521531,-0.928730424045301,1,0,0,0,1,0,0,0,1,1,0,1,0,1,0,1,0,1,0,1,0,0,0,1,0,0,1,"No"
-0.977980025944292,0.070401892696516,-0.737406479993918,1,0,0,0,1,0,0,0,0,0,1,0,0,0,1,0,0,0,0,0,1,0,0,1,0,1,0,"No"
-1.26395635388301,-1.50275820198442,-0.985506857500178,1,0,0,1,1,0,0,0,1,1,0,1,0,1,0,1,0,1,0,1,0,0,0,1,0,0,1,"Yes"
0.00251024127416045,1.00597435112052,0.394375520906098,1,0,1,1,1,0,0,1,0,0,1,0,1,0,1,0,0,0,0,0,1,1,0,0,0,0,1,"No"
1.14641555302902,0.042101658189028,0.747648643554857,1,0,1,1,1,0,0,0,0,0,1,0,1,0,1,0,1,0,0,0,0,1,0,1,0,0,0,"No"
-0.896272503676088,-1.48611100521531,-0.910883868429847,0,0,1,0,1,0,0,0,1,1,0,1,0,1,0,1,0,1,0,1,0,0,0,1,0,0,0,"No"
1.59580692550415,-1.32962735558567,-0.235862843113914,0,0,1,0,1,0,1,0,1,1,0,1,0,1,0,1,0,1,0,1,0,0,1,1,0,0,0,"No"
-1.1413950704807,-1.47279324780002,-0.960277813661189,0,0,1,1,1,0,0,0,1,1,0,1,0,1,0,1,0,1,0,1,0,0,0,0,0,0,1,"Yes"
-1.26395635388301,0.155302596218979,-0.963425901732487,0,1,0,0,1,0,0,1,0,0,0,0,0,0,0,0,0,0,0,0,0,0,0,1,0,1,0,"Yes"
0.451901613749285,-0.443996487468996,-0.0401271418358544,0,0,1,1,0,1,0,0,0,0,1,0,1,0,0,0,1,0,1,0,0,1,0,1,0,0,0,"No"
1.10556179189492,1.16245800075016,1.64897729585532,1,0,1,0,1,0,1,1,0,0,0,0,0,0,1,0,0,0,1,0,1,1,0,1,0,0,0,"Yes"
-0.365173608932759,-0.344113306854333,-0.452504509541506,0,0,1,0,1,0,0,0,0,0,0,0,0,0,1,0,1,0,0,0,0,0,0,0,0,1,0,"No"
1.63666068663825,-1.50442292166133,-0.330615860133104,0,0,1,0,1,0,0,0,1,1,0,1,0,1,0,1,0,1,0,1,0,0,1,0,0,0,0,"No"
-0.406027370066861,-0.277524519777891,-0.421178816268666,1,0,1,0,1,0,0,0,0,0,1,0,0,0,0,0,1,0,0,0,0,1,0,1,1,0,0,"No"
-1.26395635388301,-1.31298015881656,-0.982979519189418,0,0,0,0,0,1,0,0,0,0,0,0,0,0,0,0,0,0,0,0,0,0,0,1,0,0,1,"No"
1.51409940323594,-1.35293343106242,-0.234554834689925,1,0,0,0,1,0,1,0,1,1,0,1,0,1,0,1,0,1,0,1,0,0,1,0,0,0,0,"No"
0.737877941688,-0.971712625049795,-0.218681376527608,1,0,0,0,0,1,0,0,0,0,1,0,0,0,0,0,1,0,0,0,0,1,0,1,0,0,1,"No"
-1.22310259274891,-0.652086447082876,-0.951365620670615,1,0,0,0,1,0,0,0,0,0,0,0,0,0,0,0,0,0,0,0,0,0,0,1,0,0,1,"Yes"
-0.692003698005577,0.358398396802126,-0.499947526954015,0,0,1,0,1,0,0,1,0,0,0,0,1,0,0,0,0,0,0,0,0,0,0,0,0,0,0,"No"
-0.0383435198599417,-1.47112852812311,-0.724060360142362,1,0,0,0,1,0,0,0,1,1,0,1,0,1,0,1,0,1,0,1,0,0,1,0,0,0,0,"No"
1.39153811983363,1.34557716521037,2.16870003286535,1,0,1,0,1,0,1,1,0,0,0,0,1,0,1,0,0,0,1,0,1,0,0,1,1,0,0,"Yes"
-1.30481011501711,-0.284183398485536,-0.994130845244789,0,0,1,1,0,1,0,0,0,0,1,0,1,0,1,0,1,0,1,0,0,0,1,0,1,0,0,"No"
-1.1822488316148,-0.329130829762134,-0.918997954585445,1,0,0,1,1,0,0,0,0,0,0,0,0,0,0,0,0,0,1,0,0,0,0,1,1,0,0,"Yes"
-0.977980025944292,-1.4844462855384,-0.93134644089328,0,0,0,0,1,0,0,0,1,1,0,1,0,1,0,1,0,1,0,1,0,0,1,0,0,0,1,"No"
1.30983059756543,0.281821291664218,1.08478227242964,1,0,1,1,1,0,0,0,0,0,1,0,0,0,1,0,0,0,1,0,1,1,0,1,1,0,0,"No"
-0.160904803262248,-1.46779908876929,-0.744478593337185,0,0,1,0,1,0,0,0,1,1,0,1,0,1,0,1,0,1,0,1,0,0,0,0,0,0,1,"No"
1.02385426962672,1.20407599267293,1.65957438105307,0,0,1,0,1,0,1,1,0,0,0,0,0,0,1,0,0,0,1,0,1,1,0,1,1,0,0,"No"
-0.732857459139679,0.754601679906953,-0.436076810521567,0,0,1,1,1,0,1,1,0,0,0,0,0,0,1,0,0,0,0,0,1,0,0,1,0,1,0,"Yes"
-0.528588653469168,-1.48611100521531,-0.828523676987103,1,0,0,0,1,0,0,0,1,1,0,1,0,1,0,1,0,1,0,1,0,0,1,1,0,0,1,"No"
-0.896272503676088,0.511552607077942,-0.614054634721393,1,0,1,0,1,0,0,1,0,0,0,0,0,0,0,0,0,0,1,0,0,0,0,1,0,1,0,"Yes"
1.63666068663825,-0.121040870148254,1.02288465345033,1,0,1,1,0,1,0,0,0,0,1,0,0,0,1,0,1,0,1,0,1,0,1,0,0,0,0,"No"
-0.56944241460327,0.791225512798996,-0.267277214923973,0,0,0,0,1,0,1,1,0,0,0,0,0,0,0,0,1,0,1,0,0,0,0,1,0,1,0,"Yes"
-0.93712626481019,-1.50109348230751,-0.914830063336122,0,0,0,0,1,0,0,0,1,1,0,1,0,1,0,1,0,1,0,1,0,0,0,1,0,1,0,"No"
-0.93712626481019,0.353404237771393,-0.713086391161431,0,0,0,0,1,0,1,1,0,0,0,0,0,0,0,0,0,0,0,0,0,0,0,1,1,0,0,"No"
0.656170419419795,1.5603260035319,1.36254562063587,1,0,1,0,1,0,1,1,0,0,1,0,1,0,1,0,0,0,1,0,1,0,0,1,0,0,0,"No"
-0.896272503676088,0.185267550403378,-0.668015524619546,1,0,0,0,1,0,0,1,0,0,0,0,0,0,0,0,0,0,0,0,0,0,0,0,0,0,1,"No"
-0.773711220273781,1.01429794950508,-0.422154280178082,0,1,0,0,1,0,1,1,0,0,0,0,0,0,0,0,0,0,1,0,1,0,0,1,0,1,0,"Yes"
-1.1413950704807,0.46161101677061,-0.847789089198071,1,0,0,0,1,0,1,1,0,0,0,0,1,0,0,0,0,0,0,0,0,0,0,0,0,1,0,"Yes"
-1.1413950704807,0.186932270080289,-0.888625555587717,1,0,0,0,1,0,0,1,0,0,0,0,0,0,0,0,0,0,0,0,0,0,0,1,0,1,0,"Yes"
1.63666068663825,0.912750049213502,1.87657076162954,0,0,1,0,1,0,1,0,0,0,1,0,1,0,1,0,1,0,1,0,1,0,1,0,0,0,0,"No"
0.778731702822102,0.696336491215067,0.966529443047244,0,0,1,1,1,0,0,0,0,0,1,0,1,0,1,0,1,0,1,0,1,0,1,0,1,0,0,"No"
1.10556179189492,-0.783599301558848,0.0933783959483202,1,0,1,0,0,1,0,0,0,0,0,0,1,0,0,0,0,0,0,0,1,0,0,1,0,0,0,"Yes"
-0.896272503676088,0.699665930568889,-0.633275707663751,1,0,1,0,1,0,1,1,0,0,0,0,0,0,0,0,0,0,1,0,0,0,0,1,0,1,0,"Yes"
1.18726931416312,0.584800272862028,1.18064377116408,1,1,1,0,1,0,1,1,0,0,0,0,1,0,0,0,0,0,0,0,0,0,0,1,0,1,0,"No"
0.901292986224409,0.659712658323024,0.994064128853943,1,0,0,0,1,0,0,1,0,0,1,0,0,0,1,0,1,0,0,0,0,1,0,0,0,1,0,"No"
0.0433640024082626,-0.122705589825165,-0.09233663062392,0,0,0,0,1,0,1,0,0,0,1,0,1,0,0,0,0,0,0,0,0,0,0,1,0,0,1,"No"
-1.26395635388301,0.486581811924276,-0.95901414450581,0,1,0,0,1,0,0,1,0,0,0,0,0,0,0,0,0,0,1,0,0,0,0,1,0,1,0,"Yes"
-1.26395635388301,-1.48944044456913,-0.985329500425739,1,0,0,1,1,0,0,0,1,1,0,1,0,1,0,1,0,1,0,1,0,0,0,0,0,0,1,"No"
0.533609136017489,0.658047938646113,0.716500307356457,1,0,1,1,1,0,0,0,0,0,1,0,1,0,1,0,1,0,1,0,1,0,1,1,0,0,1,"No"
-1.1005413093466,0.180273391372645,-0.840096226094266,1,0,0,0,1,0,0,0,0,0,0,0,0,0,1,0,0,0,1,0,1,1,0,1,0,0,1,"Yes"
1.06470803076082,0.0737313320503379,0.766315475639592,0,0,1,1,1,0,1,0,0,0,0,0,1,0,0,0,0,0,1,0,0,0,0,1,0,0,0,"No"
1.55495316437004,-0.665404204498164,0.361830497746489,0,0,0,0,0,1,0,0,0,0,1,0,1,0,1,0,1,0,0,0,0,0,1,1,0,0,0,"No"
-1.22310259274891,0.203579466849399,-0.936844510200898,1,0,0,0,1,0,0,1,0,0,0,0,0,0,0,0,0,0,0,0,0,0,0,0,0,0,1,"No"
-1.26395635388301,-0.487279199068683,-0.971983380574183,0,0,0,0,1,0,1,0,0,0,0,0,0,0,0,0,0,0,0,0,0,0,0,1,0,0,0,"Yes"
0.656170419419795,1.26234118136482,1.18037773555242,0,0,0,0,1,0,0,1,0,0,1,0,0,0,1,0,1,0,1,0,1,0,1,1,1,0,0,"No"
-0.814564981407883,-0.207606293347628,-0.66577639155475,0,0,1,1,1,0,0,0,0,0,0,0,0,0,1,0,0,0,1,0,0,0,0,1,1,0,0,"No"
0.0842177635423648,0.987662434674499,0.432507291910545,0,1,1,0,1,0,1,1,0,0,0,0,1,0,1,0,0,0,0,0,1,0,0,1,0,1,0,"Yes"
0.0433640024082626,-1.48111684618457,-0.718983513886537,1,0,1,1,1,0,0,0,1,1,0,1,0,1,0,1,0,1,0,1,0,1,0,0,1,0,0,"No"
-1.26395635388301,-1.47279324780002,-0.98510780408269,0,0,0,0,1,0,0,0,1,1,0,1,0,1,0,1,0,1,0,1,0,0,0,0,0,0,1,"No"
1.22812307529723,1.53868464773205,2.03909635071884,0,0,1,1,1,0,1,1,0,0,0,0,1,0,1,0,1,0,1,0,1,1,0,1,0,1,0,"No"
0.37019409148108,0.280156571987307,0.336579284273195,1,0,1,0,1,0,1,0,0,0,0,0,0,0,1,0,0,0,1,0,1,1,0,1,0,1,0,"Yes"
-1.1413950704807,0.608106348338782,-0.852422542767797,0,0,0,0,1,0,0,1,0,0,0,0,0,0,1,0,0,0,0,0,1,0,0,1,1,0,0,"No"
-0.324319847798657,0.658047938646113,-0.13481364995213,0,0,0,0,1,0,1,1,0,0,1,0,0,0,0,0,1,0,0,0,0,0,0,1,0,1,0,"No"
-0.732857459139679,-1.4994287626306,-0.863551699188862,0,0,1,1,1,0,0,0,1,1,0,1,0,1,0,1,0,1,0,1,0,1,0,0,0,0,1,"No"
-1.1822488316148,-1.48611100521531,-0.968281051645262,1,0,0,1,1,0,0,0,1,1,0,1,0,1,0,1,0,1,0,1,0,0,0,0,0,0,1,"No"
-0.56944241460327,-0.985030382465084,-0.748934689832472,0,0,0,1,0,1,0,0,0,0,0,0,0,0,0,0,0,0,0,0,1,0,0,1,0,1,0,"Yes"
-0.977980025944292,0.0554194156043165,-0.751838911926415,1,0,0,0,1,0,0,0,0,0,0,0,0,0,0,0,0,0,1,0,1,0,0,1,0,1,0,"No"
0.125071524676467,-1.37457478686227,-0.640702535155896,0,0,0,0,1,0,1,0,1,1,0,1,0,1,0,1,0,1,0,1,0,0,1,0,0,0,0,"No"
-1.26395635388301,0.380039752601969,-0.960433001101324,0,0,0,0,1,0,1,1,0,0,0,0,0,0,0,0,0,0,0,0,0,0,0,0,0,1,0,"Yes"
-0.977980025944292,-0.667068924175075,-0.841847627204354,1,0,0,1,0,1,0,0,0,0,1,0,0,0,0,0,1,0,0,0,1,0,1,1,0,0,1,"No"
1.59580692550415,1.31561221102597,2.29240659228676,0,0,1,0,1,0,1,1,0,0,1,0,0,0,1,0,0,0,1,0,1,1,0,1,1,0,0,"No"
0.451901613749285,0.931061965659524,0.79673221390593,0,0,1,1,1,0,1,1,0,0,0,0,0,0,1,0,0,0,0,0,1,0,0,1,0,0,0,"No"
-0.692003698005577,0.656383218969202,-0.413995854753875,0,0,1,0,1,0,0,1,0,0,0,0,0,0,1,0,0,0,1,0,0,0,0,1,0,1,0,"Yes"
1.30983059756543,1.18909351558073,1.93394577521065,1,0,0,0,1,0,0,1,0,0,1,0,1,0,0,0,0,0,1,0,1,1,0,1,1,0,0,"No"
1.06470803076082,-0.302495314931557,0.41004945235967,0,0,1,1,0,1,0,0,0,0,0,0,0,0,1,0,1,0,1,0,1,0,1,1,1,0,0,"No"
-0.56944241460327,-0.490608638422505,-0.610263627255253,0,1,0,0,1,0,0,0,0,0,0,0,1,0,0,0,0,0,0,0,0,0,0,1,1,0,0,"No"
1.43239188096774,0.831178785044861,1.83165508252779,1,0,1,1,1,0,1,1,0,0,0,0,1,0,0,0,0,0,0,0,1,0,0,1,0,0,0,"No"
-0.93712626481019,0.659712658323024,-0.669345702677841,1,1,0,0,1,0,1,1,0,0,0,0,0,0,0,0,0,0,0,0,1,0,0,1,1,0,0,"Yes"
1.55495316437004,1.61359703319305,2.49494837129642,0,0,1,1,1,0,1,1,0,0,1,0,1,0,1,0,1,0,1,0,1,0,1,1,1,0,0,"No"
-0.692003698005577,1.21572903041131,-0.327246075718758,1,0,1,0,1,0,1,1,0,0,0,0,0,0,1,0,0,0,1,0,1,0,0,1,0,1,0,"Yes"
0.656170419419795,-1.48611100521531,-0.578804916176584,0,0,0,1,1,0,0,0,1,1,0,1,0,1,0,1,0,1,0,1,0,1,0,0,0,0,1,"No"
-0.814564981407883,0.318445124556261,-0.665399507771567,1,0,1,0,1,0,0,0,0,0,0,0,0,0,1,0,1,0,1,0,1,0,0,1,0,1,0,"No"
1.59580692550415,0.912750049213502,1.92569867124922,1,1,1,0,1,0,1,1,0,0,1,0,1,0,1,0,1,0,0,0,0,1,0,1,0,1,0,"No"
-1.26395635388301,-0.470632002299572,-0.971761684231133,1,0,0,0,1,0,1,0,0,0,0,0,0,0,0,0,0,0,0,0,0,0,0,1,0,1,0,"Yes"
0.533609136017489,-1.33628623429331,-0.511608754598399,1,0,1,1,1,0,1,0,1,1,0,1,0,1,0,1,0,1,0,1,0,0,1,0,0,0,1,"No"
0.125071524676467,-1.45947549038473,-0.666064596800714,1,0,0,0,1,0,0,0,1,1,0,1,0,1,0,1,0,1,0,1,0,0,0,0,0,0,0,"No"
-0.93712626481019,0.145314278157513,-0.73082209860536,1,0,1,0,1,0,0,0,0,0,1,0,1,0,0,0,1,0,1,0,0,0,0,1,0,0,1,"No"
-0.814564981407883,1.17744047784236,-0.491877780067028,1,0,0,0,1,0,1,1,0,0,0,0,0,0,0,0,1,0,1,0,1,0,0,1,0,0,1,"Yes"
1.35068435869953,1.49207249677854,2.21046762389581,0,1,1,0,1,0,1,1,0,0,1,0,1,0,1,0,0,0,1,0,1,0,0,1,1,0,0,"No"
-1.22310259274891,0.89277341309057,-0.908290021216173,0,0,0,0,1,0,1,1,0,0,0,0,0,0,1,0,0,0,1,0,0,0,0,1,0,1,0,"Yes"
-0.201758564396351,-0.518908872929992,-0.42155570005185,1,0,0,0,1,0,1,0,0,0,0,0,0,0,0,0,0,0,0,0,0,0,0,0,0,0,1,"No"
0.329340330346978,-0.477290881007216,-0.0969035752907317,0,0,0,0,1,0,0,0,0,0,0,0,0,0,1,0,0,0,0,0,0,1,0,1,0,0,1,"No"
-1.1005413093466,0.36505727550977,-0.839098592550545,0,1,0,0,1,0,0,1,0,0,0,0,0,0,1,0,0,0,0,0,0,0,0,1,1,0,0,"Yes"
-0.977980025944292,-1.48777572489222,-0.925870541219967,1,0,1,1,1,0,0,0,1,1,0,1,0,1,0,1,0,1,0,1,0,1,0,0,1,0,0,"No"
1.06470803076082,1.10585753173518,1.42626114962819,0,1,1,0,1,0,1,1,0,0,0,0,1,0,0,0,0,0,1,0,1,1,0,1,0,0,0,"No"
0.819585463956204,1.18909351558073,1.33121992736303,0,0,1,1,1,0,0,1,0,0,1,0,0,0,1,0,0,0,1,0,1,1,0,0,0,1,0,"No"
0.37019409148108,1.55033768547043,1.00430649990281,1,0,0,1,1,0,0,1,0,0,1,0,1,0,1,0,1,0,1,0,1,0,1,1,0,1,0,"No"
-0.487734892335066,1.13082832688885,-0.0931790767275066,1,0,0,0,1,0,1,1,0,0,0,0,0,0,0,0,1,0,1,0,1,0,0,1,0,0,1,"No"
-1.26395635388301,-0.483949759714861,-0.971939041305573,1,0,0,1,1,0,1,0,0,0,0,0,0,0,0,0,0,0,0,0,0,0,0,1,0,1,0,"No"
-1.1413950704807,0.539852841585429,-0.846724946751435,1,0,0,1,1,0,1,1,0,0,0,0,0,0,0,0,1,0,0,0,0,0,0,0,1,0,0,"Yes"
-1.0596875482125,-1.50109348230751,-0.946776506369498,0,1,0,0,1,0,0,0,1,1,0,1,0,1,0,1,0,1,0,1,0,0,0,0,0,0,0,"No"
-0.977980025944292,-1.50608764133824,-0.9264691213462,1,0,1,1,1,0,0,0,1,1,0,1,0,1,0,1,0,1,0,1,0,0,0,1,0,0,1,"No"
-0.56944241460327,0.163626194603534,-0.462325657538581,1,0,0,0,1,0,1,0,0,0,1,0,0,0,1,0,0,0,1,0,0,0,0,0,0,0,1,"No"
0.819585463956204,-0.525567751637637,0.138759637370473,1,1,0,0,0,1,0,0,0,0,1,0,0,0,0,0,0,0,1,0,1,0,0,1,1,0,0,"No"
-0.0383435198599417,0.995986033059054,0.326824645179034,1,0,0,0,1,0,0,1,0,0,0,0,1,0,0,0,0,0,1,0,1,0,0,1,0,1,0,"No"
-0.120051042128146,-1.46280492973855,-0.703775144753368,1,0,1,1,1,0,0,0,1,1,0,1,0,1,0,1,0,1,0,1,0,0,0,1,0,0,1,"No"
0.165925285810569,1.3805362784255,0.706014070330234,0,0,1,0,1,0,1,1,0,0,1,0,1,0,1,0,1,0,0,0,1,0,1,1,1,0,0,"No"
-0.651149936871475,1.17910519751927,-0.313633920255543,0,0,1,0,1,0,1,1,0,0,0,0,1,0,0,0,0,0,1,0,1,0,0,1,0,1,0,"Yes"
0.411047852615182,1.4554486638865,1.03933452210457,1,0,1,0,1,0,1,1,0,0,0,0,0,0,1,0,1,0,1,0,1,1,0,1,0,1,0,"No"
-1.26395635388301,-1.46613436909237,-0.98501912554547,1,0,0,0,1,0,0,0,1,1,0,1,0,1,0,1,0,1,0,1,0,0,0,0,0,1,0,"Yes"
-1.1005413093466,0.689677612507423,-0.806065837436228,1,0,0,0,1,0,1,1,0,0,0,0,1,0,1,0,0,0,0,0,0,0,0,1,0,1,0,"Yes"
0.165925285810569,-1.4844462855384,-0.698498771788799,1,0,1,0,1,0,0,0,1,1,0,1,0,1,0,1,0,1,0,1,0,1,0,0,0,0,1,"No"
-1.1413950704807,0.193591148787933,-0.869537500451188,0,0,0,0,1,0,0,1,0,0,0,0,0,0,0,0,0,0,0,0,0,0,0,0,0,1,0,"Yes"
-0.93712626481019,0.0121367040046296,-0.751240331800183,1,0,0,0,1,0,0,0,0,0,1,0,0,0,0,0,1,0,0,0,1,0,0,0,0,0,1,"No"
-1.26395635388301,0.33342760164846,-0.961053750861861,1,0,1,1,1,0,0,1,0,0,0,0,1,0,0,0,0,0,0,0,0,0,0,0,1,0,0,"No"
-0.814564981407883,-0.512249994222348,-0.740887112579789,1,0,1,1,1,0,0,0,0,0,1,0,0,0,0,0,0,0,0,0,0,0,0,1,0,1,0,"No"
-0.365173608932759,0.305127367140973,-0.215267252844652,0,0,0,0,1,0,1,0,0,0,0,0,0,0,0,0,1,0,1,0,1,1,0,1,0,0,1,"No"
1.22812307529723,0.922738367274968,1.54715216549287,1,0,0,0,1,0,1,1,0,0,1,0,1,0,0,0,0,0,0,0,1,1,0,1,0,0,0,"No"
0.206779046944671,1.1391519252734,0.546902604923887,1,0,0,0,1,0,1,1,0,0,0,0,0,0,0,0,1,0,1,0,1,0,0,0,0,0,0,"Yes"
-0.0383435198599417,0.801213830860463,0.19558041009396,1,0,1,0,1,0,1,1,0,0,0,0,0,0,1,0,0,0,1,0,0,0,0,0,1,0,0,"No"
-0.324319847798657,1.13748720559649,0.0732483679994611,0,0,0,0,1,0,1,1,0,0,0,0,0,0,1,0,0,0,1,0,1,0,0,1,0,1,0,"Yes"
0.533609136017489,1.04426290368947,0.981915169254852,1,0,1,1,1,0,1,1,0,0,0,0,1,0,1,0,0,0,0,0,1,0,0,1,0,0,0,"No"
1.51409940323594,1.35889492262566,2.10915239512236,0,1,1,0,1,0,1,1,0,0,0,0,1,0,0,0,1,0,1,0,1,0,1,0,1,0,0,"No"
-1.22310259274891,-1.47612268715384,-0.977813994396374,1,0,0,0,1,0,0,0,1,1,0,1,0,1,0,1,0,1,0,1,0,0,0,0,0,0,1,"No"
1.18726931416312,1.37887155874859,1.90907144552054,1,0,1,1,1,0,1,1,0,0,1,0,1,0,0,0,0,0,1,0,1,1,0,1,0,1,0,"Yes"
0.37019409148108,1.33558884714891,0.933031125612523,1,0,0,0,1,0,1,1,0,0,0,0,1,0,1,0,0,0,1,0,1,0,0,1,0,1,0,"Yes"
0.492755374883387,-0.517244153253081,0.010153588767684,0,0,0,0,0,1,0,0,0,0,0,0,0,0,1,0,0,0,1,0,1,1,0,1,0,1,0,"No"
1.63666068663825,0.0171308630353624,1.11389100227199,1,0,1,1,0,1,0,0,0,0,1,0,1,0,1,0,1,0,1,0,1,0,1,1,1,0,0,"No"
0.778731702822102,0.171949792988089,0.585455598980127,0,0,1,1,1,0,0,0,0,0,1,0,1,0,0,0,1,0,0,0,1,1,0,1,1,0,0,"No"
1.59580692550415,1.15246968268869,2.20439314409626,0,1,1,0,1,0,0,1,0,0,0,0,1,0,1,0,0,0,1,0,1,0,1,1,0,1,0,"No"
-0.406027370066861,1.06923369884314,-0.0705660497364973,1,1,0,0,1,0,1,1,0,0,0,0,0,0,0,0,0,0,1,0,1,0,0,1,0,1,0,"Yes"
-1.22310259274891,-0.317477792023757,-0.948572246748196,0,0,0,0,1,0,0,0,0,0,0,0,1,0,0,0,1,0,0,0,0,0,0,1,1,0,0,"Yes"
-1.26395635388301,-0.443996487468996,-0.971406970082255,1,0,0,0,1,0,0,0,0,0,1,0,0,0,0,0,0,0,0,0,0,0,0,0,0,0,1,"No"
1.39153811983363,0.208573625880132,1.10704058527177,0,1,1,0,1,0,1,0,0,0,0,0,1,0,1,0,0,0,1,0,0,1,0,1,0,0,0,"No"
-0.528588653469168,0.786231353768263,-0.206754113271566,1,1,0,0,1,0,1,1,0,0,0,0,1,0,0,0,0,0,1,0,0,0,0,1,0,1,0,"Yes"
-0.855418742541986,0.496570129985742,-0.641345454550738,1,0,0,0,1,0,0,1,0,0,1,0,0,0,1,0,0,0,0,0,0,0,0,1,0,0,0,"No"
-0.977980025944292,-1.49276988392295,-0.929838905760546,0,0,1,1,1,0,0,0,1,1,0,1,0,1,0,1,0,1,0,1,0,1,0,1,0,0,1,"Yes"
-1.1822488316148,-1.47612268715384,-0.966884364684053,1,0,0,0,1,0,0,0,1,1,0,1,0,1,0,1,0,1,0,1,0,0,0,1,0,1,0,"No"
0.778731702822102,0.484917092247365,0.787664833475221,0,0,1,1,1,0,0,1,0,0,1,0,1,0,0,0,0,0,0,0,0,0,0,1,0,0,0,"No"
-0.692003698005577,0.368386714863592,-0.485714621730262,1,1,0,0,1,0,1,1,0,0,0,0,0,0,0,0,0,0,0,0,0,0,0,0,0,1,0,"Yes"
1.30983059756543,0.987662434674499,1.70231743599294,1,1,1,0,1,0,1,1,0,0,0,0,1,0,1,0,0,0,0,0,1,0,0,1,0,1,0,"No"
0.206779046944671,-0.811899536066335,-0.338419571408433,0,0,0,0,0,1,0,0,0,0,0,0,0,0,1,0,0,0,0,0,1,0,0,1,1,0,0,"No"
-0.773711220273781,-1.48611100521531,-0.886098217276957,1,0,0,0,1,0,0,0,1,1,0,1,0,1,0,1,0,1,0,1,0,0,1,0,0,0,1,"No"
0.697024180553898,-0.30748947396229,0.173743320303623,1,0,1,0,1,0,1,0,0,0,1,0,0,0,0,0,0,0,0,0,0,1,0,1,0,1,0,"No"
0.533609136017489,1.25068814362644,1.10548871087043,0,1,0,0,1,0,1,1,0,0,0,0,0,0,1,0,0,0,1,0,1,1,0,1,0,0,0,"No"
-0.56944241460327,0.216897224264687,-0.440887621165732,0,0,0,0,1,0,0,1,0,0,0,0,0,0,0,0,0,0,0,0,0,0,0,1,0,1,0,"No"
1.47324564210184,-0.349107465885066,0.688322702154914,1,0,1,0,0,1,0,0,0,0,1,0,0,0,1,0,0,0,1,0,1,0,1,1,0,0,0,"No"
0.901292986224409,-1.49609932327677,-0.546880642777512,1,0,0,0,1,0,0,0,1,1,0,1,0,1,0,1,0,1,0,1,0,0,1,0,1,0,0,"No"
-0.365173608932759,0.794554952152818,-0.0494605578782218,0,1,1,1,1,0,0,1,0,0,0,0,1,0,1,0,0,0,0,0,1,0,0,1,0,0,0,"No"
-0.610296175737372,0.401681108401813,-0.411712382420469,1,0,0,0,1,0,0,1,0,0,0,0,0,0,1,0,0,0,0,0,0,0,0,1,0,1,0,"Yes"
1.43239188096774,-1.50941708069206,-0.38539702650054,0,0,1,1,1,0,0,0,1,1,0,1,0,1,0,1,0,1,0,1,0,0,1,1,0,0,0,"No"
-0.732857459139679,0.673030415738312,-0.460330390451139,0,0,1,1,1,0,1,1,0,0,0,0,0,0,0,0,0,0,1,0,0,0,0,1,0,1,0,"No"
-1.26395635388301,-1.29133880301671,-0.982691313943454,0,1,0,0,0,1,0,0,0,0,0,0,0,0,0,0,0,0,0,0,0,0,0,1,0,0,1,"Yes"
0.37019409148108,0.133661240419135,0.281532082294101,0,0,0,0,1,0,1,0,0,0,0,0,0,0,1,0,1,0,0,0,1,1,0,1,0,1,0,"No"
-0.610296175737372,0.932726685336434,-0.293703419015427,0,0,1,0,1,0,1,1,0,0,0,0,0,0,0,0,0,0,1,0,1,0,0,0,0,1,0,"No"
0.983000508492613,1.19741711396529,1.4511576489526,1,0,1,0,1,0,1,1,0,0,1,0,0,0,0,0,0,0,1,0,1,1,0,1,0,1,0,"No"
-1.1005413093466,-1.46613436909237,-0.95152080811075,0,0,0,0,1,0,0,0,1,1,0,1,0,1,0,1,0,1,0,1,0,0,0,0,1,0,0,"No"
-1.22310259274891,-0.731992991574605,-0.962029214771277,0,0,0,0,0,1,0,0,0,0,1,0,1,0,0,0,0,0,0,0,1,0,0,1,0,1,0,"Yes"
-1.1822488316148,-1.49776404295368,-0.969633399337862,0,0,1,0,1,0,0,0,1,1,0,1,0,1,0,1,0,1,0,1,0,0,0,1,0,0,1,"No"
0.206779046944671,0.0953726878501816,0.0892105046989971,1,0,0,0,1,0,1,0,0,0,1,0,1,0,1,0,1,0,0,0,0,1,0,0,0,1,0,"No"
-0.120051042128146,0.14198483880369,-0.120425557288242,0,0,0,0,1,0,0,0,0,0,1,0,1,0,1,0,0,0,0,0,1,0,0,1,0,0,0,"Yes"
-0.977980025944292,-0.700363317713296,-0.845416938327445,1,0,0,0,1,0,0,0,0,0,0,0,0,0,0,0,0,0,0,0,0,0,0,0,0,0,1,"No"
1.26897683643133,1.50705497387074,2.11092596586675,0,0,0,0,1,0,1,1,0,0,0,0,1,0,1,0,1,0,1,0,1,0,0,1,1,0,0,"No"
1.63666068663825,-1.45115189200017,-0.33181302038557,1,0,1,1,1,0,0,0,1,1,0,1,0,1,0,1,0,1,0,1,0,0,1,0,0,0,0,"No"
-0.528588653469168,-0.279189239454802,-0.509325282264993,0,0,0,0,1,0,0,0,0,0,0,0,0,0,0,0,0,0,0,0,1,0,0,1,0,1,0,"No"
1.10556179189492,-1.53771731519955,-0.525087892255785,0,0,1,0,1,0,0,0,1,1,0,1,0,1,0,1,0,1,0,1,0,0,1,0,0,0,0,"No"
-1.22310259274891,0.846161262137061,-0.909864065251822,1,0,1,1,1,0,0,1,0,0,0,0,0,0,1,0,1,0,0,0,1,0,0,0,1,0,0,"Yes"
0.125071524676467,-1.29300352269363,-0.602814630128803,0,0,1,1,1,0,1,0,1,1,0,1,0,1,0,1,0,1,0,1,0,0,0,1,0,1,0,"No"
-0.732857459139679,0.358398396802126,-0.539232118942318,0,0,0,0,1,0,0,1,0,0,0,0,0,0,1,0,0,0,0,0,0,0,0,0,0,1,0,"Yes"
1.51409940323594,-1.49110516424604,-0.356997724955949,0,0,1,1,1,0,0,0,1,1,0,1,0,1,0,1,0,1,0,1,0,0,1,0,1,0,0,"No"
1.51409940323594,0.371716154217414,1.39493545635535,1,0,1,1,1,0,0,0,0,0,1,0,1,0,1,0,1,0,1,0,0,0,1,1,0,0,0,"No"
1.63666068663825,0.478258213539721,1.54657575500094,0,0,1,1,1,0,1,0,0,0,0,0,1,0,0,0,1,0,1,0,1,0,1,1,0,1,0,"No"
-0.977980025944292,1.20740543202676,-0.630748369352991,1,0,0,0,1,0,1,1,0,0,0,0,1,0,0,0,0,0,1,0,1,0,0,0,0,1,0,"Yes"
-1.1413950704807,-0.475626161330305,-0.897870293092865,0,0,1,1,1,0,0,0,0,0,1,0,0,0,0,0,0,0,0,0,0,0,0,0,0,1,0,"No"
1.26897683643133,0.523205644816319,1.17687493333224,1,0,1,1,1,0,0,1,0,0,0,0,1,0,1,0,0,0,0,0,0,0,0,1,1,0,0,"No"
1.63666068663825,-1.48944044456913,-0.358261394111329,1,0,0,0,1,0,0,0,1,1,0,1,0,1,0,1,0,1,0,1,0,0,1,0,0,0,0,"No"
-1.1005413093466,0.178608671695734,-0.847744749929461,0,0,1,0,1,0,0,1,0,0,0,0,0,0,0,0,0,0,0,0,0,0,0,0,0,1,0,"Yes"
-0.0791972809940439,-0.485614479391772,-0.340170972518521,1,0,1,0,1,0,0,0,0,0,0,0,0,0,1,0,0,0,0,0,0,0,0,1,0,0,1,"No"
1.26897683643133,1.33725356682582,1.90410544743624,1,0,0,0,1,0,1,1,0,0,0,0,1,0,1,0,0,0,1,0,1,0,1,1,0,0,0,"No"
1.26897683643133,1.42881314905592,2.05363963082286,0,0,1,0,1,0,1,1,0,0,0,0,1,0,1,0,0,0,1,0,1,1,0,1,0,1,0,"Yes"
-0.283466086664555,0.709654248630356,-0.0190881588804936,1,0,1,1,1,0,0,1,0,0,0,0,0,0,0,0,1,0,1,0,0,0,0,0,0,1,0,"No"
-1.26395635388301,-0.623786212575388,-0.973801290587185,1,0,0,0,1,0,0,0,0,0,0,0,0,0,0,0,0,0,0,0,0,0,0,1,0,0,1,"Yes"
-0.406027370066861,-1.30965071946274,-0.742948888570146,1,0,0,0,1,0,1,0,1,1,0,1,0,1,0,1,0,1,0,1,0,0,1,0,0,0,1,"No"
0.288486569212876,0.563158917062184,0.383623248268216,0,0,1,1,1,0,0,1,0,0,0,0,0,0,1,0,1,0,0,0,0,0,0,1,0,0,0,"No"
0.860439225090306,1.38220099810242,1.56413410537043,0,0,1,0,1,0,0,1,0,0,1,0,1,0,1,0,0,0,1,0,1,1,0,1,0,0,0,"Yes"
-0.651149936871475,1.0326098659511,-0.30436701311609,0,0,0,0,1,0,1,1,0,0,0,0,1,0,1,0,0,0,0,0,1,0,0,1,1,0,0,"Yes"
-1.22310259274891,-1.47279324780002,-0.974045156564539,0,0,0,0,1,0,0,0,1,1,0,1,0,1,0,1,0,1,0,1,0,0,0,0,0,0,1,"No"
0.288486569212876,-0.650421727405965,-0.200191901517312,1,0,0,1,0,1,0,0,0,0,1,0,0,0,0,0,1,0,1,0,0,1,0,0,0,0,0,"No"
-1.26395635388301,0.345080639386838,-0.960898563421727,1,0,0,0,1,0,1,1,0,0,0,0,0,0,0,0,0,0,0,0,0,0,0,1,0,1,0,"Yes"
-1.01883378707839,-0.996683420203461,-0.884790208852967,0,0,1,1,0,1,0,0,0,0,1,0,0,0,0,0,1,0,0,0,0,0,0,0,0,0,1,"No"
-1.1413950704807,0.158632035572801,-0.878117148927189,1,1,0,0,1,0,0,1,0,0,0,0,0,0,0,0,0,0,0,0,0,0,0,0,0,1,0,"No"
-0.896272503676088,1.02428626756654,-0.595809025688451,1,1,0,0,1,0,1,1,0,0,0,0,0,0,0,0,0,0,1,0,1,0,0,1,0,1,0,"Yes"
0.942146747358511,0.564823636739095,1.00534847271514,0,0,0,0,1,0,0,1,0,0,0,0,1,0,1,0,0,0,0,0,0,0,0,1,0,1,0,"No"
1.63666068663825,0.360063116479037,1.43577192274499,1,0,1,1,1,0,0,0,0,0,0,0,1,0,1,0,0,0,1,0,1,0,1,1,0,0,0,"No"
-0.896272503676088,0.107025725588559,-0.704528912319735,0,0,1,0,1,0,0,0,0,0,0,0,0,0,1,0,0,0,1,0,1,0,0,1,1,0,0,"No"
-0.855418742541986,1.55866128385499,-0.469575127956287,1,1,0,0,1,0,1,1,0,0,0,0,1,0,1,0,1,0,1,0,1,0,0,1,0,1,0,"No"
-0.692003698005577,-0.608803735483189,-0.710603392119281,0,0,1,1,1,0,0,0,0,0,0,0,0,0,0,0,0,0,0,0,0,0,0,0,0,1,0,"No"
-0.365173608932759,-1.47112852812311,-0.781856596775265,0,0,1,1,1,0,0,0,1,1,0,1,0,1,0,1,0,1,0,1,0,0,1,0,0,0,0,"No"
-1.1822488316148,-0.652086447082876,-0.937775634841705,0,1,0,0,1,0,0,0,0,0,0,0,0,0,0,0,0,0,0,0,0,0,0,0,0,1,0,"Yes"
0.615316658285693,1.04925706272021,0.953005966121248,1,0,1,1,1,0,0,1,0,0,1,0,1,0,1,0,0,0,0,0,1,1,0,1,0,1,0,"No"
-0.692003698005577,-1.49609932327677,-0.87414878438661,0,0,0,1,1,0,0,0,1,1,0,1,0,1,0,1,0,1,0,1,0,1,0,0,0,0,1,"No"
1.39153811983363,1.16245800075016,1.98125577481733,1,0,0,0,1,0,0,1,0,0,0,0,1,0,1,0,0,0,1,0,1,0,0,0,0,1,0,"Yes"
1.47324564210184,-0.13102918820972,0.768754135413132,0,1,1,0,1,0,0,0,0,0,0,0,1,0,1,0,1,0,0,0,0,1,0,1,0,0,0,"No"
-0.610296175737372,1.13249304656576,-0.238168485081625,0,0,1,1,1,0,0,1,0,0,0,0,0,0,1,0,1,0,1,0,1,1,0,0,0,0,0,"Yes"
-1.01883378707839,-0.169317740778674,-0.809701657462233,0,0,0,0,1,0,0,0,0,0,0,0,0,0,0,0,1,0,1,0,0,0,0,1,0,0,1,"Yes"
-0.446881131200964,0.23687386038762,-0.330349824521446,0,1,1,0,1,0,1,0,0,0,0,0,1,0,1,0,0,0,0,0,1,1,0,0,0,0,0,"No"
-0.446881131200964,-0.951735988926863,-0.648218041185261,1,0,0,0,0,1,0,0,0,0,0,0,1,0,0,0,1,0,0,0,0,0,0,1,0,0,1,"No"
0.983000508492613,0.0204603023891848,0.563130777235082,0,0,1,1,1,0,1,0,0,0,1,0,0,0,0,0,0,0,1,0,0,1,0,0,0,0,0,"No"
-1.0596875482125,-0.520573592606903,-0.87297379376845,0,0,1,1,1,0,1,0,0,0,0,0,0,0,0,0,0,0,0,0,0,0,0,1,1,0,0,"No"
1.35068435869953,-0.369084102007999,0.565680285180146,0,1,0,0,0,1,0,0,0,0,0,0,1,0,1,0,0,0,1,0,1,0,1,1,0,0,0,"No"
0.411047852615182,0.528199803847052,0.502718523754199,1,0,1,0,1,0,1,0,0,0,1,0,0,0,0,0,1,0,1,0,1,1,0,0,1,0,0,"No"
1.47324564210184,1.48041945904017,2.33510530795802,0,0,1,1,1,0,1,1,0,0,1,0,0,0,1,0,1,0,1,0,1,0,1,1,0,0,0,"No"
0.656170419419795,-1.2746916062476,-0.442084781418197,1,0,1,1,1,0,1,0,1,1,0,1,0,1,0,1,0,1,0,1,0,0,1,0,0,0,0,"No"
0.737877941688,1.40550707357917,1.3771110703742,0,1,0,0,1,0,1,1,0,0,0,0,1,0,0,0,1,0,1,0,1,1,0,1,0,1,0,"No"
1.26897683643133,-1.50608764133824,-0.433748998919551,0,0,1,1,1,0,0,0,1,1,0,1,0,1,0,1,0,1,0,1,0,0,1,0,0,1,0,"No"
0.411047852615182,0.4449638200015,0.506310004511594,0,0,1,1,1,0,0,1,0,0,0,0,0,0,0,0,0,0,1,0,0,0,0,1,1,0,0,"Yes"
1.22812307529723,-1.28467992430907,-0.267543250535632,0,0,0,1,1,0,1,0,1,1,0,1,0,1,0,1,0,1,0,1,0,0,1,0,0,0,0,"No"
-1.22310259274891,0.336757041002282,-0.920793694964143,1,1,0,0,1,0,0,1,0,0,0,0,1,0,0,0,0,0,0,0,0,0,0,1,0,1,0,"Yes"
0.656170419419795,1.07589257755078,0.989364166381302,1,0,1,0,1,0,1,1,0,0,1,0,1,0,1,0,0,0,1,0,0,0,1,1,0,0,0,"No"
-0.201758564396351,-1.4994287626306,-0.763322782496359,1,0,1,0,1,0,0,0,1,1,0,1,0,1,0,1,0,1,0,1,0,0,1,0,0,0,0,"No"
1.55495316437004,0.526535084170141,1.54112202496193,0,0,1,1,1,0,0,0,0,0,0,0,1,0,1,0,1,0,1,0,1,0,1,1,0,0,0,"No"
-0.692003698005577,0.00214838594316341,-0.553154649285802,0,0,0,0,1,0,1,0,0,0,1,0,0,0,0,0,0,0,0,0,1,0,0,1,0,0,0,"Yes"
1.35068435869953,-1.4994287626306,-0.45379034833119,1,0,0,0,1,0,0,0,1,1,0,1,0,1,0,1,0,1,0,1,0,0,1,1,1,0,0,"No"
1.63666068663825,1.31561221102597,2.30812486300894,1,1,1,1,1,0,0,1,0,0,1,0,0,0,1,0,1,0,1,0,1,0,1,1,1,0,0,"No"
-0.773711220273781,0.814531588275751,-0.475649607755833,1,1,1,0,1,0,0,1,0,0,0,0,1,0,0,0,1,0,0,0,1,0,0,1,0,0,0,"Yes"
-0.610296175737372,-1.48111684618457,-0.870202589480336,1,0,0,0,1,0,0,0,1,1,0,1,0,1,0,1,0,1,0,1,0,1,0,1,0,0,1,"No"
0.778731702822102,1.56365544288572,1.54223050667718,1,0,1,0,1,0,1,1,0,0,1,0,0,0,1,0,1,0,1,0,1,1,0,1,0,1,0,"No"
1.63666068663825,0.87779093599837,1.87399908405017,0,0,1,0,1,0,1,0,0,0,1,0,1,0,1,0,1,0,1,0,1,0,1,1,0,0,0,"No"
1.43239188096774,0.759595838937687,1.63022178523337,1,0,1,1,1,0,1,1,0,0,0,0,1,0,1,0,0,0,0,0,0,1,0,0,0,1,0,"Yes"
0.0842177635423648,-1.49443460359986,-0.69457474651683,1,0,0,0,1,0,0,0,1,1,0,1,0,1,0,1,0,1,0,1,0,0,0,0,0,0,1,"No"
1.43239188096774,-0.453984805530462,0.567365177387319,1,0,1,0,0,1,0,0,0,0,1,0,1,0,0,0,1,0,0,0,1,0,1,1,0,0,0,"No"
0.697024180553898,-1.48278156586148,-0.58483505670752,0,0,1,0,1,0,0,0,1,1,0,1,0,1,0,1,0,1,0,1,0,1,0,1,0,0,0,"No"
0.860439225090306,-1.50442292166133,-0.501809776235628,1,0,1,1,1,0,0,0,1,1,0,1,0,1,0,1,0,1,0,1,0,0,1,1,0,0,1,"No"
-0.201758564396351,-0.170982460455585,-0.279537022694589,1,0,0,0,1,0,1,0,0,0,0,0,0,0,1,0,1,0,0,0,0,0,0,0,0,1,0,"No"
-0.365173608932759,1.00430963144361,0.0228346195900931,0,1,0,0,1,0,0,1,0,0,0,0,1,0,0,0,0,0,1,0,1,0,0,1,0,1,0,"Yes"
1.51409940323594,0.563158917062184,1.46813958883016,1,0,0,0,1,0,1,0,0,0,1,0,1,0,1,0,1,0,0,0,1,0,1,1,1,0,0,"No"
-1.22310259274891,-1.1831320240175,-0.974289022541893,0,0,1,1,0,1,0,0,0,0,0,0,0,0,0,0,1,0,0,0,0,0,0,0,0,0,0,"No"
0.125071524676467,0.727966165076377,0.348949940215335,0,0,0,0,1,0,1,1,0,0,0,0,0,0,0,0,0,0,1,0,0,0,0,1,0,1,0,"Yes"
0.574462897151591,0.200250027495577,0.438493093172871,0,0,1,0,1,0,0,0,0,0,1,0,1,0,0,0,1,0,0,0,1,1,0,0,0,0,1,"No"
0.901292986224409,1.08588089561225,1.28022976846174,0,0,0,0,1,0,1,1,0,0,0,0,1,0,0,0,0,0,1,0,1,0,1,1,0,0,0,"No"
0.983000508492613,1.12084000882738,1.44823125722435,0,0,1,0,1,0,1,1,0,0,0,0,1,0,0,0,0,0,1,0,1,1,0,1,0,1,0,"Yes"
-0.93712626481019,0.371716154217414,-0.703309582432965,0,0,1,0,1,0,0,1,0,0,0,0,0,0,1,0,0,0,0,0,0,0,0,1,0,0,0,"Yes"
-0.487734892335066,-0.17930605884014,-0.465961477564587,1,0,0,0,1,0,1,0,0,0,1,0,0,0,0,0,1,0,0,0,0,0,0,0,0,0,0,"No"
-0.855418742541986,0.376710313248147,-0.609975422009289,1,0,0,0,1,0,0,1,0,0,0,0,1,0,0,0,0,0,0,0,0,0,0,1,0,0,1,"No"
1.47324564210184,0.211903065233954,1.10819340625563,1,0,1,0,1,0,0,0,0,0,1,0,1,0,1,0,0,0,0,0,1,0,1,0,0,0,0,"No"
0.247632808078774,1.26567062071864,0.783519111860203,1,1,1,0,1,0,1,1,0,0,0,0,1,0,1,0,0,0,1,0,1,0,0,1,0,1,0,"No"
0.656170419419795,1.38220099810242,1.25954549965525,1,0,0,0,1,0,1,1,0,0,0,0,1,0,1,0,0,0,1,0,1,1,0,1,1,0,0,"Yes"
-1.26395635388301,-0.692039719328741,-0.974710245593686,0,0,0,0,1,0,0,0,0,0,0,0,0,0,0,0,0,0,0,0,0,0,0,0,0,1,0,"No"
1.26897683643133,-0.185964937547784,0.649791877732979,1,0,1,1,0,1,0,0,0,0,1,0,1,0,1,0,0,0,1,0,1,0,1,0,0,1,0,"No"
-1.1822488316148,0.178608671695734,-0.896384927594436,0,0,0,0,1,0,0,0,0,0,0,0,0,0,1,0,0,0,1,0,1,1,0,1,0,1,0,"No"
1.47324564210184,0.659712658323024,1.55393607359017,0,0,1,1,1,0,1,1,0,0,0,0,1,0,1,0,0,0,0,0,0,0,1,1,1,0,0,"No"
1.63666068663825,0.74960752087622,1.76824992841574,1,0,1,0,1,0,1,0,0,0,1,0,1,0,1,0,1,0,1,0,1,0,1,1,0,0,0,"No"
-0.120051042128146,-1.48944044456913,-0.740044666476203,0,0,1,0,1,0,0,0,1,1,0,1,0,1,0,1,0,1,0,1,0,0,0,0,0,0,1,"No"
0.206779046944671,0.857814299875438,0.521961766330862,1,0,1,0,1,0,0,1,0,0,0,0,0,0,1,0,1,0,0,0,1,0,0,1,0,1,0,"No"
0.0842177635423648,1.50539025419383,0.596429567961058,0,0,0,0,1,0,1,1,0,0,1,0,1,0,1,0,0,0,1,0,1,0,0,1,0,0,1,"Yes"
0.411047852615182,0.668036256707579,0.576077843669149,0,1,0,0,1,0,1,1,0,0,0,0,0,0,0,0,0,0,1,0,0,0,0,1,0,1,0,"Yes"
-0.855418742541986,0.496570129985742,-0.609044297368483,1,0,1,1,1,0,0,1,0,0,0,0,0,0,0,0,0,0,1,0,0,0,0,1,0,0,0,"Yes"
1.14641555302902,0.544847000616162,1.16035855577508,1,1,1,1,1,0,1,1,0,0,1,0,0,0,0,0,0,0,0,0,0,0,0,1,0,1,0,"No"
-0.201758564396351,-0.280853959131714,-0.355933582509313,0,0,0,0,1,0,0,0,0,0,0,0,1,0,0,0,1,0,0,0,0,0,0,1,0,0,1,"No"
-1.26395635388301,0.706324809276533,-0.956087752777561,0,0,0,0,1,0,1,1,0,0,0,0,0,0,0,0,0,0,0,0,1,0,0,0,0,0,1,"Yes"
-1.26395635388301,0.483252372570454,-0.959058483774419,1,1,0,0,1,0,0,1,0,0,0,0,0,0,0,0,0,0,1,0,0,0,0,1,0,1,0,"Yes"
1.06470803076082,-1.45947549038473,-0.468289289166602,1,0,1,0,1,0,0,0,1,1,0,1,0,1,0,1,0,1,0,1,0,0,1,0,0,0,1,"No"
-1.1822488316148,-0.67539252255963,-0.934494528964578,0,0,1,1,1,0,0,0,0,0,0,0,0,0,0,0,0,0,0,0,0,0,0,0,0,0,1,"Yes"
0.860439225090306,0.872796776967637,1.18789324158178,0,0,0,0,1,0,1,1,0,0,1,0,1,0,1,0,0,0,0,0,0,0,0,0,0,1,0,"No"
0.125071524676467,-1.29799768172436,-0.594523186898766,1,0,0,0,1,0,1,0,1,1,0,1,0,1,0,1,0,1,0,1,0,0,0,1,0,1,0,"No"
0.737877941688,1.37720683907168,1.37438420535469,1,0,1,1,1,0,1,1,0,0,1,0,0,0,1,0,0,0,1,0,1,0,0,0,1,0,0,"Yes"
0.615316658285693,-1.304656560432,-0.489017897241694,1,0,1,0,1,0,1,0,1,1,0,1,0,1,0,1,0,1,0,1,0,0,0,0,0,1,0,"No"
0.778731702822102,1.00098019208979,1.13980730477443,1,0,1,0,1,0,1,1,0,0,0,0,0,0,0,0,0,0,1,0,1,0,0,1,0,1,0,"Yes"
0.574462897151591,1.0475923430433,0.956575277244339,0,0,0,0,1,0,1,1,0,0,0,0,0,0,0,0,0,0,1,0,1,0,0,0,0,0,0,"Yes"
-0.93712626481019,0.408339987109457,-0.699917628384313,0,0,0,0,1,0,1,1,0,0,0,0,0,0,0,0,0,0,0,0,0,0,0,1,0,1,0,"No"
-0.977980025944292,-1.47612268715384,-0.916692312617734,0,0,0,0,1,0,0,0,1,1,0,1,0,1,0,1,0,1,0,1,0,0,1,0,0,0,1,"No"
-0.732857459139679,-1.32463319655494,-0.851491418126991,1,0,0,0,1,0,1,0,1,1,0,1,0,1,0,1,0,1,0,1,0,1,0,1,1,0,0,"No"
0.533609136017489,1.70016245639242,1.27847836735165,0,0,0,0,1,0,1,1,0,0,1,0,1,0,1,0,1,0,1,0,1,0,0,1,0,1,0,"No"
-0.977980025944292,0.33342760164846,-0.750752599845475,0,0,0,0,1,0,1,1,0,0,0,0,0,0,0,0,0,0,0,0,0,0,0,1,1,0,0,"No"
-1.26395635388301,-0.480620320361038,-0.971894702036963,1,1,0,1,1,0,0,0,0,0,0,0,0,0,1,0,0,0,0,0,0,0,0,1,0,0,1,"Yes"
1.39153811983363,1.28398253716466,2.12349614851764,1,0,1,1,1,0,0,1,0,0,1,0,1,0,1,0,0,0,1,0,1,1,0,1,0,0,0,"No"
1.63666068663825,0.250191617802908,1.23021507346986,1,0,1,1,1,0,1,0,0,0,1,0,1,0,1,0,1,0,0,0,0,0,1,0,1,0,0,"No"
-0.365173608932759,-1.31464487849347,-0.723018387330031,0,0,1,1,1,0,1,0,1,1,0,1,0,1,0,1,0,1,0,1,0,0,1,0,0,0,1,"No"
-0.120051042128146,0.47659349386281,0.0629838273162872,0,0,0,0,1,0,0,1,0,0,0,0,0,0,0,0,0,0,1,0,0,0,0,1,0,1,0,"Yes"
-1.0596875482125,-1.304656560432,-0.926158746465931,1,0,1,1,1,0,1,0,1,1,0,1,0,1,0,1,0,1,0,1,0,0,1,0,0,0,1,"No"
1.43239188096774,1.35889492262566,2.12540273706786,0,1,1,0,1,0,1,1,0,0,1,0,1,0,1,0,1,0,0,0,1,1,0,1,1,0,0,"No"
-1.01883378707839,-0.62711565192921,-0.841515082689781,1,1,0,1,1,0,0,0,0,0,0,0,0,0,0,0,0,0,0,0,0,0,0,1,0,0,1,"No"
0.983000508492613,-1.33628623429331,-0.359347706192269,1,0,1,1,1,0,1,0,1,1,0,1,0,1,0,1,0,1,0,1,0,1,0,1,0,0,1,"No"
-0.365173608932759,-1.49776404295368,-0.804957355720982,1,0,1,1,1,0,0,0,1,1,0,1,0,1,0,1,0,1,0,1,0,0,1,0,1,0,0,"No"
-0.201758564396351,0.198585307818666,-0.132219802738455,1,1,1,0,1,0,0,1,0,0,0,0,0,0,0,0,0,0,0,0,0,0,0,1,0,1,0,"No"
-0.242612325530453,-0.151005824332653,-0.277541755607147,0,0,1,1,1,0,1,0,0,0,0,0,1,0,0,0,1,0,0,0,0,0,0,1,0,1,0,"Yes"
-0.814564981407883,-1.27136216689378,-0.854484318758154,1,0,1,1,1,0,1,0,1,1,0,1,0,1,0,1,0,1,0,1,0,1,0,0,0,0,1,"No"
0.329340330346978,-1.47945212650766,-0.637266241838635,0,0,0,0,1,0,0,0,1,1,0,1,0,1,0,1,0,1,0,1,0,0,1,0,0,0,1,"No"
-1.01883378707839,-0.190959096578517,-0.787642871328847,1,0,1,1,0,1,0,0,0,0,1,0,1,0,1,0,0,0,1,0,1,0,0,0,0,0,1,"No"
0.288486569212876,-1.30965071946274,-0.573905426995199,1,0,1,1,0,1,0,0,0,0,0,0,0,0,0,0,0,0,0,0,0,1,0,1,1,0,0,"No"
-1.26395635388301,-0.99501870052655,-0.97874511903718,0,0,0,0,0,1,0,0,0,0,0,0,0,0,0,0,0,0,1,0,0,0,0,1,0,1,0,"Yes"
1.59580692550415,0.673030415738312,1.73379831670591,1,0,1,1,1,0,1,1,0,0,0,0,1,0,0,0,1,0,0,0,0,0,1,1,0,1,0,"No"
0.411047852615182,-1.46280492973855,-0.569316312694082,0,0,0,0,1,0,0,0,1,1,0,1,0,1,0,1,0,1,0,1,0,1,0,1,0,0,1,"No"
-0.446881131200964,1.32560052908744,-0.0185560876571758,0,0,1,0,1,0,1,1,0,0,1,0,0,0,1,0,0,0,1,0,1,0,0,1,0,0,0,"Yes"
-1.26395635388301,1.17078159913471,-0.949902424806491,1,0,0,1,1,0,1,1,0,0,0,0,0,0,1,0,0,0,1,0,1,0,0,1,0,1,0,"Yes"
0.942146747358511,0.86114373922926,1.24269657758352,0,1,1,0,1,0,1,1,0,0,0,0,1,0,1,0,1,0,0,0,0,0,0,0,0,1,0,"No"
1.51409940323594,1.10086337270445,1.99590990309288,1,0,0,0,1,0,1,1,0,0,0,0,1,0,1,0,1,0,1,0,0,0,1,1,1,0,0,"No"
-1.1822488316148,0.308456806494794,-0.907048521695098,0,1,0,0,1,0,0,1,0,0,0,0,0,0,1,0,0,0,0,0,0,0,0,0,0,1,0,"No"
-1.1413950704807,0.326768722940816,-0.861246057221151,1,0,0,0,1,0,0,0,0,0,0,0,0,0,1,0,1,0,1,0,1,0,0,1,0,1,0,"Yes"
-0.0791972809940439,0.150308437188246,-0.0657108998237217,1,1,0,0,1,0,1,0,0,0,0,0,0,0,1,0,1,0,1,0,0,0,1,1,1,0,0,"No"
-0.120051042128146,-0.310818913316112,-0.275746015228449,0,0,0,0,1,0,1,0,0,0,0,0,1,0,0,0,0,0,0,0,0,1,0,1,0,1,0,"No"
0.819585463956204,-0.107723112732965,0.411224442977831,1,0,1,0,1,0,1,0,0,0,0,0,1,0,0,0,1,0,0,0,0,0,0,0,0,0,0,"No"
0.574462897151591,-1.50442292166133,-0.564993234004625,0,0,1,1,1,0,0,0,1,1,0,1,0,1,0,1,0,1,0,1,0,0,1,0,0,0,1,"No"
-0.977980025944292,-0.327466110085223,-0.799902679099463,1,0,0,0,1,0,0,0,0,0,0,0,0,0,0,0,0,0,0,0,1,0,0,1,1,0,0,"No"
1.63666068663825,-1.49443460359986,-0.363670784881727,1,0,1,0,1,0,0,0,1,1,0,1,0,1,0,1,0,1,0,1,0,0,1,0,1,0,0,"No"
-1.1822488316148,1.44379562614812,-0.852865935453895,1,0,0,0,1,0,0,1,0,0,0,0,1,0,1,0,1,0,1,0,1,0,0,1,0,1,0,"No"
-0.93712626481019,0.321774563910083,-0.710514713582061,0,0,0,0,1,0,0,1,0,0,1,0,0,0,0,0,0,0,0,0,0,0,0,1,1,0,0,"Yes"
0.778731702822102,-0.272530360747158,0.304344635993854,0,0,0,0,0,1,0,0,0,0,0,0,1,0,1,0,0,0,1,0,1,1,0,1,1,0,0,"No"
-1.1822488316148,1.00930379047434,-0.872995963402754,0,0,1,0,1,0,1,1,0,0,0,0,0,0,0,0,0,0,1,0,1,0,0,0,0,1,0,"No"
-0.610296175737372,0.985997714997588,-0.281088897095933,0,1,0,0,1,0,1,1,0,0,0,0,0,0,0,0,0,0,1,0,1,0,0,1,0,1,0,"No"
-0.0791972809940439,-0.488943918745594,-0.354780761525458,1,0,1,0,1,0,1,0,0,0,0,0,0,0,0,0,0,0,0,0,0,0,0,0,0,1,0,"No"
-0.0383435198599417,0.215232504587776,-0.0327889928809287,1,0,0,0,1,0,1,0,0,0,0,0,1,0,0,0,1,0,1,0,0,0,0,1,0,1,0,"No"
0.533609136017489,0.568153076092917,0.610374267938847,0,0,0,0,1,0,0,0,0,0,1,0,0,0,1,0,1,0,1,0,1,0,1,0,0,0,0,"No"
1.30983059756543,0.827849345691039,1.52994852927225,1,0,1,0,1,0,1,1,0,0,1,0,1,0,1,0,0,0,0,0,0,1,0,0,0,0,0,"No"
-1.26395635388301,-0.157664703040297,-0.96759379298181,1,0,0,0,1,0,1,0,0,0,0,0,0,0,0,0,0,0,1,0,0,0,0,1,0,1,0,"Yes"
1.18726931416312,1.14581080398105,1.65261311588133,1,1,1,1,1,0,1,1,0,0,0,0,1,0,0,0,0,0,1,0,1,1,0,0,0,1,0,"No"
-1.26395635388301,-1.51607595939971,-0.985684214574617,1,0,0,0,1,0,0,0,1,1,0,1,0,1,0,1,0,1,0,1,0,0,0,0,0,0,1,"No"
1.63666068663825,1.66020918414656,2.59759377812816,1,0,1,1,1,0,1,1,0,0,1,0,1,0,1,0,1,0,1,0,1,0,1,0,0,0,0,"No"
-1.26395635388301,-1.50109348230751,-0.985484687865873,0,0,0,0,1,0,0,0,1,1,0,1,0,1,0,1,0,1,0,1,0,0,0,0,0,0,1,"Yes"
-1.01883378707839,-0.677057242236541,-0.855149407787301,0,0,1,0,1,0,0,0,0,0,0,0,0,0,0,0,0,0,0,0,0,0,0,1,0,0,1,"No"
0.329340330346978,-1.47112852812311,-0.663670276295784,1,0,1,1,1,0,0,0,1,1,0,1,0,1,0,1,0,1,0,1,0,0,0,1,0,0,0,"No"
0.37019409148108,1.32726524876435,0.851291683930316,0,0,1,0,1,0,0,1,0,0,1,0,1,0,1,0,0,0,1,0,1,1,0,1,0,0,0,"No"
1.63666068663825,1.726797971223,2.55901861443762,0,0,0,0,1,0,1,1,0,0,1,0,1,0,1,0,1,0,1,0,1,0,1,1,0,0,0,"No"
0.901292986224409,-1.48278156586148,-0.505334748090109,0,0,1,0,1,0,0,0,1,1,0,1,0,1,0,1,0,1,0,1,0,0,1,0,1,0,0,"No"
0.819585463956204,1.53701992805514,1.59173530008004,1,1,0,0,1,0,1,1,0,0,0,0,1,0,1,0,1,0,1,0,1,0,0,1,0,1,0,"No"
0.737877941688,0.836172944075594,0.914452972065008,0,0,0,0,1,0,0,1,0,0,0,0,0,0,1,0,1,0,0,0,1,0,1,1,0,0,0,"No"
-0.732857459139679,0.84449654246015,-0.471636903946644,1,0,0,0,1,0,1,1,0,0,0,0,0,0,0,0,1,0,1,0,0,0,0,1,0,1,0,"Yes"
1.22812307529723,0.323439283586994,1.08895016367896,1,0,0,0,1,0,0,0,0,0,1,0,1,0,0,0,0,0,1,0,1,1,0,1,1,0,0,"No"
-0.814564981407883,-0.342448587177422,-0.703930332193502,0,0,0,0,1,0,0,0,0,0,0,0,1,0,0,0,1,0,0,0,0,0,0,1,0,1,0,"No"
0.492755374883387,0.341751200033015,0.454898622558506,0,1,0,0,1,0,0,0,0,0,0,0,0,0,1,0,1,0,1,0,1,1,0,0,0,0,0,"No"
-0.487734892335066,-1.50442292166133,-0.809945523439587,1,0,0,0,1,0,0,0,1,1,0,1,0,1,0,1,0,1,0,1,0,0,0,0,0,0,1,"No"
0.737877941688,-0.32247195105449,0.164941975484573,1,0,1,1,1,0,1,0,0,0,0,0,0,0,1,0,0,0,0,0,0,1,0,0,0,0,0,"No"
1.06470803076082,-1.33628623429331,-0.32301167556652,1,0,0,0,1,0,1,0,1,1,0,1,0,1,0,1,0,1,0,1,0,0,1,1,1,0,0,"No"
1.26897683643133,0.370051434540503,1.07948372983077,1,0,1,1,1,0,1,0,0,0,1,0,0,0,1,0,1,0,0,0,1,0,1,0,0,0,1,"No"
-0.201758564396351,-1.46613436909237,-0.735499891443696,0,0,1,1,1,0,0,0,1,1,0,1,0,1,0,1,0,1,0,1,0,1,0,1,0,0,1,"No"
1.59580692550415,1.68351525962331,2.58763961232526,0,0,1,0,1,0,1,1,0,0,1,0,1,0,1,0,1,0,1,0,1,0,1,1,1,0,0,"No"
1.26897683643133,-0.200947414639984,0.559295430500332,0,0,0,0,1,0,0,0,0,0,0,0,0,0,1,0,0,0,0,0,1,1,0,0,1,0,0,"No"
1.59580692550415,0.954368041136278,1.963054505053,1,0,1,0,1,0,1,1,0,0,0,0,1,0,1,0,0,0,0,0,1,0,0,1,0,0,0,"No"
0.37019409148108,1.61859119222378,1.08515915621282,0,1,0,0,1,0,1,1,0,0,1,0,1,0,1,0,0,0,1,0,1,0,0,1,0,1,0,"Yes"
-1.22310259274891,0.479922933216632,-0.930437485886779,1,0,0,0,1,0,0,1,0,0,0,0,0,0,0,0,0,0,1,0,0,0,0,0,0,1,0,"Yes"
1.63666068663825,-1.31797431784729,-0.194893358918439,1,1,1,0,1,0,1,0,1,1,0,1,0,1,0,1,0,1,0,1,0,0,1,1,0,0,0,"No"
-0.160904803262248,-0.32247195105449,-0.32675834376405,0,0,0,0,1,0,1,0,0,0,0,0,0,0,0,0,1,0,0,0,0,0,0,1,1,0,0,"No"
1.63666068663825,-1.32629791623185,-0.169819502519584,1,0,1,1,1,0,1,0,1,1,0,1,0,1,0,1,0,1,0,1,0,0,1,0,1,0,0,"No"
-1.22310259274891,0.884449814706015,-0.919419177637238,0,0,0,0,1,0,0,1,0,0,1,0,1,0,0,0,0,0,1,0,0,0,0,1,0,1,0,"No"
-0.56944241460327,-1.47945212650766,-0.820830813883299,0,0,0,1,1,0,0,0,1,1,0,1,0,1,0,1,0,1,0,1,0,1,0,0,0,0,0,"Yes"
1.14641555302902,1.32393580941053,1.81673491864058,1,1,1,0,1,0,1,1,0,0,0,0,1,0,1,0,0,0,1,0,1,1,0,1,0,1,0,"No"
-1.26395635388301,0.235209140710709,-0.962361759285851,1,0,0,1,1,0,0,1,0,0,0,0,0,0,0,0,0,0,0,0,0,0,0,1,0,1,0,"Yes"
-1.1413950704807,-1.47279324780002,-0.959767912072176,0,0,0,0,1,0,0,0,1,1,0,1,0,1,0,1,0,1,0,1,0,0,0,0,0,0,1,"Yes"
1.47324564210184,0.919408927921146,1.84041208807823,1,0,1,1,1,0,1,0,0,0,1,0,1,0,1,0,1,0,1,0,1,0,1,1,1,0,0,"No"
0.247632808078774,0.654718499292291,0.453324578522857,0,0,0,0,1,0,0,1,0,0,0,0,1,0,1,0,1,0,0,0,0,0,0,1,1,0,0,"Yes"
0.901292986224409,-1.1381845927409,-0.275236113639437,1,0,1,0,0,1,0,0,0,0,0,0,1,0,0,0,0,0,0,0,0,0,0,0,0,1,0,"No"
-0.814564981407883,0.449957979032233,-0.574104953703943,0,0,0,0,1,0,0,1,0,0,0,0,0,0,0,0,0,0,0,0,1,0,0,0,0,0,0,"Yes"
1.63666068663825,-1.32629791623185,-0.209503147925375,1,0,1,1,1,0,1,0,1,1,0,1,0,1,0,1,0,1,0,1,0,0,1,0,0,0,0,"No"
1.59580692550415,0.881120375352192,1.7964718728859,0,0,1,1,1,0,1,0,0,0,1,0,1,0,1,0,1,0,1,0,1,0,1,0,0,0,1,"No"
-0.528588653469168,0.834508224398683,-0.213294155391515,0,0,1,0,1,0,1,1,0,0,0,0,0,0,1,0,0,0,0,0,1,0,0,0,0,0,1,"Yes"
-0.365173608932759,0.301797927787151,-0.265747510156935,0,0,1,0,1,0,1,0,0,0,0,0,0,0,0,0,1,0,1,0,1,0,0,1,1,0,0,"No"
-0.0791972809940439,-1.50442292166133,-0.737628176336967,0,0,0,0,1,0,0,0,1,1,0,1,0,1,0,1,0,1,0,1,0,0,1,0,1,0,0,"No"
-1.26395635388301,-0.690374999651829,-0.974688075959382,1,0,0,0,1,0,0,0,0,0,0,0,0,0,0,0,0,0,0,0,0,0,0,1,0,0,0,"No"
-0.406027370066861,0.170285073311178,-0.333298385883999,1,0,0,0,1,0,0,1,0,0,0,0,0,0,0,0,0,0,0,0,0,0,0,1,0,0,1,"No"
-1.01883378707839,-0.8668352854044,-0.869980893137286,1,0,1,1,0,1,0,0,0,0,1,0,1,0,1,0,0,0,0,0,0,0,1,0,0,0,1,"No"
0.165925285810569,-0.382401859423287,-0.151130500800544,0,0,0,0,0,1,0,0,0,0,1,0,1,0,1,0,1,0,0,0,1,0,1,1,0,0,1,"No"
1.63666068663825,-0.00451049276448084,1.09868263313882,1,0,1,1,1,0,1,0,0,0,1,0,1,0,1,0,0,0,0,0,0,0,1,0,1,0,0,"No"
-1.26395635388301,0.391692790340346,-0.960277813661189,0,0,0,0,1,0,0,1,0,0,0,0,0,0,1,0,0,0,0,0,0,0,0,0,0,1,0,"Yes"
-0.365173608932759,0.484917092247365,-0.250583480292375,0,0,0,0,1,0,1,1,0,0,0,0,1,0,0,0,0,0,0,0,0,0,0,1,0,1,0,"Yes"
1.59580692550415,1.0176273888589,2.00801452342336,0,0,1,1,1,0,1,1,0,0,1,0,1,0,1,0,1,0,0,0,0,1,0,1,1,0,0,"No"
-0.610296175737372,1.06756897916623,-0.289912411549288,1,0,1,0,1,0,0,1,0,0,0,0,0,0,1,0,0,0,1,0,1,1,0,1,0,0,0,"No"
-0.814564981407883,-1.49443460359986,-0.879580344791313,1,0,1,1,1,0,0,0,1,1,0,1,0,1,0,1,0,1,0,1,0,0,1,0,0,0,1,"No"
1.63666068663825,-1.46779908876929,-0.328044182553735,0,0,1,0,1,0,0,0,1,1,0,1,0,1,0,1,0,1,0,1,0,0,1,0,1,0,0,"No"
1.63666068663825,1.1241694481812,2.07831443380423,1,1,1,0,1,0,1,1,0,0,0,0,1,0,0,0,0,0,1,0,1,0,1,0,0,0,0,"No"
1.14641555302902,0.325104003263905,0.980429803756423,1,0,1,1,1,0,1,1,0,0,0,0,0,0,0,0,0,0,0,0,0,0,0,0,0,0,0,"No"
1.18726931416312,-0.440667048115173,0.444412385532283,0,0,1,1,0,1,0,0,0,0,0,0,1,0,1,0,1,0,1,0,0,0,1,0,1,0,0,"No"
-1.0596875482125,-0.630445091283032,-0.850715480926319,0,0,1,0,1,0,0,0,0,0,0,0,0,0,0,0,0,0,0,0,0,0,0,0,0,0,1,"No"
0.00251024127416045,0.689677612507423,0.18578143173119,1,1,1,0,1,0,1,1,0,0,0,0,0,0,0,0,0,0,0,0,1,0,0,0,0,1,0,"Yes"
-0.0383435198599417,0.731295604430199,0.201876586236555,0,0,0,1,1,0,1,1,0,0,0,0,0,0,0,0,0,0,1,0,0,0,0,1,1,0,0,"Yes"
0.00251024127416045,-0.345778026531244,-0.222804928508322,0,0,0,0,1,0,1,0,0,0,0,0,1,0,0,0,0,0,0,0,0,0,0,1,0,1,0,"No"
1.35068435869953,0.867802617936904,1.63563117600377,1,0,1,0,1,0,1,1,0,0,0,0,1,0,0,0,0,0,0,0,1,0,0,1,0,1,0,"No"
0.411047852615182,-1.31630959817038,-0.572974302354393,1,0,0,0,1,0,1,0,1,1,0,1,0,1,0,1,0,1,0,1,0,1,0,0,0,1,0,"No"
-0.977980025944292,0.341751200033015,-0.740310702087861,1,0,0,0,1,0,1,1,0,0,0,0,0,0,0,0,0,0,0,0,0,0,0,1,0,1,0,"No"
0.00251024127416045,-1.46779908876929,-0.685174821571548,1,0,0,1,1,0,0,0,1,1,0,1,0,1,0,1,0,1,0,1,0,0,1,0,0,0,1,"No"
-0.406027370066861,-0.0344754469488798,-0.381450831594266,0,1,1,0,1,0,1,0,0,0,1,0,1,0,0,0,1,0,0,0,0,0,0,1,0,0,1,"No"
-1.26395635388301,-0.553867986145124,-0.972870165946379,1,0,0,0,1,0,0,0,0,0,1,0,0,0,0,0,0,0,0,0,0,0,0,0,0,1,0,"No"
-1.26395635388301,-0.648757007729053,-0.974133835101759,1,1,0,0,1,0,0,0,0,0,0,0,0,0,0,0,0,0,0,0,0,0,0,0,0,1,0,"Yes"
-1.26395635388301,-0.652086447082876,-0.974178174370369,0,0,1,0,1,0,0,0,0,0,0,0,0,0,0,0,0,0,0,0,0,0,0,1,0,1,0,"No"
-0.324319847798657,1.04592762336639,-0.0530520386356176,1,0,0,0,1,0,0,1,0,0,0,0,0,0,0,0,1,0,1,0,1,0,0,1,0,1,0,"Yes"
0.901292986224409,0.847825981813972,1.19259320405442,1,1,0,0,1,0,1,1,0,0,0,0,1,0,0,0,0,0,0,0,1,0,0,1,0,1,0,"No"
-1.1413950704807,-1.30798599978583,-0.942276070605602,0,0,0,0,1,0,1,0,1,1,0,1,0,1,0,1,0,1,0,1,0,0,1,1,1,0,0,"No"
1.35068435869953,1.46710170162488,2.08210544127037,1,0,1,1,1,0,1,1,0,0,1,0,0,0,1,0,1,0,1,0,1,0,1,0,0,0,0,"Yes"
0.983000508492613,-1.34128039332405,-0.434702293194662,0,0,1,0,1,0,1,0,1,1,0,1,0,1,0,1,0,1,0,1,0,1,0,0,0,1,0,"No"
1.59580692550415,-1.49443460359986,-0.366353310632621,0,0,1,1,1,0,0,0,1,1,0,1,0,1,0,1,0,1,0,1,0,0,1,0,1,0,0,"No"
1.10556179189492,0.0604135746350498,0.760906084869193,1,0,1,0,1,0,0,0,0,0,1,0,1,0,1,0,0,0,1,0,0,1,0,0,1,0,0,"No"
1.51409940323594,-0.960059587311418,0.110914576683505,1,0,0,0,0,1,0,0,0,0,0,0,1,0,1,0,0,0,0,0,0,1,0,1,0,0,0,"No"
-0.528588653469168,-1.52439955778426,-0.870335607286165,1,0,0,0,1,0,0,0,1,1,0,1,0,1,0,1,0,1,0,1,0,1,0,0,0,0,1,"No"
0.942146747358511,-1.50442292166133,-0.513936566200414,0,0,1,1,1,0,0,0,1,1,0,1,0,1,0,1,0,1,0,1,0,0,1,0,1,0,0,"No"
0.247632808078774,-1.50775236101515,-0.659147670897582,0,0,0,0,1,0,0,0,1,1,0,1,0,1,0,1,0,1,0,1,0,1,0,0,0,0,1,"No"
-0.896272503676088,-0.633774530636854,-0.815620949821644,1,0,0,0,1,0,0,0,0,0,0,0,0,0,0,0,0,0,0,0,0,0,0,1,0,1,0,"Yes"
0.615316658285693,0.0953726878501816,0.447782169946629,0,1,1,0,1,0,1,0,0,0,1,0,1,0,1,0,0,0,0,0,0,0,0,1,1,0,0,"No"
-1.22310259274891,-0.981700943111261,-0.963647598075536,0,0,1,0,0,1,0,0,0,0,0,0,0,0,0,0,0,0,0,0,1,0,0,1,0,1,0,"Yes"
-1.26395635388301,-0.61213317483701,-0.973646103147051,1,0,0,0,1,0,0,0,0,0,0,0,0,0,0,0,0,0,0,0,0,0,0,0,1,0,0,"Yes"
-1.26395635388301,-0.647092288052142,-0.974111665467454,0,0,0,0,1,0,0,0,0,0,0,0,0,0,0,0,0,0,0,0,0,0,0,0,0,1,0,"Yes"
-1.26395635388301,-0.708686916097851,-0.974931941936735,1,1,0,0,0,1,0,0,0,0,0,0,1,0,1,0,0,0,0,0,1,0,0,1,0,1,0,"Yes"
0.574462897151591,-1.48111684618457,-0.578738407273669,1,0,1,1,1,0,0,0,1,1,0,1,0,1,0,1,0,1,0,1,0,0,1,1,0,0,1,"No"
0.247632808078774,-0.247559565593493,0.00379090372217459,0,1,0,0,1,0,0,0,0,0,1,0,1,0,0,0,0,0,0,0,0,0,0,1,1,0,0,"Yes"
1.35068435869953,-0.189294376901606,0.716079084304663,0,0,1,0,1,0,0,0,0,0,1,0,0,0,1,0,1,0,0,0,0,0,1,0,1,0,0,"No"
-0.528588653469168,0.286815450694951,-0.355157645308641,0,0,1,0,1,0,0,1,0,0,1,0,0,0,0,0,0,0,0,0,0,0,0,1,0,1,0,"Yes"
0.819585463956204,0.691342332184334,0.929572662660957,1,0,0,0,1,0,0,1,0,0,0,0,1,0,0,0,0,0,0,0,1,0,0,1,0,1,0,"Yes"
1.59580692550415,-1.50275820198442,-0.382936197092695,1,0,1,1,1,0,0,0,1,1,0,1,0,1,0,1,0,1,0,1,0,0,1,0,0,0,1,"No"
0.819585463956204,-0.468967282622661,0.143747805089078,0,1,0,0,0,1,0,0,0,0,0,0,1,0,1,0,1,0,1,0,0,0,0,1,0,1,0,"No"
-1.26395635388301,-0.633774530636854,-0.973934308393015,1,0,0,0,1,0,0,0,0,0,0,0,0,0,0,0,0,0,0,0,0,0,0,1,0,0,1,"No"
0.778731702822102,0.9726799575823,1.01858374439518,0,0,1,1,1,0,1,1,0,0,1,0,1,0,0,0,0,0,0,0,1,0,0,1,0,1,0,"No"
0.37019409148108,-1.49443460359986,-0.637532277450294,0,0,1,1,1,0,0,0,1,1,0,1,0,1,0,1,0,1,0,1,0,0,1,0,0,0,0,"No"
0.615316658285693,1.01929210853581,1.0290699814214,1,0,1,0,1,0,1,1,0,0,0,0,0,0,0,0,0,0,1,0,1,1,0,1,1,0,0,"No"
1.63666068663825,0.79788439150664,1.82688861115223,1,0,0,0,1,0,1,0,0,0,1,0,1,0,1,0,1,0,1,0,1,0,1,0,1,0,0,"No"
-1.26395635388301,0.181938111049555,-0.963071187583608,1,0,0,0,1,0,0,1,0,0,0,0,0,0,0,0,0,0,0,0,0,0,0,1,0,1,0,"Yes"
-1.22310259274891,0.712983687984177,-0.920771525329838,1,0,0,0,1,0,1,1,0,0,0,0,0,0,0,0,0,0,0,0,1,0,0,1,0,1,0,"Yes"
-0.120051042128146,-0.146011665301919,-0.180882150037735,1,0,1,1,1,0,0,0,0,0,1,0,0,0,0,0,0,0,0,0,1,0,0,1,0,0,1,"No"
0.125071524676467,1.19575239428838,0.62573782451215,0,1,1,0,1,0,1,1,0,0,1,0,1,0,0,0,1,0,1,0,0,0,0,1,0,0,0,"Yes"
1.43239188096774,-0.139352786594275,0.758910817781751,1,0,1,1,1,0,0,0,0,0,1,0,0,0,1,0,1,0,0,0,0,0,1,1,0,0,0,"No"
-0.732857459139679,-1.11487851726414,-0.808038934889365,1,0,0,0,0,1,0,0,0,0,0,0,1,0,0,0,0,0,0,0,0,0,0,1,0,0,1,"No"
-1.26395635388301,-0.648757007729053,-0.974133835101759,0,1,0,0,1,0,0,0,0,0,0,0,0,0,0,0,0,0,0,0,0,0,0,0,0,0,1,"Yes"
-1.1413950704807,-0.453984805530462,-0.902193371782322,1,1,0,0,0,1,0,0,0,0,0,0,1,0,0,0,0,0,1,0,1,0,0,1,1,0,0,"No"
0.574462897151591,-0.687045560298007,-0.103864840462474,0,0,1,0,0,1,0,0,0,0,0,0,0,0,0,0,0,0,1,0,1,0,0,1,0,1,0,"No"
0.247632808078774,0.178608671695734,0.184207387695541,1,0,0,0,1,0,1,0,0,0,1,0,1,0,1,0,1,0,0,0,0,0,0,0,0,1,0,"No"
-1.1005413093466,0.478258213539721,-0.826351052825221,0,1,0,0,1,0,0,1,0,0,0,0,0,0,0,0,0,0,0,0,1,0,0,0,0,1,0,"Yes"
-0.610296175737372,0.87779093599837,-0.279293156717235,1,0,0,0,1,0,0,1,0,0,0,0,1,0,1,0,0,0,0,0,1,0,0,1,1,0,0,"No"
-1.1413950704807,-1.48777572489222,-0.96014479585536,1,0,1,1,1,0,0,0,1,1,0,1,0,1,0,1,0,1,0,1,0,0,1,0,0,0,1,"No"
-0.814564981407883,-1.47945212650766,-0.878538371978982,0,0,0,0,1,0,0,0,1,1,0,1,0,1,0,1,0,1,0,1,0,1,0,0,0,1,0,"No"
1.63666068663825,0.866137898259993,1.86213832969704,1,0,1,1,1,0,1,0,0,0,1,0,1,0,1,0,1,0,1,0,1,0,1,1,1,0,0,"No"
-1.1822488316148,0.912750049213502,-0.875833676593783,1,0,0,0,1,0,0,1,0,0,0,0,0,0,0,0,0,0,1,0,1,0,0,1,0,1,0,"No"
0.37019409148108,-1.32296847687802,-0.567476233046775,0,0,0,0,1,0,1,0,1,1,0,1,0,1,0,1,0,1,0,1,0,1,0,1,0,0,1,"No"
0.329340330346978,-0.951735988926863,-0.380963099639557,1,0,0,0,0,1,0,0,0,0,0,0,1,0,0,0,1,0,0,0,0,1,0,0,1,0,0,"No"
-1.01883378707839,0.463275736447521,-0.740931451848399,0,0,0,0,1,0,0,0,0,0,1,0,1,0,0,0,1,0,1,0,1,0,0,1,0,1,0,"No"
1.51409940323594,-1.48611100521531,-0.373669289953242,1,0,0,0,1,0,0,0,1,1,0,1,0,1,0,1,0,1,0,1,0,0,1,0,1,0,0,"No"
-1.1005413093466,-1.13485515338708,-0.919995588129166,0,0,1,1,0,1,0,0,0,0,0,0,1,0,0,0,0,0,0,0,0,0,0,1,0,1,0,"No"
0.492755374883387,-1.46779908876929,-0.610574002135522,1,0,1,1,1,0,0,0,1,1,0,1,0,1,0,1,0,1,0,1,0,1,0,1,0,0,0,"No"
-0.324319847798657,-0.448990646499729,-0.431199490974486,1,0,0,0,1,0,0,0,0,0,0,0,0,0,0,0,1,0,0,0,0,0,0,1,1,0,0,"No"
1.63666068663825,0.816196307952662,1.82247685392556,0,1,1,0,1,0,1,0,0,0,1,0,1,0,1,0,1,0,1,0,1,0,1,0,1,0,0,"No"
-0.324319847798657,-0.320807231377578,-0.396215808041336,1,0,0,0,1,0,0,0,0,0,1,0,0,0,0,0,1,0,0,0,0,0,0,0,0,1,0,"No"
-1.26395635388301,-0.455649525207373,-0.971562157522389,1,0,0,0,1,0,0,0,0,0,0,0,0,0,1,0,0,0,0,0,0,0,0,0,0,0,1,"Yes"
1.55495316437004,0.711318968307266,1.63596372051834,1,0,1,1,1,0,1,0,0,0,0,0,1,0,1,0,1,0,1,0,1,0,1,1,1,0,0,"No"
-0.283466086664555,-0.141017506271186,-0.371319308716921,1,0,1,1,1,0,1,0,0,0,0,0,0,0,0,0,0,0,1,0,0,0,0,0,0,1,0,"No"
1.10556179189492,0.250191617802908,0.865834964034338,0,0,1,1,1,0,1,0,0,0,0,0,0,0,1,0,1,0,1,0,0,0,1,1,0,0,0,"No"
0.697024180553898,1.17244631881162,1.16627784813449,1,0,1,1,1,0,1,1,0,0,0,0,0,0,1,0,0,0,1,0,1,0,0,1,0,1,0,"Yes"
-0.0383435198599417,-1.4994287626306,-0.701957234740365,0,0,1,1,1,0,0,0,1,1,0,1,0,1,0,1,0,1,0,1,0,0,0,1,0,0,1,"Yes"
-1.26395635388301,0.548176439969984,-0.958193868036528,1,0,1,1,1,0,0,1,0,0,0,0,0,0,0,0,0,0,0,0,1,0,0,1,0,1,0,"No"
-1.1822488316148,-1.46779908876929,-0.960011778049531,1,0,0,0,1,0,0,0,1,1,0,1,0,1,0,1,0,1,0,1,0,0,0,1,0,1,0,"No"
0.860439225090306,1.57197904127027,1.58186981281436,0,0,1,0,1,0,1,1,0,0,0,0,1,0,1,0,1,0,1,0,1,1,0,1,0,0,0,"No"
-0.487734892335066,-1.49443460359986,-0.809723827096538,1,0,0,0,1,0,0,0,1,1,0,1,0,1,0,1,0,1,0,1,0,1,0,1,0,0,1,"No"
-1.1822488316148,0.483252372570454,-0.884834548121577,0,0,0,0,1,0,0,1,0,0,1,0,1,0,0,0,0,0,0,0,0,0,0,1,0,1,0,"Yes"
0.778731702822102,-1.48944044456913,-0.552090506839166,0,0,0,0,1,0,0,0,1,1,0,1,0,1,0,1,0,1,0,1,0,1,0,1,0,0,0,"No"
0.778731702822102,-0.136023347240453,0.400405661437034,0,0,1,0,1,0,0,0,0,0,1,0,1,0,0,0,1,0,0,0,0,1,0,1,0,0,0,"No"
-0.773711220273781,-1.4994287626306,-0.87649876562293,0,0,1,1,1,0,0,0,1,1,0,1,0,1,0,1,0,1,0,1,0,0,1,0,0,0,1,"No"
-1.26395635388301,-1.454481331354,-0.984863938105336,0,0,0,0,1,0,0,0,1,1,0,1,0,1,0,1,0,1,0,1,0,0,0,0,0,0,1,"No"
-1.26395635388301,-1.44948717232326,-0.984797429202421,1,0,0,1,1,0,0,0,1,1,0,1,0,1,0,1,0,1,0,1,0,0,0,1,0,0,1,"No"
1.26897683643133,0.230214981679976,1.0349671041465,1,0,0,0,1,0,1,0,0,0,1,0,1,0,1,0,1,0,0,0,0,1,0,0,0,1,0,"No"
0.574462897151591,-1.51108180036897,-0.591463777364688,1,0,0,0,1,0,0,0,1,1,0,1,0,1,0,1,0,1,0,1,0,0,1,0,1,0,0,"No"
-1.26395635388301,-0.492273358099416,-0.972049889477097,1,0,0,0,1,0,1,0,0,0,0,0,0,0,0,0,0,0,0,0,0,0,0,1,1,0,0,"No"
-0.977980025944292,-1.30132712107818,-0.898712739196451,1,0,0,1,0,1,0,0,0,0,0,0,0,0,0,0,0,0,0,0,0,0,0,0,0,0,1,"Yes"
1.59580692550415,-1.46779908876929,-0.328620593045662,0,0,1,1,1,0,0,0,1,1,0,1,0,1,0,1,0,1,0,1,0,0,1,0,0,0,0,"No"
0.942146747358511,0.859479019552349,1.26679497007296,1,0,1,1,1,0,1,1,0,0,0,0,0,0,1,0,0,0,1,0,0,0,0,1,1,0,0,"No"
-1.22310259274891,0.538188121908518,-0.923431881446427,0,0,0,0,1,0,0,1,0,0,0,0,0,0,0,0,0,0,0,0,1,0,0,0,0,1,0,"Yes"
-0.487734892335066,1.02928042659728,-0.144501780143376,0,0,1,1,1,0,1,1,0,0,0,0,0,0,1,0,1,0,0,0,1,0,0,1,0,0,0,"No"
-1.26395635388301,0.358398396802126,-0.960721206347288,1,0,0,1,1,0,0,1,0,0,0,0,1,0,0,0,0,0,0,0,0,0,0,1,0,1,0,"Yes"
-1.26395635388301,0.361727836155948,-0.960676867078678,1,0,0,0,1,0,1,1,0,0,0,0,0,0,0,0,0,0,0,0,0,0,0,1,0,1,0,"Yes"
1.63666068663825,1.22238790911896,2.22545429668593,0,0,0,0,1,0,1,1,0,0,1,0,1,0,1,0,0,0,1,0,0,0,1,1,0,0,0,"No"
0.574462897151591,-0.382401859423287,0.0965264840196177,0,0,1,0,1,0,1,0,0,0,1,0,0,0,0,0,0,0,0,0,0,0,0,0,0,1,0,"No"
-0.324319847798657,0.674695135415223,-0.0857079099667515,1,0,0,0,1,0,1,1,0,0,0,0,1,0,1,0,0,0,0,0,0,0,0,1,0,0,0,"No"
-1.1005413093466,-1.01000117761875,-0.921613971433424,0,0,1,1,0,1,0,0,0,0,0,0,1,0,0,0,1,0,0,0,0,0,0,0,0,1,0,"No"
0.0433640024082626,0.799549111183551,0.286697607087145,0,0,1,1,1,0,1,1,0,0,0,0,1,0,1,0,1,0,0,0,0,0,0,0,1,0,0,"No"
0.411047852615182,-0.14767638497883,0.0795888834106655,0,0,0,0,1,0,1,0,0,0,1,0,1,0,0,0,0,0,0,0,0,1,0,1,0,0,0,"No"
-0.365173608932759,1.17744047784236,0.0224577358069097,1,0,0,0,1,0,0,1,0,0,1,0,0,0,1,0,0,0,1,0,1,1,0,1,1,0,0,"No"
1.39153811983363,-0.325801390408312,0.542535186965819,1,0,0,0,1,0,0,0,0,0,1,0,1,0,0,0,0,0,0,0,0,1,0,1,0,0,1,"No"
-0.324319847798657,-0.500596956483971,-0.457448337991501,1,0,0,0,1,0,0,0,0,0,1,0,0,0,0,0,0,0,0,0,0,0,0,1,0,0,0,"Yes"
-0.324319847798657,-0.325801390408312,-0.421577869686155,1,1,0,0,1,0,1,0,0,0,0,0,1,0,0,0,0,0,0,0,0,0,0,0,1,0,0,"No"
1.14641555302902,-0.365754662654177,0.441153449289461,0,0,0,0,0,1,0,0,0,0,1,0,0,0,1,0,0,0,1,0,1,0,1,0,0,1,0,"No"
-1.01883378707839,0.549841159646895,-0.738448452806249,0,0,1,0,1,0,0,1,0,0,0,0,0,0,0,0,0,0,1,0,0,0,0,1,0,1,0,"Yes"
-0.487734892335066,-1.50608764133824,-0.801809267649685,0,0,0,0,1,0,0,0,1,1,0,1,0,1,0,1,0,1,0,1,0,1,0,1,1,0,0,"No"
1.63666068663825,0.539852841585429,1.54586632670318,1,0,1,1,1,0,0,0,0,0,1,0,0,0,1,0,1,0,1,0,1,0,1,1,0,1,0,"No"
-1.26395635388301,0.964356359197744,-0.9526514594603,1,1,0,0,1,0,1,1,0,0,0,0,0,0,0,0,0,0,1,0,1,0,0,1,0,1,0,"Yes"
0.533609136017489,-1.4844462855384,-0.601107568287325,0,0,1,1,1,0,0,0,1,1,0,1,0,1,0,1,0,1,0,1,0,0,1,1,0,0,0,"No"
-0.896272503676088,1.02095682821272,-0.54118304676115,1,0,0,0,1,0,1,1,0,0,0,0,1,0,1,0,0,0,0,0,1,0,0,1,0,1,0,"No"
1.06470803076082,1.24902342394953,1.61541246951769,0,0,1,0,1,0,1,1,0,0,0,0,0,0,1,0,1,0,1,0,1,0,0,1,1,0,0,"Yes"
-0.732857459139679,-1.48611100521531,-0.875124248296026,1,0,0,1,1,0,0,0,1,1,0,1,0,1,0,1,0,1,0,1,0,0,0,0,0,0,1,"No"
-0.201758564396351,0.54151756126234,-0.0167381776441732,1,0,1,0,1,0,1,0,0,0,1,0,0,0,0,0,1,0,1,0,1,1,0,0,0,0,1,"No"
-0.732857459139679,0.876126216321459,-0.435899453447127,0,0,1,1,1,0,1,1,0,0,0,0,1,0,0,0,0,0,0,0,1,0,0,1,0,0,0,"Yes"
-0.814564981407883,-1.17813786498676,-0.857078165971828,0,0,1,1,0,1,0,0,0,0,0,0,1,0,0,0,0,0,0,0,0,0,0,0,0,0,1,"Yes"
1.51409940323594,0.956032760813189,1.84271773004594,0,0,1,1,1,0,1,1,0,0,0,0,1,0,0,0,1,0,0,0,1,0,1,1,0,0,0,"No"
-0.283466086664555,0.817861027629573,0.00693899179347193,0,0,1,1,1,0,0,1,0,0,0,0,1,0,1,0,0,0,1,0,0,0,0,1,0,0,0,"Yes"
1.06470803076082,1.47376058033252,1.79358982042626,1,1,1,0,1,0,1,1,0,0,1,0,1,0,1,0,0,0,1,0,1,1,0,1,0,1,0,"Yes"
0.125071524676467,-0.607139015806277,-0.257190031315239,0,0,1,1,0,1,0,0,0,0,1,0,0,0,0,0,1,0,1,0,0,0,1,1,1,0,0,"No"
-0.651149936871475,0.671365696061401,-0.395484210109274,0,1,0,0,1,0,1,1,0,0,0,0,0,0,0,0,0,0,1,0,0,0,0,1,0,1,0,"Yes"
0.533609136017489,0.471599334832077,0.602371029954774,1,0,1,1,1,0,1,0,0,0,0,0,1,0,1,0,0,0,1,0,1,1,0,0,1,0,0,"No"
-0.610296175737372,0.631412423815536,-0.404795456517337,0,0,0,0,1,0,0,1,0,0,0,0,1,0,0,0,0,0,1,0,0,0,0,1,0,1,0,"No"
-1.26395635388301,-0.628780371606121,-0.9738677994901,0,0,1,1,1,0,0,0,0,0,0,0,0,0,0,0,0,0,0,0,0,0,0,1,0,1,0,"Yes"
-1.26395635388301,0.178608671695734,-0.963115526852218,0,1,0,0,1,0,0,1,0,0,0,0,0,0,0,0,0,0,0,0,0,0,0,1,0,1,0,"Yes"
1.43239188096774,0.10869044526547,1.05773531857765,1,0,1,1,1,0,0,0,0,0,1,0,0,0,1,0,1,0,0,0,1,0,1,0,0,0,1,"No"
1.43239188096774,1.36721852101022,1.98453688069446,0,0,1,1,1,0,1,1,0,0,0,0,0,0,1,0,1,0,1,0,1,0,1,1,0,0,0,"No"
-1.22310259274891,-0.665404204498164,-0.951077415424651,0,0,1,0,0,1,0,0,0,0,0,0,0,0,0,0,0,0,1,0,1,0,0,0,0,1,0,"Yes"
-0.365173608932759,0.345080639386838,-0.235729825308085,1,0,0,0,1,0,1,1,0,0,0,0,0,0,0,0,0,0,0,0,0,0,0,1,0,1,0,"Yes"
-1.1005413093466,-1.47945212650766,-0.941832677919503,0,0,0,0,1,0,0,0,1,1,0,1,0,1,0,1,0,1,0,1,0,0,0,0,0,0,1,"No"
0.901292986224409,-0.645427568375231,0.0968590285341914,1,0,0,0,0,1,0,0,0,0,1,0,0,0,0,0,1,0,1,0,0,0,1,0,1,0,0,"No"
-0.324319847798657,0.841167103106327,-0.0341635102078332,1,0,0,0,1,0,1,1,0,0,0,0,0,0,1,0,0,0,1,0,0,0,0,1,0,0,1,"Yes"
0.697024180553898,1.19408767461147,1.1970271309154,0,0,1,1,1,0,1,1,0,0,0,0,1,0,0,0,0,0,1,0,1,1,0,0,0,0,1,"Yes"
-1.1005413093466,-0.580503500975701,-0.89518776734197,1,0,0,0,1,0,1,0,0,0,0,0,0,0,0,0,0,0,0,0,0,0,0,0,0,1,0,"Yes"
-1.1413950704807,0.74960752087622,-0.842734412576551,0,0,0,1,1,0,1,1,0,0,0,0,0,0,1,0,1,0,0,0,0,0,0,1,0,0,1,"Yes"
0.860439225090306,0.702995369922711,1.05261413305321,1,0,1,1,1,0,1,0,0,0,1,0,0,0,1,0,1,0,1,0,1,0,0,0,0,1,0,"No"
0.615316658285693,1.13748720559649,1.01607857571872,0,0,1,0,1,0,1,1,0,0,1,0,1,0,1,0,0,0,1,0,0,0,0,1,0,1,0,"Yes"
-0.896272503676088,0.727966165076377,-0.625738032000081,0,0,0,0,1,0,1,1,0,0,0,0,0,0,0,0,0,0,0,0,1,0,0,0,0,1,0,"Yes"
0.247632808078774,-1.47112852812311,-0.664468383130761,1,0,1,0,1,0,0,0,1,1,0,1,0,1,0,1,0,1,0,1,0,0,1,0,0,0,0,"No"
-1.26395635388301,-0.642098129021409,-0.974045156564539,0,0,0,0,1,0,0,0,0,0,0,0,0,0,0,0,0,0,0,0,0,0,0,1,0,0,1,"Yes"
1.43239188096774,1.31561221102597,2.12773054866988,1,0,1,0,1,0,1,1,0,0,0,0,1,0,1,0,0,0,1,0,1,1,0,0,0,1,0,"Yes"
0.819585463956204,0.360063116479037,0.719781413233583,1,0,1,0,1,0,0,0,0,0,1,0,1,0,0,0,0,0,1,0,1,1,0,1,0,0,1,"No"
1.22812307529723,1.45045450485577,2.03231244262154,1,0,1,1,1,0,0,1,0,0,1,0,1,0,1,0,1,0,1,0,1,0,1,0,0,0,1,"No"
-1.1005413093466,0.546511720293073,-0.829343953456384,0,1,1,0,1,0,1,1,0,0,0,0,1,0,0,0,0,0,0,0,0,0,0,1,0,1,0,"Yes"
-0.814564981407883,1.03593930530492,-0.469153904904494,1,0,0,0,1,0,0,1,0,0,0,0,0,0,1,0,0,0,1,0,1,1,0,0,0,1,0,"No"
1.63666068663825,1.74011572863829,2.76481932969011,0,0,1,1,1,0,1,1,0,0,1,0,1,0,1,0,1,0,1,0,1,0,1,1,0,0,0,"No"
-0.324319847798657,-1.47945212650766,-0.791566896600816,0,0,1,0,1,0,0,0,1,1,0,1,0,1,0,1,0,1,0,1,0,1,0,0,0,0,1,"No"
-0.692003698005577,-1.49776404295368,-0.847101830534618,0,0,0,0,1,0,0,0,1,1,0,1,0,1,0,1,0,1,0,1,0,0,1,0,0,0,1,"No"
1.43239188096774,0.866137898259993,1.69112177066896,1,0,1,0,1,0,0,1,0,0,1,0,1,0,0,0,0,0,0,0,1,1,0,1,1,0,0,"Yes"
-1.22310259274891,-0.121040870148254,-0.934450189695968,1,0,0,1,1,0,1,0,0,0,1,0,1,0,0,0,0,0,0,0,0,0,0,0,0,0,0,"No"
-0.692003698005577,0.784566634091352,-0.377548975956601,0,0,1,0,1,0,0,1,0,0,0,0,0,0,0,0,0,0,1,0,1,0,0,0,0,1,0,"Yes"
0.37019409148108,-0.142682225948097,0.119361207353676,1,0,1,1,1,0,0,0,0,0,1,0,1,0,1,0,0,0,0,0,0,1,0,1,0,0,0,"No"
-1.26395635388301,0.323439283586994,-0.961186768667691,1,1,1,0,1,0,1,1,0,0,0,0,0,0,0,0,0,0,0,0,0,0,0,0,0,1,0,"No"
-1.26395635388301,0.200250027495577,-0.962827321606254,0,1,0,0,1,0,0,1,0,0,0,0,0,0,0,0,0,0,0,0,0,0,0,1,0,0,1,"No"
-0.242612325530453,0.872796776967637,0.053074000781992,0,0,1,1,1,0,0,1,0,0,0,0,0,0,0,0,0,0,1,0,1,0,0,1,0,1,0,"Yes"
-0.160904803262248,-0.00451049276448084,-0.166050664687749,0,1,0,0,1,0,1,0,0,0,0,0,1,0,1,0,1,0,0,0,0,0,0,0,0,0,0,"No"
-0.651149936871475,0.168620353634267,-0.531539255838514,1,1,0,0,1,0,0,1,0,0,0,0,0,0,0,0,0,0,0,0,0,0,0,0,0,1,0,"No"
1.51409940323594,1.52869632967059,2.3115611563262,0,0,0,0,1,0,1,1,0,0,0,0,1,0,1,0,1,0,1,0,1,0,1,1,0,0,0,"No"
1.51409940323594,-1.50442292166133,-0.397235611219362,0,0,1,1,1,0,0,0,1,1,0,1,0,1,0,1,0,1,0,1,0,0,1,0,0,0,1,"No"
0.656170419419795,1.30728861264142,1.19891154983132,0,0,0,0,1,0,1,1,0,0,0,0,0,0,1,0,1,0,1,0,1,0,0,1,0,1,0,"No"
0.615316658285693,0.624753545107892,0.808260423744483,1,0,1,0,1,0,1,1,0,0,0,0,1,0,1,0,0,0,0,0,0,0,0,1,0,0,0,"Yes"
-1.22310259274891,-0.505591115514704,-0.946887354541023,0,0,0,0,1,0,1,0,0,0,0,0,0,0,0,0,0,0,0,0,0,0,0,1,0,1,0,"Yes"
1.59580692550415,0.857814299875438,1.81043874249799,1,0,1,1,1,0,1,0,0,0,1,0,1,0,1,0,1,0,1,0,1,0,1,0,0,1,0,"No"
-1.01883378707839,-0.528897190991458,-0.843266483799869,1,0,1,1,1,0,0,0,0,0,0,0,0,0,1,0,0,0,0,0,0,0,0,0,0,1,0,"Yes"
1.39153811983363,-1.31298015881656,-0.247634918929822,0,0,0,0,1,0,1,0,1,1,0,1,0,1,0,1,0,1,0,1,0,0,1,1,1,0,0,"No"
0.0842177635423648,0.691342332184334,0.290200409307321,0,0,0,0,1,0,1,1,0,0,0,0,0,0,0,0,0,0,1,0,0,0,0,0,0,1,0,"No"
1.30983059756543,-1.32463319655494,-0.322457434708897,1,0,1,1,1,0,1,0,1,1,0,1,0,1,0,1,0,1,0,1,0,0,1,1,0,0,1,"No"
1.35068435869953,1.28398253716466,2.01759180544308,1,1,1,0,1,0,1,1,0,0,0,0,1,0,1,0,0,0,1,0,1,1,0,1,0,0,0,"No"
0.615316658285693,1.20407599267293,1.07615828468503,1,0,0,0,1,0,1,1,0,0,1,0,1,0,0,0,1,0,1,0,0,0,0,0,0,0,1,"No"
-1.26395635388301,1.0326098659511,-0.951742504453799,0,0,0,0,1,0,0,1,0,0,1,0,0,0,0,0,0,0,1,0,1,0,0,1,0,1,0,"Yes"
0.697024180553898,-0.160994142394119,0.306916313573224,0,0,0,0,1,0,1,0,0,0,1,0,1,0,0,0,0,0,0,0,0,0,0,1,1,0,0,"Yes"
0.288486569212876,-1.50608764133824,-0.648639264237054,1,0,0,1,1,0,0,0,1,1,0,1,0,1,0,1,0,1,0,1,0,1,0,0,0,0,0,"No"
-0.732857459139679,-1.48777572489222,-0.868318170564418,1,0,0,0,1,0,0,0,1,1,0,1,0,1,0,1,0,1,0,1,0,0,0,0,0,0,1,"No"
0.451901613749285,1.45045450485577,1.0457858856873,0,1,0,0,1,0,0,1,0,0,1,0,1,0,0,0,1,0,1,0,1,0,0,1,1,0,0,"Yes"
-1.26395635388301,0.225220822649242,-0.962494777091681,0,0,0,0,1,0,0,1,0,0,0,0,0,0,0,0,0,0,0,0,0,0,0,0,0,1,0,"Yes"
1.55495316437004,1.3805362784255,2.35527967517548,1,0,1,1,1,0,1,1,0,0,1,0,1,0,0,0,0,0,1,0,1,0,0,1,0,1,0,"No"
-1.26395635388301,-1.47945212650766,-0.985196482619909,0,0,0,0,1,0,0,0,1,1,0,1,0,1,0,1,0,1,0,1,0,0,0,1,0,0,1,"Yes"
-1.26395635388301,0.171949792988089,-0.963204205389438,1,0,0,1,1,0,0,1,0,0,0,0,0,0,0,0,0,0,0,0,0,0,0,0,0,0,0,"Yes"
0.00251024127416045,0.952703321459367,0.3054531177091,0,1,1,0,1,0,1,1,0,0,0,0,0,0,0,0,0,0,1,0,1,0,0,1,0,1,0,"Yes"
0.737877941688,-0.828546732835446,-0.13716363118845,0,0,0,0,0,1,0,0,0,0,0,0,1,0,1,0,1,0,0,0,0,0,1,0,1,0,0,"No"
0.656170419419795,-1.1681495469253,-0.363160883292714,0,0,1,1,0,1,0,0,0,0,0,0,0,0,0,0,1,0,0,0,0,0,0,1,1,0,0,"No"
1.63666068663825,0.498234849662653,1.58237971440337,1,0,1,0,1,0,1,0,0,0,1,0,1,0,1,0,1,0,0,0,1,0,1,0,1,0,0,"No"
-1.26395635388301,0.511552607077942,-0.958681599991236,1,0,0,0,1,0,0,1,0,0,0,0,0,0,0,0,0,0,1,0,0,0,0,1,0,1,0,"Yes"
-1.26395635388301,-1.50775236101515,-0.985573366403093,0,0,0,0,1,0,0,0,1,1,0,1,0,1,0,1,0,1,0,1,0,0,0,0,0,1,0,"Yes"
-0.93712626481019,0.981003555966855,-0.634251171573167,1,0,0,0,1,0,0,1,0,0,0,0,0,0,1,0,0,0,1,0,1,0,0,1,0,1,0,"No"
-1.22310259274891,0.871132057290726,-0.916647973349124,1,0,0,0,1,0,1,1,0,0,1,0,0,0,0,0,0,0,0,0,1,0,0,0,0,0,1,"No"
0.206779046944671,1.15246968268869,0.670631333979595,0,0,1,0,1,0,1,1,0,0,1,0,0,0,1,0,1,0,0,0,1,1,0,1,0,1,0,"Yes"
-0.56944241460327,0.531529243200874,-0.370432523344725,1,0,0,1,1,0,1,1,0,0,0,0,0,0,1,0,0,0,0,0,0,0,0,1,1,0,0,"No"
-0.855418742541986,0.186932270080289,-0.624030970158603,1,1,1,0,1,0,0,1,0,0,0,0,0,0,0,0,0,0,0,0,0,0,0,1,0,1,0,"No"
-0.977980025944292,0.686348173153601,-0.715946273986764,0,0,1,0,1,0,1,1,0,0,0,0,0,0,0,0,0,0,0,0,1,0,0,1,1,0,0,"Yes"
-1.1822488316148,0.355068957448304,-0.886829815209019,0,0,0,0,1,0,1,1,0,0,0,0,0,0,0,0,0,0,0,0,0,0,0,0,0,1,0,"Yes"
0.942146747358511,-0.170982460455585,0.405659864767298,1,0,1,1,1,0,0,0,0,0,1,0,0,0,0,0,0,0,0,0,1,1,0,0,1,0,0,"No"
0.0433640024082626,0.9576974804901,0.376839340170914,1,0,1,0,1,0,1,1,0,0,0,0,1,0,1,0,0,0,0,0,1,0,0,1,0,1,0,"No"
0.574462897151591,-0.653751166759787,-0.032456448366355,0,0,0,0,1,0,0,0,0,0,0,0,0,0,0,0,0,0,0,0,0,0,0,0,0,0,0,"No"
0.0842177635423648,-1.28135048495525,-0.559450825428397,1,0,0,0,1,0,1,0,1,1,0,1,0,1,0,1,0,1,0,1,0,0,1,0,0,0,0,"No"
-1.1822488316148,-1.47778740683075,-0.964889097596611,0,0,0,0,1,0,0,0,1,1,0,1,0,1,0,1,0,1,0,1,0,0,0,0,0,1,0,"No"
-0.0791972809940439,-1.44282829361562,-0.678479592011464,1,0,1,1,1,0,0,0,1,1,0,1,0,1,0,1,0,1,0,1,0,0,1,0,0,0,1,"No"
0.0433640024082626,-0.172647180132496,-0.128273607832181,0,0,0,0,1,0,1,0,0,0,1,0,0,0,0,0,1,0,0,0,0,1,0,0,0,1,0,"No"
0.329340330346978,-0.089411196286944,0.179573934125815,1,0,0,0,1,0,0,0,0,0,1,0,1,0,0,0,1,0,0,0,0,0,0,1,0,0,1,"No"
1.59580692550415,1.80004563700709,2.7647749904215,0,0,0,0,1,0,1,1,0,0,1,0,1,0,1,0,1,0,1,0,1,0,1,1,0,1,0,"No"
-1.26395635388301,-0.340783867500511,-0.97003245275535,1,0,0,0,1,0,1,0,0,0,0,0,0,0,1,0,0,0,0,0,0,0,0,0,0,1,0,"Yes"
1.63666068663825,-0.00451049276448084,1.01355123740796,0,0,1,1,0,1,0,0,0,0,1,0,1,0,1,0,1,0,1,0,1,0,1,0,0,0,0,"No"
0.942146747358511,-1.45115189200017,-0.457492677260111,0,0,1,1,1,0,0,0,1,1,0,1,0,1,0,1,0,1,0,1,0,0,1,0,0,0,1,"No"
-1.26395635388301,-1.4694638084462,-0.98506346481408,1,0,0,0,1,0,0,0,1,1,0,1,0,1,0,1,0,1,0,1,0,0,0,0,0,0,1,"No"
-0.0383435198599417,0.528199803847052,0.0829143285564022,1,0,0,0,1,0,1,1,0,0,0,0,1,0,0,0,0,0,0,0,0,0,0,1,0,1,0,"No"
-1.1005413093466,-1.3196390375242,-0.949614219560527,1,0,1,0,0,1,0,0,0,0,0,0,0,0,0,0,0,0,0,0,0,0,0,1,0,1,0,"Yes"
-1.26395635388301,-0.670398363528897,-0.974422040347723,1,0,0,0,1,0,0,0,0,0,0,0,0,0,0,0,0,0,0,0,0,0,0,0,0,0,1,"No"
0.329340330346978,-0.740316589959161,-0.233069469191496,1,0,1,0,0,1,0,0,0,0,1,0,1,0,1,0,0,0,0,0,0,1,0,1,0,1,0,"Yes"
0.37019409148108,0.331762881971549,0.34648911080749,1,0,1,1,1,0,1,0,0,0,1,0,1,0,1,0,0,0,1,0,0,0,0,1,1,0,0,"No"
-1.26395635388301,0.356733677125215,-0.960743375981592,1,0,0,0,1,0,1,1,0,0,0,0,0,0,0,0,0,0,0,0,0,0,0,1,0,1,0,"Yes"
-0.365173608932759,-1.49609932327677,-0.800412580688475,1,0,1,1,1,0,0,0,1,1,0,1,0,1,0,1,0,1,0,1,0,1,0,0,0,0,1,"No"
-1.26395635388301,-1.47945212650766,-0.985196482619909,0,0,0,0,1,0,0,0,1,1,0,1,0,1,0,1,0,1,0,1,0,0,0,0,0,0,1,"No"
0.983000508492613,1.39884819487153,1.61920347698383,0,0,0,0,1,0,1,1,0,0,1,0,1,0,0,0,0,0,1,0,1,0,0,1,1,0,0,"No"
-0.814564981407883,-1.304656560432,-0.855348934496045,1,0,1,1,1,0,1,0,1,1,0,1,0,1,0,1,0,1,0,1,0,0,1,1,0,0,0,"No"
0.901292986224409,0.178608671695734,0.722619126424612,0,0,1,1,1,0,0,0,0,0,1,0,0,0,1,0,1,0,0,0,1,0,1,0,0,0,0,"No"
-0.651149936871475,-1.47945212650766,-0.842778751845161,1,0,1,1,1,0,0,0,1,1,0,1,0,1,0,1,0,1,0,1,0,0,0,0,0,1,0,"No"
-0.446881131200964,0.00880726465080719,-0.401403502468686,0,0,0,1,1,0,0,0,0,0,1,0,0,0,1,0,0,0,0,0,1,1,0,0,0,0,1,"No"
-1.1822488316148,-0.468967282622661,-0.928619575873776,1,0,0,0,1,0,0,0,0,0,0,0,0,0,0,0,1,0,0,0,0,0,0,1,0,0,1,"No"
-0.855418742541986,0.276827132633485,-0.631236101307699,1,0,0,0,1,0,0,1,0,0,0,0,0,0,1,0,0,0,0,0,0,0,0,0,0,1,0,"No"
0.574462897151591,1.21572903041131,1.07846392665274,0,0,0,0,1,0,1,1,0,0,0,0,0,0,1,0,0,0,1,0,1,1,0,1,0,1,0,"No"
1.47324564210184,-1.34627455235478,-0.329551717686469,1,0,0,0,1,0,1,0,1,1,0,1,0,1,0,1,0,1,0,1,0,0,1,1,0,0,0,"No"
-1.26395635388301,-0.482285040037949,-0.971916871671268,0,0,0,0,1,0,1,0,0,0,0,0,0,0,0,0,0,0,0,0,0,0,0,1,0,1,0,"No"
-0.324319847798657,-1.49276988392295,-0.773276948299264,0,0,0,1,1,0,0,0,1,1,0,1,0,1,0,1,0,1,0,1,0,0,1,0,0,0,1,"No"
-0.0791972809940439,0.679689294445957,0.16944241124847,0,0,1,0,1,0,1,1,0,0,0,0,0,0,0,0,0,0,0,0,1,0,0,1,0,1,0,"Yes"
-1.22310259274891,0.531529243200874,-0.912502251734106,0,0,0,0,1,0,0,1,0,0,0,0,0,0,0,0,0,0,0,0,1,0,0,0,0,1,0,"Yes"
0.778731702822102,1.40550707357917,1.44399685707211,1,0,1,0,1,0,1,1,0,0,0,0,1,0,1,0,0,0,1,0,1,1,0,1,0,0,0,"No"
1.02385426962672,0.663042097676846,1.15428407597554,0,0,1,1,1,0,1,0,0,0,1,0,0,0,1,0,1,0,1,0,1,0,1,1,0,1,0,"No"
-0.692003698005577,-1.31630959817038,-0.830474604805935,0,0,0,0,1,0,1,0,1,1,0,1,0,1,0,1,0,1,0,1,0,0,1,0,0,0,0,"No"
1.63666068663825,0.63640658284627,1.70919002262746,0,0,1,1,1,0,0,0,0,0,1,0,1,0,1,0,1,0,1,0,1,0,1,1,0,0,0,"No"
-1.22310259274891,0.373380873894325,-0.922855470954499,0,0,0,0,1,0,0,1,0,0,0,0,0,0,1,0,0,0,0,0,0,0,0,1,0,1,0,"Yes"
-0.160904803262248,1.06590425948932,0.196090311682973,1,0,1,0,1,0,1,1,0,0,0,0,1,0,1,0,0,0,1,0,0,0,0,0,1,0,0,"No"
-0.120051042128146,1.12916360721194,0.337887292697185,1,1,1,0,1,0,1,1,0,0,0,0,0,0,1,0,0,0,1,0,1,0,0,1,0,1,0,"Yes"
-0.773711220273781,1.02095682821272,-0.447139458039717,1,1,1,0,1,0,1,1,0,0,0,0,0,0,0,0,0,0,1,0,1,0,0,1,0,1,0,"Yes"
-1.01883378707839,0.326768722940816,-0.760063846253537,1,1,1,0,1,0,1,1,0,0,0,0,0,0,0,0,0,0,0,0,0,0,0,1,0,0,1,"Yes"
1.22812307529723,0.546511720293073,1.21658074837234,0,0,1,0,1,0,0,0,0,0,1,0,0,0,1,0,1,0,1,0,1,0,1,0,0,0,1,"No"
-1.1413950704807,0.714648407661088,-0.857521558657926,1,0,0,0,1,0,0,1,0,0,0,0,0,0,1,0,0,0,0,0,1,0,0,0,0,1,0,"No"
-0.528588653469168,-1.47612268715384,-0.824023241223206,0,0,0,0,1,0,0,0,1,1,0,1,0,1,0,1,0,1,0,1,0,1,0,0,1,0,0,"No"
1.43239188096774,-1.50442292166133,-0.424725957757452,1,0,1,1,1,0,0,0,1,1,0,1,0,1,0,1,0,1,0,1,0,0,1,1,1,0,0,"No"
1.63666068663825,1.26733534039555,2.35361695260262,1,1,1,0,1,0,1,1,0,0,1,0,1,0,1,0,0,0,0,0,1,0,1,1,1,0,0,"No"
0.737877941688,0.651389059938469,0.852333656742647,0,0,1,1,1,0,1,0,0,0,0,0,1,0,1,0,1,0,1,0,1,1,0,1,1,0,0,"No"
0.983000508492613,1.28564725684158,1.61024694472464,1,0,1,1,1,0,1,1,0,0,0,0,0,0,1,0,1,0,1,0,1,0,1,1,0,1,0,"No"
-1.22310259274891,-0.478955600684127,-0.945690194288558,1,0,0,0,1,0,0,0,0,0,0,0,0,0,0,0,1,0,0,0,0,0,0,1,1,0,0,"No"
-1.22310259274891,0.79788439150664,-0.914652706261682,0,1,0,0,1,0,1,1,0,0,0,0,0,0,1,0,0,0,0,0,1,0,0,1,0,1,0,"Yes"
-0.324319847798657,-0.327466110085223,-0.400804922342453,1,0,1,1,1,0,1,0,0,0,1,0,0,0,0,0,0,0,0,0,0,0,0,0,0,1,0,"Yes"
0.574462897151591,-1.48611100521531,-0.611748992753682,1,0,1,1,1,0,0,0,1,1,0,1,0,1,0,1,0,1,0,1,0,0,1,0,1,0,0,"No"
-0.120051042128146,-1.11154907791032,-0.583460539380615,0,0,0,0,0,1,0,0,0,0,0,0,0,0,0,0,1,0,0,0,0,0,0,1,0,1,0,"No"
1.51409940323594,-1.33628623429331,-0.232293531990824,1,0,1,1,1,0,1,0,1,1,0,1,0,1,0,1,0,1,0,1,0,0,1,0,0,0,0,"No"
1.59580692550415,0.65305377961538,1.6470928769394,1,0,1,0,1,0,1,0,0,0,0,0,1,0,1,0,1,0,1,0,1,0,1,0,1,0,0,"No"
-1.26395635388301,0.889443973736748,-0.953649093004021,0,1,0,0,1,0,0,1,0,0,0,0,0,0,0,0,0,0,1,0,1,0,0,1,0,1,0,"Yes"
0.983000508492613,0.7013306502458,1.14499499920178,1,1,1,0,1,0,0,0,0,0,1,0,1,0,1,0,1,0,1,0,1,0,1,1,0,0,0,"No"
0.983000508492613,-1.44449301329253,-0.444922494609226,1,0,0,1,1,0,0,0,1,1,0,1,0,1,0,1,0,1,0,1,0,1,0,1,0,0,1,"No"
-1.26395635388301,0.496570129985742,-0.95888112669998,1,0,0,0,1,0,0,1,0,0,0,0,0,0,0,0,0,0,1,0,0,0,0,1,0,1,0,"Yes"
-0.160904803262248,-1.29966240140127,-0.696082281649564,0,0,1,0,1,0,1,0,1,1,0,1,0,1,0,1,0,1,0,1,0,1,0,0,0,0,1,"No"
-0.528588653469168,-1.47778740683075,-0.824666160618048,0,0,1,1,1,0,0,0,1,1,0,1,0,1,0,1,0,1,0,1,0,0,0,0,0,0,1,"No"
0.819585463956204,-1.29300352269363,-0.397390798659497,1,0,1,1,1,0,1,0,1,1,0,1,0,1,0,1,0,1,0,1,0,0,1,0,0,0,1,"No"
-0.528588653469168,-0.212600452378361,-0.530674640100622,0,0,0,0,1,0,0,0,0,0,0,0,1,0,0,0,0,0,1,0,0,1,0,0,0,1,0,"No"
0.165925285810569,0.707989528953444,0.337621257085526,0,0,0,0,1,0,0,0,0,0,1,0,1,0,1,0,1,0,1,0,1,1,0,0,0,0,0,"No"
-1.01883378707839,0.183602830726466,-0.786822594859565,1,1,1,0,1,0,0,1,0,0,0,0,0,0,0,0,0,0,0,0,0,0,0,1,0,0,1,"Yes"
1.63666068663825,1.34224772585655,2.34794152622056,1,0,1,1,1,0,1,1,0,0,1,0,1,0,1,0,1,0,0,0,1,1,0,1,1,0,0,"No"
1.43239188096774,1.55533184450116,2.32337757141072,1,0,1,1,1,0,1,1,0,0,1,0,1,0,1,0,0,0,1,0,1,1,0,1,0,1,0,"Yes"
0.0842177635423648,1.17411103848854,0.488197413284482,1,1,0,0,1,0,0,1,0,0,0,0,1,0,1,0,0,0,1,0,1,1,0,1,0,1,0,"No"
1.02385426962672,1.02095682821272,1.41218343184457,1,1,1,0,1,0,1,1,0,0,0,0,1,0,1,0,0,0,0,0,1,0,0,1,0,0,0,"Yes"
-1.26395635388301,1.20574071234985,-0.949436862486088,0,1,1,0,1,0,1,1,0,0,0,0,0,0,1,0,0,0,1,0,1,0,0,1,0,1,0,"Yes"
-0.977980025944292,-1.4994287626306,-0.92267811388006,1,0,1,0,1,0,0,0,1,1,0,1,0,1,0,1,0,1,0,1,0,0,0,1,0,0,0,"No"
-0.814564981407883,-1.30965071946274,-0.872330874373607,0,0,1,1,1,0,1,0,1,1,0,1,0,1,0,1,0,1,0,1,0,0,1,0,1,0,0,"No"
-0.732857459139679,0.722972006045643,-0.470506252597093,0,0,0,0,1,0,0,1,0,0,0,0,1,0,0,0,0,0,0,0,1,0,0,1,0,1,0,"Yes"
1.30983059756543,1.47709001968635,2.1589675634055,0,1,0,0,1,0,1,1,0,0,1,0,0,0,1,0,1,0,1,0,1,0,0,1,0,0,0,"No"
1.39153811983363,0.842831822783239,1.6479796623116,0,0,1,1,1,0,1,0,0,0,1,0,1,0,1,0,1,0,1,0,1,0,1,0,1,0,0,"No"
1.59580692550415,0.579806113831294,1.66615876244163,0,0,1,1,1,0,0,0,0,0,1,0,0,0,1,0,1,0,1,0,1,0,1,1,1,0,0,"No"
-0.487734892335066,0.84449654246015,-0.263220171846175,1,1,0,0,1,0,0,1,0,0,0,0,0,0,0,0,0,0,1,0,1,0,0,0,0,1,0,"No"
1.59580692550415,-0.0178282501797694,0.997988154125912,0,0,1,1,1,0,0,0,0,0,1,0,1,0,1,0,1,0,0,0,0,0,1,0,1,0,0,"No"
0.247632808078774,1.21739375008822,0.760240995840046,1,0,1,1,1,0,1,1,0,0,0,0,0,0,1,0,0,0,1,0,1,0,0,1,1,0,0,"No"
-0.160904803262248,0.84449654246015,0.170018821740398,0,0,0,0,1,0,1,1,0,0,0,0,1,0,0,0,0,0,0,0,1,0,0,1,0,1,0,"Yes"
0.0433640024082626,-0.848523368958378,-0.413729819142216,1,0,0,0,0,1,0,0,0,0,0,0,1,0,0,0,0,0,1,0,0,1,0,1,0,1,0,"No"
-0.365173608932759,-0.998348139880372,-0.63345306473819,0,0,1,1,0,1,0,0,0,0,1,0,0,0,0,0,1,0,0,0,0,0,1,0,0,0,1,"No"
1.06470803076082,-1.4994287626306,-0.50249703489908,1,0,1,1,1,0,0,0,1,1,0,1,0,1,0,1,0,1,0,1,0,1,0,1,0,1,0,"No"
1.55495316437004,1.32726524876435,2.26451719233118,0,1,1,0,1,0,1,1,0,0,0,0,1,0,0,0,1,0,1,0,1,0,1,1,0,0,0,"No"
-1.1413950704807,0.196920588141755,-0.863684716994692,1,0,1,0,1,0,0,1,0,0,0,0,0,0,0,0,0,0,0,0,0,0,0,0,0,1,0,"No"
0.533609136017489,-1.47279324780002,-0.582130361322321,1,0,1,1,1,0,0,0,1,1,0,1,0,1,0,1,0,1,0,1,0,0,1,0,0,0,1,"No"
0.165925285810569,-1.50275820198442,-0.65959106358368,1,0,1,1,1,0,0,0,1,1,0,1,0,1,0,1,0,1,0,1,0,0,1,0,1,0,0,"No"
0.901292986224409,0.176943952018823,0.727695972680437,1,0,0,0,1,0,0,0,0,0,1,0,1,0,0,0,1,0,1,0,0,0,0,1,0,0,1,"No"
0.37019409148108,0.458281577416788,0.429691748353822,0,0,1,1,1,0,1,0,0,0,1,0,1,0,1,0,0,0,1,0,0,1,0,1,1,0,0,"No"
-1.1005413093466,0.228550262003065,-0.829366123090689,1,1,0,0,1,0,0,1,0,0,0,0,0,0,0,0,0,0,0,0,0,0,0,1,0,0,1,"No"
-0.201758564396351,-0.623786212575388,-0.441486201291965,1,0,1,1,0,1,0,0,0,0,0,0,1,0,1,0,0,0,0,0,1,1,0,1,1,0,0,"No"
-1.26395635388301,1.04093346433565,-0.951631656282274,0,0,0,0,1,0,0,1,0,0,0,0,0,0,0,0,1,0,1,0,1,0,0,1,0,1,0,"No"
1.63666068663825,0.831178785044861,1.86524207849973,0,1,1,1,1,0,1,0,0,0,1,0,1,0,1,0,1,0,1,0,1,0,1,1,1,0,0,"No"
0.983000508492613,-1.3196390375242,-0.34283132863511,0,0,1,1,1,0,1,0,1,1,0,1,0,1,0,1,0,1,0,1,0,0,1,1,1,0,0,"No"
0.492755374883387,-1.32296847687802,-0.544708018615631,1,0,1,1,1,0,1,0,1,1,0,1,0,1,0,1,0,1,0,1,0,1,0,0,0,1,0,"No"
1.39153811983363,1.20574071234985,1.97249876926689,0,1,1,0,1,0,1,1,0,0,0,0,1,0,0,0,0,0,1,0,1,0,0,1,0,1,0,"No"
1.51409940323594,1.35723020294875,2.2163204073523,0,0,1,0,1,0,1,1,0,0,0,0,0,0,1,0,1,0,1,0,1,0,1,0,0,0,0,"No"
-1.26395635388301,1.26067646168791,-0.948705264554026,0,0,1,1,1,0,1,1,0,0,1,0,0,0,1,0,0,0,1,0,1,0,0,1,0,1,0,"Yes"
0.329340330346978,-1.49609932327677,-0.62600406761174,0,0,0,0,1,0,0,0,1,1,0,1,0,1,0,1,0,1,0,1,0,0,1,0,1,0,0,"No"
-0.0791972809940439,-0.337454428146689,-0.289712884840543,1,0,1,1,1,0,1,0,0,0,1,0,0,0,0,0,0,0,0,0,0,0,0,1,0,0,0,"No"
-0.855418742541986,0.196920588141755,-0.626425290663533,0,0,0,0,1,0,0,0,0,0,0,0,0,0,0,0,1,0,1,0,1,0,0,0,0,0,1,"No"
-0.692003698005577,-1.48111684618457,-0.860026727334381,0,0,0,0,1,0,0,0,1,1,0,1,0,1,0,1,0,1,0,1,0,1,0,0,1,0,0,"No"
1.63666068663825,0.326768722940816,1.38278649675625,1,1,1,0,1,0,0,0,0,0,1,0,1,0,1,0,1,0,1,0,0,0,1,0,0,0,0,"No"
1.63666068663825,0.947709162428634,1.99214106526104,1,1,1,0,1,0,1,1,0,0,1,0,1,0,1,0,1,0,0,0,0,0,1,1,0,0,0,"No"
-1.26395635388301,-0.445661207145907,-0.97142913971656,0,0,0,1,1,0,0,0,0,0,1,0,0,0,0,0,0,0,0,0,0,0,0,0,0,0,1,"No"
-0.692003698005577,0.0337780598044728,-0.546304232285584,0,0,0,1,1,0,0,0,0,0,1,0,1,0,1,0,1,0,0,0,0,1,0,0,1,0,0,"No"
0.983000508492613,-0.395719616838575,0.344782048966012,1,0,0,0,1,0,0,0,0,0,1,0,0,0,1,0,0,0,0,0,0,1,0,0,0,0,1,"No"
-0.977980025944292,-1.45614605103091,-0.922456417537011,0,0,0,0,1,0,0,0,1,1,0,1,0,1,0,1,0,1,0,1,0,0,1,0,0,0,1,"No"
-1.1822488316148,0.516546766108674,-0.89767076638412,0,0,0,0,1,0,0,1,0,0,0,0,0,0,1,0,1,0,0,0,0,0,0,0,1,0,0,"Yes"
0.697024180553898,-0.414031533284597,0.151485007461492,0,0,1,0,1,0,1,0,0,0,0,0,0,0,0,0,0,0,0,0,0,0,0,1,1,0,0,"No"
-0.814564981407883,1.61026759383923,-0.380142823170276,1,0,0,0,1,0,1,1,0,0,0,0,1,0,1,0,1,0,1,0,1,0,0,1,0,0,1,"Yes"
0.819585463956204,1.32726524876435,1.43621531543109,1,1,1,0,1,0,0,1,0,0,1,0,0,0,1,0,1,0,1,0,1,1,0,1,0,0,0,"No"
0.329340330346978,-1.46446964941546,-0.62731207603573,0,0,0,0,1,0,0,0,1,1,0,1,0,1,0,1,0,1,0,1,0,0,1,1,0,0,0,"No"
-1.26395635388301,0.210238345557043,-0.962694303800425,0,0,0,0,1,0,0,1,0,0,0,0,0,0,0,0,0,0,0,0,0,0,0,0,0,0,1,"Yes"
-1.1822488316148,0.741283922491665,-0.896163231251386,0,1,0,0,1,0,0,1,0,0,0,0,0,0,1,0,0,0,1,0,0,0,0,1,0,1,0,"Yes"
0.329340330346978,0.897767572121303,0.634716526405639,0,1,0,0,1,0,0,1,0,0,0,0,0,0,0,0,0,0,1,0,1,0,0,1,0,1,0,"No"
-0.0791972809940439,-1.49110516424604,-0.738448452806249,1,0,1,0,1,0,0,0,1,1,0,1,0,1,0,1,0,1,0,1,0,1,0,0,1,0,0,"No"
-0.365173608932759,1.17411103848854,0.0395505238559962,1,0,1,1,1,0,0,1,0,0,1,0,0,0,0,0,1,0,1,0,1,0,0,1,0,1,0,"Yes"
-1.26395635388301,0.330098162294638,-0.961098090130471,1,0,1,1,1,0,1,1,0,0,0,0,0,0,0,0,0,0,0,0,0,0,0,1,0,1,0,"Yes"
0.492755374883387,1.31727693070289,0.999207484012683,0,1,1,0,1,0,1,1,0,0,0,0,0,0,1,0,1,0,1,0,1,0,0,0,0,1,0,"No"
1.63666068663825,-1.31464487849347,-0.200502276397581,1,1,0,0,1,0,1,0,1,1,0,1,0,1,0,1,0,1,0,1,0,0,1,1,1,0,0,"No"
-0.977980025944292,1.18409935655,-0.591286420290249,0,1,0,0,1,0,1,1,0,0,0,0,0,0,0,0,1,0,1,0,1,0,0,1,1,0,0,"No"
-0.651149936871475,0.0204603023891848,-0.531517086204209,0,0,0,0,1,0,1,0,0,0,0,0,0,0,1,0,0,0,0,0,1,0,0,1,1,0,0,"Yes"
1.39153811983363,1.16245800075016,2.0307605682202,1,1,1,1,1,0,1,1,0,0,0,0,0,0,1,0,0,0,1,0,1,0,0,1,1,0,0,"Yes"
-1.26395635388301,0.231879701356887,-0.962406098554461,1,0,0,0,1,0,0,1,0,0,0,0,0,0,0,0,0,0,0,0,0,0,0,1,0,0,1,"Yes"
-1.1822488316148,-0.289177557516269,-0.924274327550014,1,0,0,1,1,0,0,0,0,0,1,0,0,0,1,0,0,0,0,0,0,0,0,0,0,0,1,"No"
-1.1005413093466,0.689677612507423,-0.807706390374791,0,0,0,0,1,0,0,1,0,0,0,0,1,0,0,0,0,0,1,0,0,0,0,1,0,0,1,"No"
-0.773711220273781,-0.527232471314548,-0.713285917870175,0,0,1,0,0,1,0,0,0,0,0,0,0,0,1,0,0,0,1,0,1,0,0,1,0,0,0,"Yes"
-1.1413950704807,0.7013306502458,-0.851513587761295,0,0,0,0,1,0,1,1,0,0,0,0,0,0,0,0,0,0,1,0,0,0,0,1,0,1,0,"Yes"
0.901292986224409,0.889443973736748,1.20731384123288,0,0,1,1,1,0,1,0,0,0,1,0,1,0,1,0,1,0,1,0,1,0,1,0,1,0,0,"No"
1.63666068663825,0.711318968307266,1.73357662036286,1,0,1,0,1,0,1,0,0,0,0,0,1,0,1,0,1,0,1,0,1,0,1,0,0,0,0,"No"
-0.814564981407883,1.40217763422535,-0.438160756146228,1,0,0,0,1,0,1,1,0,0,0,0,1,0,1,0,0,0,1,0,1,0,0,1,0,1,0,"Yes"
-1.26395635388301,-0.645427568375231,-0.974089495833149,1,1,0,0,1,0,0,0,0,0,0,0,0,0,0,0,0,0,0,0,0,0,0,0,0,1,0,"No"
0.901292986224409,1.52370217063985,1.61884876283495,0,0,1,0,1,0,1,1,0,0,0,0,1,0,1,0,1,0,1,0,1,1,0,0,0,1,0,"Yes"
0.656170419419795,1.28731197651849,1.23948198060931,0,0,1,1,1,0,1,1,0,0,1,0,1,0,0,0,0,0,1,0,1,1,0,1,1,0,0,"Yes"
1.59580692550415,0.887779254059837,1.92764959906805,1,0,1,1,1,0,1,0,0,0,1,0,1,0,1,0,1,0,1,0,1,0,1,1,0,0,1,"No"
-1.22310259274891,-0.558862145175857,-0.953139191415008,1,0,0,0,1,0,0,0,0,0,1,0,0,0,0,0,0,0,0,0,0,0,0,1,0,1,0,"Yes"
0.0842177635423648,1.10252809238136,0.517838214350148,1,0,1,1,1,0,1,1,0,0,0,0,1,0,0,0,0,0,1,0,1,0,0,1,0,0,0,"No"
-1.1822488316148,0.175279232341911,-0.905518816928059,0,0,0,0,1,0,0,1,0,0,0,0,0,0,0,0,0,0,0,0,0,0,0,1,0,1,0,"No"
-0.93712626481019,0.0337780598044728,-0.731065964582714,0,0,1,1,1,0,0,0,0,0,0,0,1,0,0,0,1,0,1,0,0,1,0,1,0,0,1,"No"
1.02385426962672,0.86114373922926,1.32472422451169,1,0,0,0,1,0,1,1,0,0,0,0,0,0,0,0,1,0,1,0,0,0,1,1,1,0,0,"No"
1.63666068663825,-0.0294812879181464,0.985528819646553,1,0,0,0,0,1,0,0,0,0,1,0,1,0,1,0,1,0,1,0,1,0,1,1,0,0,0,"No"
0.656170419419795,1.32892996844126,1.25300545753531,0,1,1,1,1,0,0,1,0,0,1,0,0,0,1,0,1,0,1,0,1,0,0,1,0,1,0,"No"
-0.56944241460327,-1.48111684618457,-0.815953494336218,1,0,0,0,1,0,0,0,1,1,0,1,0,1,0,1,0,1,0,1,0,1,0,0,0,0,1,"No"
0.451901613749285,1.32227108973362,0.979786884361581,1,0,1,1,1,0,1,1,0,0,0,0,0,0,1,0,1,0,1,0,1,1,0,1,1,0,0,"No"
1.63666068663825,0.954368041136278,1.97170066243191,0,0,1,1,1,0,1,0,0,0,1,0,1,0,1,0,1,0,1,0,1,0,1,1,0,0,0,"No"
0.125071524676467,0.295139049079506,0.18578143173119,1,0,1,1,1,0,1,0,0,0,0,0,0,0,0,0,1,0,1,0,1,1,0,1,0,0,0,"No"
-1.1413950704807,-1.46114021006164,-0.961741009525313,1,0,0,0,1,0,0,0,1,1,0,1,0,1,0,1,0,1,0,1,0,0,0,0,0,0,1,"No"
1.59580692550415,1.19575239428838,2.12320794327168,0,0,1,1,1,0,1,1,0,0,1,0,1,0,1,0,0,0,1,0,0,0,1,0,0,0,0,"No"
-0.855418742541986,0.866137898259993,-0.541781626887383,1,0,1,1,1,0,0,1,0,0,0,0,0,0,0,0,0,0,1,0,1,0,0,0,0,1,0,"No"
1.26897683643133,0.826184626014128,1.48782622409292,1,0,1,1,1,0,1,0,0,0,1,0,1,0,1,0,1,0,1,0,1,0,1,1,1,0,0,"No"
1.35068435869953,1.02761570692036,1.76523485815028,0,1,0,0,1,0,1,1,0,0,0,0,1,0,1,0,0,0,1,0,0,0,0,1,0,0,0,"No"
0.697024180553898,-1.4694638084462,-0.539808529434246,0,0,0,1,1,0,0,0,1,1,0,1,0,1,0,1,0,1,0,1,0,0,1,0,1,0,0,"No"
-0.120051042128146,1.13249304656576,0.306428581618516,0,0,0,0,1,0,1,1,0,0,0,0,0,0,1,0,0,0,1,0,1,0,0,1,1,0,0,"Yes"
-1.1413950704807,-1.48611100521531,-0.957373591567246,0,0,1,1,1,0,0,0,1,1,0,1,0,1,0,1,0,1,0,1,0,0,0,1,0,1,0,"No"
1.63666068663825,1.48374889839399,2.45972082238592,0,0,1,0,1,0,1,1,0,0,0,0,1,0,1,0,1,0,1,0,1,1,0,0,1,0,0,"No"
-0.242612325530453,0.702995369922711,-0.0776381630797639,0,1,1,0,1,0,0,1,0,0,0,0,0,0,1,0,0,0,1,0,0,0,0,1,1,0,0,"No"
0.125071524676467,1.24735870427262,0.536704573143628,0,1,1,0,1,0,1,1,0,0,0,0,0,0,1,0,0,0,1,0,1,0,0,0,0,0,0,"No"
1.02385426962672,1.0026449117667,1.43076158539208,0,0,0,0,1,0,1,1,0,0,0,0,1,0,0,0,1,0,0,0,1,1,0,0,0,1,0,"No"
-0.283466086664555,-1.25804440947849,-0.668880140357438,0,0,1,0,1,0,1,0,1,1,0,1,0,1,0,1,0,1,0,1,0,1,0,1,0,0,1,"No"
0.615316658285693,0.0487605368966723,0.345557986166684,0,0,1,0,1,0,0,0,0,0,1,0,0,0,1,0,0,0,1,0,0,1,0,1,1,0,0,"No"
-1.1005413093466,-0.292506996870091,-0.872486061813741,1,0,0,0,1,0,0,0,0,0,1,0,0,0,1,0,0,0,0,0,0,0,0,1,0,0,1,"No"
-0.610296175737372,0.193591148787933,-0.455829954687242,1,0,1,0,1,0,0,1,0,0,0,0,0,0,0,0,0,0,0,0,0,0,0,1,0,0,0,"Yes"
1.63666068663825,-1.48611100521531,-0.407588830439756,1,0,1,1,1,0,0,0,1,1,0,1,0,1,0,1,0,1,0,1,0,0,1,0,0,0,0,"No"
0.656170419419795,-0.652086447082876,-0.0203074887672637,0,0,1,1,0,1,0,0,0,0,1,0,0,0,1,0,0,0,0,0,1,1,0,0,1,0,0,"No"
1.47324564210184,1.67519166123876,2.48364185780092,0,0,1,0,1,0,1,1,0,0,1,0,1,0,1,0,1,0,1,0,1,0,1,0,0,0,0,"No"
-0.0791972809940439,1.39218931616388,0.43000212323409,0,0,0,0,1,0,1,1,0,0,1,0,0,0,0,0,1,0,1,0,1,0,0,0,0,0,0,"No"
-1.1822488316148,-0.615462614190833,-0.936423287149105,0,0,1,0,1,0,0,0,0,0,0,0,0,0,0,0,0,0,0,0,0,0,0,1,0,0,1,"No"
-0.732857459139679,-0.828546732835446,-0.687147919024685,0,1,0,0,0,1,0,0,0,0,1,0,0,0,1,0,1,0,0,0,0,0,1,0,0,0,1,"No"
-1.1413950704807,-1.48278156586148,-0.956220770583391,0,0,0,1,1,0,0,0,1,1,0,1,0,1,0,1,0,1,0,1,0,0,0,1,0,0,0,"No"
1.18726931416312,-1.03164253341859,-0.0553798502376332,1,0,1,1,0,1,0,0,0,0,1,0,0,0,1,0,0,0,0,0,0,0,0,0,0,0,0,"No"
-1.1005413093466,0.646394900907736,-0.805799801824569,0,0,0,0,1,0,1,1,0,0,0,0,0,0,0,0,0,0,1,0,0,0,0,1,0,1,0,"No"
0.697024180553898,0.0937079681732706,0.472102258779116,0,0,0,0,1,0,0,0,0,0,1,0,1,0,1,0,1,0,0,0,0,0,1,0,0,0,0,"No"
-0.977980025944292,-1.49443460359986,-0.919241820562799,1,0,0,0,1,0,0,0,1,1,0,1,0,1,0,1,0,1,0,1,0,0,0,1,0,0,0,"No"
-1.1822488316148,0.52487036449323,-0.88159778151306,1,0,0,0,1,0,0,1,0,0,0,0,0,0,0,0,0,0,0,0,1,0,0,1,0,1,0,"No"
-0.93712626481019,-1.49776404295368,-0.906605129009,1,0,1,1,1,0,0,0,1,1,0,1,0,1,0,1,0,1,0,1,0,0,1,0,0,0,1,"No"
1.43239188096774,-0.345778026531244,0.707698962537407,1,0,1,1,1,0,0,0,0,0,1,0,1,0,0,0,0,0,0,0,0,0,1,1,0,0,0,"No"
0.574462897151591,-0.645427568375231,-0.0784584395490456,1,0,0,0,1,0,0,0,0,0,0,0,0,0,0,0,0,0,0,0,0,0,0,1,1,0,0,"No"
1.43239188096774,0.35007479841757,1.25140924386535,0,0,1,0,1,0,1,0,0,0,1,0,1,0,1,0,0,0,0,0,1,1,0,0,0,0,1,"No"
0.942146747358511,-1.49443460359986,-0.488641013458511,0,0,1,0,1,0,0,0,1,1,0,1,0,1,0,1,0,1,0,1,0,1,0,0,0,1,0,"No"
0.0433640024082626,0.271832973602752,0.0910505843463045,1,0,1,0,1,0,1,0,0,0,1,0,1,0,1,0,0,0,1,0,0,0,0,1,0,0,0,"No"
1.22812307529723,-1.48278156586148,-0.433726829285246,1,0,1,1,1,0,0,0,1,1,0,1,0,1,0,1,0,1,0,1,0,0,1,0,1,0,0,"No"
-1.26395635388301,-0.620456773221566,-0.973756951318575,0,0,0,1,1,0,0,0,0,0,0,0,0,0,0,0,0,0,0,0,0,0,0,0,0,0,1,"Yes"
0.697024180553898,-0.845193929604556,-0.179108579293342,1,0,1,1,0,1,0,0,0,0,1,0,0,0,0,0,0,0,0,0,1,0,0,1,0,1,0,"No"
-1.26395635388301,-0.660410045467431,-0.974289022541893,1,0,0,0,1,0,0,0,0,0,0,0,0,0,0,0,0,0,0,0,0,0,0,1,0,1,0,"No"
-0.56944241460327,0.976009396936122,-0.220898339958099,1,1,0,0,1,0,1,1,0,0,0,0,0,0,1,0,1,0,1,0,0,0,0,0,0,0,0,"No"
-1.26395635388301,0.185267550403378,-0.963026848314998,0,1,0,0,1,0,0,1,0,0,0,0,0,0,0,0,0,0,0,0,0,0,0,1,0,1,0,"Yes"
-1.26395635388301,0.698001210891978,-0.956198600949086,0,0,0,0,1,0,0,1,0,0,0,0,0,0,1,0,0,0,1,0,0,0,0,1,1,0,0,"Yes"
1.63666068663825,1.75010404669976,2.78778707083,0,0,1,0,1,0,1,1,0,0,1,0,1,0,1,0,1,0,1,0,1,0,1,1,1,0,0,"No"
1.30983059756543,1.1541344023656,1.90984738272121,1,0,0,0,1,0,1,1,0,0,1,0,0,0,1,0,1,0,0,0,1,0,1,0,1,0,0,"No"
1.51409940323594,1.59694983642394,2.46721415878098,1,0,1,0,1,0,1,1,0,0,1,0,1,0,1,0,1,0,1,0,1,0,1,1,0,0,0,"No"
-1.26395635388301,-1.29466824237054,-0.982735653212064,0,0,0,0,1,0,1,0,1,1,0,1,0,1,0,1,0,1,0,1,0,0,0,1,0,1,0,"No"
1.59580692550415,0.856149580198527,1.79361199006056,1,0,1,1,1,0,1,0,0,0,1,0,1,0,1,0,1,0,1,0,1,0,1,0,1,0,0,"No"
1.39153811983363,-0.505591115514704,0.447715661043714,0,0,1,1,1,0,0,0,0,0,0,0,0,0,0,0,1,0,0,0,0,1,0,1,1,0,0,"No"
-1.22310259274891,-1.50442292166133,-0.971695175328219,1,0,0,0,1,0,0,0,1,1,0,1,0,1,0,1,0,1,0,1,0,0,0,0,0,0,1,"No"
-0.855418742541986,-0.111052552086788,-0.670476354027391,1,0,0,0,1,0,0,0,0,0,0,0,1,0,0,0,0,0,1,0,0,1,0,1,0,1,0,"No"
0.00251024127416045,1.39052459648697,0.566943954335526,1,1,1,0,1,0,1,1,0,0,0,0,1,0,1,0,0,0,1,0,1,0,0,0,0,0,0,"Yes"
-0.855418742541986,-1.50109348230751,-0.893569384037712,1,0,0,0,1,0,0,0,1,1,0,1,0,1,0,1,0,1,0,1,0,1,0,0,0,0,1,"No"
-0.446881131200964,-1.28301520463216,-0.74328143308472,1,0,1,1,0,1,0,0,0,0,0,0,0,0,0,0,0,0,0,0,0,0,0,1,0,1,0,"No"
0.656170419419795,0.881120375352192,0.943827737519015,1,1,1,0,1,0,1,1,0,0,0,0,0,0,1,0,0,0,0,0,1,0,0,1,1,0,0,"No"
-1.1822488316148,-1.16315538789456,-0.954203333861644,0,0,0,1,0,1,0,0,0,0,0,0,1,0,0,0,0,0,0,0,0,0,0,0,0,0,1,"No"
0.451901613749285,-0.478955600684127,-0.0322347520233059,0,0,1,1,1,0,0,0,0,0,0,0,1,0,0,0,0,0,0,0,0,0,0,0,0,0,1,"No"
-1.26395635388301,-0.304160034608468,-0.969544720800642,0,0,0,0,1,0,0,0,0,0,0,0,0,0,0,0,0,0,0,0,1,0,0,1,0,1,0,"No"
-0.977980025944292,-1.49110516424604,-0.923165845834768,0,0,1,1,1,0,0,0,1,1,0,1,0,1,0,1,0,1,0,1,0,1,0,0,0,1,0,"No"
-0.977980025944292,-0.177641339163229,-0.800545598494305,1,0,0,0,1,0,1,0,0,0,0,0,0,0,0,0,0,0,1,0,0,0,0,1,0,1,0,"No"
1.59580692550415,0.481587652893543,1.46780704431559,1,0,0,0,1,0,1,1,0,0,0,0,1,0,0,0,0,0,0,0,0,1,0,1,1,0,0,"No"
-0.0383435198599417,0.869467337613815,0.26310911618672,0,1,1,0,1,0,1,1,0,0,0,0,0,0,1,0,0,0,1,0,0,1,0,1,0,1,0,"No"
-1.22310259274891,-1.14317875177163,-0.965864561506027,0,0,1,1,0,1,0,0,0,0,0,0,1,0,0,0,0,0,0,0,0,0,0,1,0,0,1,"No"
-0.814564981407883,-0.490608638422505,-0.720491049019271,0,0,1,0,0,1,0,0,0,0,0,0,0,0,1,0,0,0,1,0,1,0,0,1,0,0,0,"No"
-0.93712626481019,0.946044442751723,-0.608268360167811,0,0,0,1,1,0,0,1,0,0,1,0,0,0,1,0,1,0,0,0,1,0,0,0,0,0,0,"No"
-0.855418742541986,-0.334124988792867,-0.727540992728233,1,1,0,1,1,0,0,0,0,0,0,0,1,0,0,0,1,0,0,0,0,0,0,1,0,1,0,"No"
-1.0596875482125,-1.49443460359986,-0.944626051841922,1,0,0,1,1,0,0,0,1,1,0,1,0,1,0,1,0,1,0,1,0,0,0,0,0,0,1,"No"
0.411047852615182,0.994321313382143,0.745653376467415,0,0,1,1,1,0,1,1,0,0,1,0,1,0,0,0,0,0,1,0,0,1,0,1,1,0,0,"No"
-1.1005413093466,1.05425122175094,-0.766914263253755,0,0,0,0,1,0,0,1,0,0,0,0,1,0,0,0,0,0,1,0,1,0,0,1,0,1,0,"Yes"
-1.22310259274891,0.203579466849399,-0.931412949796195,0,0,1,0,1,0,0,1,0,0,0,0,0,0,0,0,0,0,0,0,0,0,0,1,0,1,0,"Yes"
0.533609136017489,-1.45614605103091,-0.59855806034226,0,0,1,1,1,0,0,0,1,1,0,1,0,1,0,1,0,1,0,1,0,0,1,0,0,0,1,"No"
-0.160904803262248,-0.152670544009564,-0.248322177593274,1,0,1,1,0,1,0,0,0,0,0,0,1,0,1,0,1,0,1,0,1,1,0,1,1,0,0,"No"
0.451901613749285,0.528199803847052,0.512916555534458,0,0,1,0,1,0,1,1,0,0,0,0,1,0,0,0,0,0,0,0,0,0,0,0,0,1,0,"No"
1.14641555302902,0.678024574769046,1.21611518605193,1,0,0,1,1,0,1,0,0,0,1,0,0,0,1,0,1,0,1,0,1,0,1,1,0,1,0,"No"
0.411047852615182,-1.0333072530955,-0.353295396027028,0,0,1,0,0,1,0,0,0,0,0,0,1,0,0,0,1,0,0,0,0,1,0,0,0,0,1,"Yes"
-0.283466086664555,-1.47778740683075,-0.768931699975502,0,0,1,0,1,0,0,0,1,1,0,1,0,1,0,1,0,1,0,1,0,1,0,1,0,0,0,"No"
-0.896272503676088,-0.960059587311418,-0.821296376203702,1,0,0,0,0,1,0,0,0,0,0,0,1,0,0,0,1,0,0,0,0,0,0,0,0,1,0,"No"
-0.201758564396351,0.727966165076377,0.0704771637113472,0,1,0,0,1,0,1,1,0,0,0,0,1,0,1,0,0,0,0,0,0,0,0,1,0,0,0,"No"
-0.855418742541986,-0.359095783946533,-0.705238340617492,0,0,0,0,1,0,0,0,0,0,0,0,0,0,1,0,1,0,0,0,0,1,0,0,0,0,0,"No"
-1.1413950704807,-0.8668352854044,-0.924917246944856,1,0,1,1,0,1,0,0,0,0,1,0,0,0,0,0,0,0,1,0,0,0,0,0,1,0,0,"No"
1.47324564210184,-0.821887854127802,0.245750292525974,1,0,0,0,0,1,0,0,0,0,0,0,0,0,1,0,0,0,0,0,1,0,0,1,0,0,0,"No"
-1.26395635388301,0.181938111049555,-0.963071187583608,1,1,0,0,1,0,0,1,0,0,0,0,0,0,0,0,0,0,0,0,0,0,0,1,0,1,0,"No"
-0.56944241460327,-1.48111684618457,-0.813647852368507,0,0,0,0,1,0,0,0,1,1,0,1,0,1,0,1,0,1,0,1,0,1,0,0,0,0,1,"No"
1.02385426962672,1.61026759383923,1.87240287038022,0,0,0,0,1,0,1,1,0,0,1,0,1,0,1,0,0,0,1,0,1,0,1,1,0,0,0,"Yes"
-0.242612325530453,-1.47445796747693,-0.767446334477073,1,0,0,0,1,0,0,0,1,1,0,1,0,1,0,1,0,1,0,1,0,0,0,1,0,1,0,"No"
-0.610296175737372,-0.96338902666524,-0.707677000391032,0,0,1,0,0,1,0,0,0,0,0,0,1,0,1,0,0,0,0,0,0,0,0,1,1,0,0,"No"
0.247632808078774,1.1541344023656,0.68062983905111,1,0,0,1,1,0,1,1,0,0,0,0,0,0,1,0,0,0,1,0,1,0,0,1,0,0,0,"Yes"
1.10556179189492,0.611435787692604,1.17989000359771,1,1,1,0,1,0,0,1,0,0,1,0,1,0,1,0,0,0,0,0,0,1,0,1,1,0,0,"No"
-0.0791972809940439,-0.297501155900824,-0.260825851341244,1,0,0,0,1,0,0,0,0,0,1,0,0,0,1,0,0,0,0,0,0,0,1,1,0,0,1,"No"
-1.22310259274891,-1.33628623429331,-0.973069692655123,1,1,0,0,0,1,0,0,0,0,0,0,0,0,0,0,0,0,0,0,0,0,0,1,0,0,1,"Yes"
0.737877941688,-1.31131543913965,-0.414926979394681,0,1,1,0,1,0,1,0,1,1,0,1,0,1,0,1,0,1,0,1,0,1,0,0,0,1,0,"No"
-0.93712626481019,-0.458978964561195,-0.788573995969653,1,0,0,0,0,1,0,0,0,0,1,0,0,0,1,0,1,0,0,0,1,1,0,0,0,0,1,"No"
-0.0383435198599417,0.298468488433328,-0.065378355309148,0,1,0,0,1,0,0,1,0,0,1,0,0,0,0,0,0,0,0,0,0,0,0,1,1,0,0,"No"
-1.01883378707839,-0.106058393056054,-0.799525795316279,0,0,0,0,1,0,0,0,0,0,1,0,1,0,1,0,0,0,0,0,0,0,0,0,0,1,0,"No"
-0.977980025944292,1.29064141587231,-0.618444222313765,0,0,0,0,1,0,1,1,0,0,1,0,0,0,0,0,1,0,1,0,1,0,0,1,0,0,0,"Yes"
-0.610296175737372,-1.48777572489222,-0.8479221070039,1,0,1,1,1,0,0,0,1,1,0,1,0,1,0,1,0,1,0,1,0,1,0,0,0,0,0,"No"
0.00251024127416045,-1.50275820198442,-0.695040308837233,1,0,1,1,1,0,0,0,1,1,0,1,0,1,0,1,0,1,0,1,0,0,0,1,1,0,0,"No"
-1.22310259274891,0.563158917062184,-0.922057364119523,0,1,0,0,1,0,0,1,0,0,0,0,0,0,0,0,0,0,1,0,0,0,0,0,0,0,1,"No"
-1.01883378707839,0.673030415738312,-0.751617215583366,1,1,0,0,1,0,1,1,0,0,0,0,0,0,0,0,0,0,1,0,0,0,0,1,0,1,0,"Yes"
1.63666068663825,1.49706665580928,2.50301811818341,0,0,1,1,1,0,1,1,0,0,1,0,1,0,1,0,0,0,1,0,1,0,1,0,1,0,0,"No"
-0.0383435198599417,1.17744047784236,0.41880645791011,0,1,0,0,1,0,1,1,0,0,0,0,1,0,0,0,0,0,1,0,1,0,0,1,0,1,0,"Yes"
-0.201758564396351,0.326768722940816,-0.119605280818961,0,0,1,1,1,0,0,1,0,0,1,0,0,0,0,0,0,0,0,0,0,0,0,0,0,0,1,"No"
-0.56944241460327,0.846161262137061,-0.316915026132669,0,0,0,0,1,0,1,1,0,0,0,0,1,0,0,0,0,0,1,0,0,0,0,1,1,0,0,"Yes"
-1.01883378707839,0.343415919709927,-0.776624563079306,1,0,0,0,1,0,0,1,0,0,0,0,0,0,1,0,0,0,0,0,0,0,0,1,0,1,0,"No"
-0.855418742541986,-0.164323581747941,-0.691182792468178,1,0,1,1,1,0,0,0,0,0,0,0,0,0,1,0,0,0,1,0,0,0,0,1,0,0,0,"No"
-0.160904803262248,1.38220099810242,0.268385489151289,1,0,1,1,1,0,1,1,0,0,1,0,1,0,0,0,0,0,1,0,1,1,0,0,0,1,0,"Yes"
-0.692003698005577,0.320109844233172,-0.491367878478015,1,1,0,0,1,0,1,1,0,0,0,0,0,0,0,0,0,0,0,0,0,0,0,1,1,0,0,"Yes"
-1.1413950704807,0.328433442617727,-0.863573868823167,0,1,0,0,1,0,1,1,0,0,0,0,0,0,0,0,0,0,0,0,0,0,0,1,0,1,0,"No"
1.59580692550415,-1.33295679493949,-0.23187230893903,0,0,0,0,1,0,1,0,1,1,0,1,0,1,0,1,0,1,0,1,0,0,1,0,0,1,0,"No"
-1.1005413093466,0.824519906337217,-0.78941644207324,0,0,0,0,1,0,0,1,0,0,0,0,1,0,0,0,1,0,0,0,1,0,0,1,0,1,0,"Yes"
1.02385426962672,0.867802617936904,1.31142244392875,1,1,1,0,1,0,0,1,0,0,0,0,1,0,1,0,0,0,1,0,0,1,0,1,0,1,0,"No"
-1.26395635388301,0.195255868464844,-0.962893830509169,1,0,0,1,1,0,0,0,0,0,1,0,1,0,0,0,1,0,0,0,1,0,0,1,0,0,0,"No"
-0.977980025944292,0.7013306502458,-0.701735538397316,1,0,1,0,1,0,1,1,0,0,0,0,0,0,0,0,0,0,0,0,1,0,0,1,0,0,0,"No"
-1.26395635388301,-0.976706784080528,-0.978501253059826,1,0,0,0,0,1,0,0,0,0,0,0,0,0,0,0,0,0,0,0,1,0,0,1,0,0,0,"Yes"
1.14641555302902,-1.46613436909237,-0.459820488862126,1,0,1,1,1,0,0,0,1,1,0,1,0,1,0,1,0,1,0,1,0,0,1,0,0,0,1,"No"
0.697024180553898,1.11085169076592,1.18643004571766,1,0,1,1,1,0,1,1,0,0,0,0,0,0,0,0,1,0,1,0,1,1,0,1,0,1,0,"No"
-1.1413950704807,-0.533891350022192,-0.905008915339046,1,0,1,0,0,1,0,0,0,0,0,0,1,0,0,0,0,0,1,0,1,0,0,1,0,1,0,"Yes"
0.860439225090306,1.12583416785812,1.28911979181801,0,0,1,0,1,0,1,1,0,0,0,0,1,0,0,0,0,0,1,0,1,0,0,1,1,0,0,"Yes"
1.43239188096774,0.210238345557043,1.07966108690521,1,0,1,0,1,0,1,0,0,0,1,0,1,0,1,0,1,0,0,0,0,0,1,0,1,0,0,"No"
0.615316658285693,1.39052459648697,1.1559246289141,0,0,0,0,1,0,1,1,0,0,0,0,1,0,1,0,0,0,1,0,1,0,0,1,0,1,0,"No"
0.860439225090306,1.16245800075016,1.41094193232349,0,0,0,0,1,0,0,1,0,0,1,0,1,0,1,0,1,0,0,0,1,0,1,0,0,0,1,"No"
1.51409940323594,0.66970097638449,1.61253041705805,1,0,1,0,1,0,0,0,0,0,1,0,1,0,1,0,1,0,1,0,1,0,1,1,0,0,1,"No"
-1.1822488316148,0.714648407661088,-0.885566146053639,1,0,0,0,1,0,0,1,0,0,1,0,0,0,0,0,0,0,0,0,1,0,0,1,0,0,1,"No"
-1.1413950704807,-0.667068924175075,-0.896251909788606,1,0,0,0,1,0,0,0,0,0,0,0,0,0,0,0,0,0,0,0,0,0,0,0,0,0,1,"No"
0.983000508492613,0.375045593571236,0.895254068756955,1,0,1,1,1,0,1,0,0,0,1,0,1,0,0,0,1,0,0,0,1,0,1,1,1,0,0,"No"
1.18726931416312,-1.31797431784729,-0.328265878896784,1,1,1,0,1,0,1,0,1,1,0,1,0,1,0,1,0,1,0,1,0,0,1,0,0,0,0,"No"
-1.22310259274891,-0.652086447082876,-0.954336351667473,0,0,1,0,1,0,0,0,0,0,0,0,0,0,0,0,0,0,0,0,0,0,0,1,0,1,0,"No"
0.574462897151591,1.20241127299602,1.01940402086446,1,1,1,1,1,0,1,1,0,0,1,0,1,0,1,0,0,0,1,0,0,0,0,1,0,1,0,"Yes"
-0.814564981407883,-1.46779908876929,-0.880844013946693,1,0,1,1,1,0,0,0,1,1,0,1,0,1,0,1,0,1,0,1,0,0,0,0,0,0,1,"No"
-0.160904803262248,0.86114373922926,0.118452252347175,0,0,1,1,1,0,1,1,0,0,0,0,0,0,0,0,1,0,0,0,1,1,0,1,0,1,0,"No"
-0.324319847798657,-0.137688066917364,-0.355312832748775,1,0,0,0,1,0,0,0,0,0,1,0,1,0,0,0,1,0,0,0,0,0,0,0,0,0,0,"No"
1.47324564210184,0.46161101677061,1.37063753715716,0,0,1,1,1,0,1,0,0,0,1,0,1,0,1,0,1,0,0,0,1,1,0,1,0,1,0,"No"
0.288486569212876,1.19741711396529,0.73303885454792,1,0,0,1,1,0,1,1,0,0,0,0,0,0,0,0,1,0,1,0,1,0,1,0,0,0,1,"No"
0.411047852615182,-1.47279324780002,-0.608423547607945,0,0,1,0,1,0,0,0,1,1,0,1,0,1,0,1,0,1,0,1,0,0,0,0,1,0,0,"No"
-1.0596875482125,0.871132057290726,-0.767002941790974,0,0,1,0,1,0,1,1,0,0,0,0,1,0,0,0,0,0,0,0,1,0,0,1,0,1,0,"No"
0.125071524676467,0.358398396802126,0.174674444944429,1,0,0,0,1,0,1,1,0,0,0,0,0,0,0,0,0,0,0,0,0,0,0,0,1,0,0,"Yes"
-0.56944241460327,-1.48278156586148,-0.82182844742702,1,0,0,0,1,0,0,0,1,1,0,1,0,1,0,1,0,1,0,1,0,0,1,0,1,0,0,"No"
-0.201758564396351,-0.359095783946533,-0.377881520471175,1,0,1,0,1,0,0,0,0,0,0,0,1,0,0,0,1,0,0,0,0,0,0,1,0,1,0,"No"
0.37019409148108,0.186932270080289,0.28929145430082,1,0,0,1,1,0,0,0,0,0,1,0,1,0,1,0,0,0,1,0,0,1,0,0,0,0,1,"No"
1.63666068663825,-1.47279324780002,-0.393599791193357,1,0,1,1,1,0,0,0,1,1,0,1,0,1,0,1,0,1,0,1,0,0,1,0,0,1,0,"No"
1.55495316437004,-1.28301520463216,-0.171016662772049,0,0,0,0,1,0,1,0,1,1,0,1,0,1,0,1,0,1,0,1,0,1,0,0,1,0,0,"No"
0.492755374883387,-1.46446964941546,-0.583549217917835,1,0,1,1,1,0,0,0,1,1,0,1,0,1,0,1,0,1,0,1,0,1,0,0,0,0,0,"No"
-1.22310259274891,0.370051434540503,-0.910240949035005,1,0,0,0,1,0,0,1,0,0,1,0,0,0,0,0,0,0,0,0,0,0,0,1,0,1,0,"Yes"
0.0842177635423648,-1.48111684618457,-0.691692694057191,0,0,1,1,1,0,0,0,1,1,0,1,0,1,0,1,0,1,0,1,0,1,0,1,0,0,0,"No"
1.63666068663825,-1.34128039332405,-0.205468274481881,0,1,1,0,1,0,1,0,1,1,0,1,0,1,0,1,0,1,0,1,0,0,1,0,0,0,0,"No"
1.59580692550415,-1.3346215146164,-0.188841048753198,1,0,1,0,1,0,1,0,1,1,0,1,0,1,0,1,0,1,0,1,0,0,1,1,0,1,0,"No"
1.30983059756543,1.52869632967059,2.14032290095507,0,0,0,0,1,0,1,1,0,0,0,0,1,0,1,0,1,0,1,0,1,0,1,1,1,0,0,"No"
1.63666068663825,-1.30965071946274,-0.177756231600742,0,0,1,0,1,0,1,0,1,1,0,1,0,1,0,1,0,1,0,1,0,0,1,1,0,0,0,"No"
-1.26395635388301,0.321774563910083,-0.961208938301996,1,0,0,0,1,0,1,1,0,0,0,0,0,0,0,0,0,0,0,0,0,0,0,1,0,0,1,"Yes"
-0.120051042128146,0.849490701490882,0.183830503912357,1,1,1,0,1,0,0,1,0,0,1,0,0,0,1,0,0,0,0,0,1,1,0,0,0,0,0,"No"
-0.365173608932759,0.138655399449869,-0.245041071716148,0,0,1,0,1,0,0,0,0,0,1,0,0,0,1,0,1,0,0,0,1,1,0,1,0,0,0,"No"
0.819585463956204,-1.51108180036897,-0.526462409582689,1,0,1,1,1,0,0,0,1,1,0,1,0,1,0,1,0,1,0,1,0,0,1,0,0,0,1,"No"
-0.283466086664555,0.836172944075594,-0.0241871747706232,0,1,0,0,1,0,1,1,0,0,0,0,1,0,0,0,0,0,0,0,1,0,0,1,0,1,0,"Yes"
1.30983059756543,1.6818505399464,2.25773328423388,0,0,0,0,1,0,1,1,0,0,1,0,1,0,1,0,1,0,1,0,1,0,1,1,0,0,0,"No"
-0.651149936871475,1.05924538078167,-0.29303832998628,0,1,0,0,1,0,1,1,0,0,0,0,0,0,0,0,0,0,1,0,1,0,0,1,0,1,0,"Yes"
-1.26395635388301,0.163626194603534,-0.963315053560962,1,1,0,0,1,0,0,1,0,0,0,0,0,0,0,0,0,0,0,0,0,0,0,1,0,0,0,"Yes"
-0.324319847798657,1.16745215978089,0.0721620559185203,1,0,0,0,1,0,1,1,0,0,0,0,1,0,0,0,0,0,1,0,1,0,0,1,0,0,0,"No"
-1.22310259274891,0.894438132767481,-0.918111169213249,1,0,1,0,1,0,1,1,0,0,0,0,0,0,1,0,0,0,1,0,0,0,0,1,0,1,0,"No"
0.0842177635423648,0.671365696061401,0.264860517296808,0,0,1,1,1,0,0,0,0,0,1,0,1,0,1,0,1,0,1,0,1,0,1,0,0,0,1,"No"
0.165925285810569,0.688012892830512,0.394907592129416,1,1,1,0,1,0,1,1,0,0,0,0,0,0,0,0,0,0,0,0,1,0,0,1,1,0,0,"Yes"
0.860439225090306,0.471599334832077,0.753922650063146,1,0,1,1,1,0,1,0,0,0,0,0,0,0,1,0,1,0,1,0,1,1,0,1,0,0,1,"No"
0.615316658285693,-1.47612268715384,-0.606871673206602,0,0,1,1,1,0,0,0,1,1,0,1,0,1,0,1,0,1,0,1,0,0,1,0,1,0,0,"No"
-1.26395635388301,-1.50442292166133,-0.985529027134483,1,0,0,0,1,0,0,0,1,1,0,1,0,1,0,1,0,1,0,1,0,0,0,0,0,0,1,"Yes"
-1.01883378707839,1.19242295493456,-0.67710507468456,0,0,0,0,1,0,0,1,0,0,0,0,0,0,1,0,1,0,1,0,1,0,0,1,0,1,0,"No"
1.59580692550415,-1.33628623429331,-0.248521704302019,0,0,1,0,1,0,1,0,1,1,0,1,0,1,0,1,0,1,0,1,0,0,1,1,1,0,0,"No"
1.51409940323594,1.41882483099446,2.25021777820451,1,0,1,0,1,0,1,1,0,0,1,0,1,0,1,0,1,0,0,0,1,1,0,1,1,0,0,"No"
1.55495316437004,0.919408927921146,1.87659293126384,0,1,1,0,1,0,1,0,0,0,1,0,1,0,1,0,1,0,1,0,1,0,1,1,0,0,0,"No"
-0.283466086664555,-1.30798599978583,-0.694242202002256,1,0,0,0,1,0,1,0,1,1,0,1,0,1,0,1,0,1,0,1,0,1,0,0,0,0,0,"Yes"
1.55495316437004,1.57697320030101,2.46253636594264,0,0,0,0,1,0,1,1,0,0,1,0,1,0,1,0,1,0,1,0,1,0,1,1,1,0,0,"No"
1.63666068663825,-0.359095783946533,0.758356576924129,0,0,1,1,0,1,0,0,0,0,1,0,0,0,1,0,0,0,1,0,1,0,1,1,1,0,0,"No"
-0.773711220273781,1.11751056947356,-0.448646993172451,1,0,0,0,1,0,1,1,0,0,1,0,0,0,0,0,0,0,1,0,1,0,0,0,0,0,1,"Yes"
-0.814564981407883,0.474928774185898,-0.605386307708173,0,0,1,0,1,0,1,0,0,0,1,0,0,0,1,0,0,0,1,0,1,1,0,0,0,1,0,"No"
1.22812307529723,0.20524418652631,0.896251702300676,0,0,1,1,1,0,0,0,0,0,1,0,0,0,1,0,1,0,1,0,0,1,0,1,0,0,0,"No"
-0.283466086664555,0.385033911632703,-0.110471391485337,0,0,0,0,1,0,0,0,0,0,1,0,0,0,0,0,1,0,1,0,1,0,0,1,1,0,0,"No"
0.819585463956204,-0.848523368958378,-0.115282202129503,0,0,0,0,0,1,0,0,0,0,1,0,1,0,0,0,1,0,0,0,0,0,1,0,0,0,1,"No"
-1.22310259274891,-1.48278156586148,-0.979188511723279,1,0,0,0,1,0,0,0,1,1,0,1,0,1,0,1,0,1,0,1,0,0,0,0,0,0,1,"No"
0.983000508492613,-1.48278156586148,-0.510788478129117,0,0,1,1,1,0,0,0,1,1,0,1,0,1,0,1,0,1,0,1,0,0,1,0,0,0,1,"No"
-0.814564981407883,-1.50275820198442,-0.893281178791748,0,0,0,0,1,0,0,0,1,1,0,1,0,1,0,1,0,1,0,1,0,0,0,0,0,0,0,"No"
0.615316658285693,-1.25471497012467,-0.439513103838828,0,0,1,0,1,0,1,0,1,1,0,1,0,1,0,1,0,1,0,1,0,1,0,0,0,1,0,"No"
0.533609136017489,0.664706817353757,0.652607421289703,1,0,1,0,1,0,1,1,0,0,1,0,0,0,1,0,0,0,0,0,0,0,0,1,0,0,1,"No"
-1.1822488316148,-0.637103969990676,-0.931302101624671,1,0,0,0,1,0,0,0,0,0,0,0,0,0,0,0,0,0,0,0,0,0,0,0,0,0,1,"No"
1.63666068663825,1.6968330170386,2.74158555293856,1,0,1,0,1,0,1,1,0,0,1,0,1,0,1,0,1,0,1,0,1,0,1,1,0,1,0,"No"
0.574462897151591,0.969350518228478,0.848077086956104,1,0,0,0,1,0,1,1,0,0,1,0,1,0,0,0,0,0,0,0,1,0,0,1,0,1,0,"Yes"
1.59580692550415,1.14581080398105,2.13695311654072,0,0,1,1,1,0,1,1,0,0,1,0,1,0,1,0,0,0,1,0,0,0,1,1,1,0,0,"No"
-0.56944241460327,0.579806113831294,-0.362096740846078,1,0,0,0,1,0,1,0,0,0,0,0,0,0,1,0,1,0,1,0,1,1,0,1,1,0,0,"Yes"
1.35068435869953,0.897767572121303,1.6502409650107,0,0,1,1,1,0,1,0,0,0,1,0,1,0,1,0,1,0,1,0,1,0,1,0,0,0,0,"No"
-0.692003698005577,-1.50608764133824,-0.870490794726299,1,0,1,1,1,0,0,0,1,1,0,1,0,1,0,1,0,1,0,1,0,0,1,0,0,0,1,"No"
-0.0791972809940439,0.981003555966855,0.27683211982146,1,0,1,0,1,0,1,1,0,0,0,0,0,0,0,0,0,0,1,0,1,0,0,1,1,0,0,"Yes"
0.411047852615182,1.19242295493456,0.914076088281824,0,0,1,1,1,0,0,1,0,0,0,0,0,0,1,0,1,0,1,0,1,0,1,1,0,1,0,"No"
-1.26395635388301,-0.327466110085223,-0.969855095680911,0,0,0,0,1,0,0,0,0,0,0,0,0,0,0,0,0,0,0,0,1,0,0,1,0,0,1,"Yes"
0.860439225090306,1.45378394420959,1.63744908601677,0,0,1,1,1,0,0,1,0,0,0,0,1,0,1,0,1,0,1,0,1,0,0,1,0,0,0,"No"
-1.26395635388301,0.999315472412876,-0.952185897139897,0,0,0,0,1,0,1,1,0,0,0,0,0,0,0,0,0,0,1,0,1,0,0,1,0,1,0,"Yes"
-0.0383435198599417,1.14248136462723,0.296718281792965,0,1,1,1,1,0,0,1,0,0,0,0,0,0,1,0,1,0,1,0,1,0,0,1,0,1,0,"Yes"
0.656170419419795,-1.47945212650766,-0.558298004444541,1,0,0,0,1,0,0,0,1,1,0,1,0,1,0,1,0,1,0,1,0,0,1,0,1,0,0,"No"
-0.0791972809940439,1.22238790911896,0.324740699554373,0,1,0,1,1,0,1,1,0,0,0,0,0,0,0,0,1,0,1,0,1,0,0,1,0,1,0,"No"
-0.896272503676088,-1.4844462855384,-0.906028718517072,1,0,0,0,1,0,0,0,1,1,0,1,0,1,0,1,0,1,0,1,0,0,0,0,1,0,0,"No"
-0.814564981407883,1.35556548327184,-0.428516965223592,0,0,0,1,1,0,1,1,0,0,0,0,1,0,1,0,0,0,1,0,1,0,0,1,0,1,0,"No"
1.02385426962672,0.175279232341911,0.780770077206394,0,1,0,0,1,0,0,0,0,0,1,0,0,0,1,0,1,0,1,0,0,0,1,0,0,0,0,"No"
1.06470803076082,0.0221250220660957,0.68703686336523,0,0,1,0,1,0,0,0,0,0,1,0,1,0,0,0,0,0,1,0,0,0,0,1,1,0,0,"No"
0.206779046944671,-1.49110516424604,-0.633519573641105,0,0,0,0,1,0,0,0,1,1,0,1,0,1,0,1,0,1,0,1,0,0,1,0,0,0,1,"No"
0.492755374883387,-1.49776404295368,-0.648173701916651,0,0,1,1,1,0,0,0,1,1,0,1,0,1,0,1,0,1,0,1,0,0,0,0,0,0,1,"No"
-0.201758564396351,-1.48278156586148,-0.748979029101082,1,0,0,1,1,0,0,0,1,1,0,1,0,1,0,1,0,1,0,1,0,1,0,0,1,0,0,"No"
-0.977980025944292,-0.505591115514704,-0.81311578114519,0,0,0,0,1,0,0,0,0,0,0,0,0,0,0,0,1,0,0,0,0,0,0,0,0,1,0,"No"
-1.1822488316148,0.38170447227888,-0.891352420607221,1,1,0,0,1,0,1,1,0,0,0,0,0,0,0,0,0,0,0,0,0,0,0,1,0,1,0,"Yes"
-0.283466086664555,0.792890232475908,-0.0225909611006696,0,1,1,0,1,0,0,1,0,0,0,0,1,0,1,0,0,0,0,0,1,0,0,0,0,0,0,"No"
1.35068435869953,1.43380730808666,2.146353041486,0,0,1,0,1,0,1,1,0,0,0,0,1,0,1,0,1,0,1,0,1,0,1,1,0,0,0,"No"
1.59580692550415,0.528199803847052,1.51646939161487,0,0,1,0,1,0,1,0,0,0,0,0,0,0,1,0,1,0,1,0,1,0,1,1,0,0,0,"No"
-0.446881131200964,-0.190959096578517,-0.455209204926705,0,0,1,1,1,0,0,0,0,0,0,0,1,0,0,0,0,0,1,0,0,1,0,1,1,0,0,"No"
1.59580692550415,1.49873137548619,2.48834182027356,1,0,1,0,1,0,1,1,0,0,1,0,1,0,1,0,0,0,1,0,1,1,0,1,0,1,0,"No"
-1.26395635388301,0.183602830726466,-0.963049017949303,0,0,0,0,1,0,0,1,0,0,0,0,0,0,0,0,0,0,0,0,0,0,0,0,0,1,0,"No"
1.63666068663825,1.13415776624267,2.16701514065818,0,0,1,1,1,0,1,1,0,0,0,0,1,0,1,0,1,0,0,0,1,0,1,1,0,0,0,"No"
1.30983059756543,1.5603260035319,2.22798163499669,0,0,1,1,1,0,1,1,0,0,0,0,1,0,1,0,1,0,1,0,1,1,0,1,0,1,0,"No"
1.63666068663825,1.67519166123876,2.77324379072597,0,0,0,0,1,0,1,1,0,0,1,0,1,0,1,0,1,0,1,0,1,0,1,1,0,1,0,"No"
-0.773711220273781,-1.47112852812311,-0.878272336367323,0,0,0,0,1,0,0,0,1,1,0,1,0,1,0,1,0,1,0,1,0,0,1,1,0,0,1,"No"
-0.0383435198599417,1.32393580941053,0.427208749311672,0,0,0,0,1,0,1,1,0,0,1,0,1,0,0,0,0,0,1,0,1,0,0,0,0,1,0,"No"
-1.26395635388301,0.171949792988089,-0.963204205389438,1,1,0,0,1,0,0,1,0,0,0,0,0,0,0,0,0,0,0,0,0,0,0,1,0,1,0,"Yes"
1.18726931416312,1.36388908165639,1.79101814284689,1,0,1,0,1,0,1,1,0,0,0,0,1,0,1,0,0,0,1,0,1,0,0,1,0,1,0,"Yes"
-0.896272503676088,0.190261709434111,-0.666818364367081,1,0,1,0,1,0,0,1,0,0,0,0,0,0,0,0,0,0,0,0,0,0,0,1,0,1,0,"Yes"
-0.732857459139679,0.528199803847052,-0.489971191516805,0,0,1,1,1,0,1,0,0,0,0,0,1,0,0,0,1,0,1,0,1,0,0,0,1,0,0,"No"
-1.26395635388301,0.519876205462497,-0.958570751819711,0,0,0,0,1,0,1,1,0,0,0,0,1,0,0,0,0,0,0,0,0,0,0,1,0,0,1,"Yes"
1.43239188096774,0.990991874028321,1.81762170401278,0,0,1,1,1,0,1,1,0,0,1,0,0,0,0,0,1,0,0,0,1,1,0,1,1,0,0,"Yes"
1.63666068663825,0.891108693413659,1.97535865209222,0,0,0,0,1,0,1,0,0,0,1,0,1,0,1,0,1,0,1,0,1,0,1,1,0,0,0,"No"
-1.0596875482125,-0.665404204498164,-0.878494032710372,1,0,1,1,1,0,0,0,0,0,0,0,0,0,0,0,0,0,0,0,0,0,0,1,0,0,0,"Yes"
0.0433640024082626,1.52703160999368,0.626668949152957,0,1,0,0,1,0,1,1,0,0,0,0,1,0,1,0,1,0,1,0,1,0,0,1,0,1,0,"Yes"
-0.56944241460327,0.12533764203458,-0.41780903185432,1,0,0,0,1,0,0,0,0,0,1,0,0,0,1,0,1,0,1,0,0,0,0,1,0,1,0,"No"
1.59580692550415,0.483252372570454,1.4732829439889,1,0,1,0,1,0,0,0,0,0,0,0,1,0,1,0,1,0,1,0,1,0,1,1,1,0,0,"No"
-1.22310259274891,0.531529243200874,-0.910728680989713,0,0,0,1,1,0,1,1,0,0,1,0,0,0,0,0,0,0,0,0,0,0,0,0,1,0,0,"No"
0.983000508492613,0.726301445399466,1.1884253128051,1,0,0,0,1,0,1,1,0,0,1,0,1,0,0,0,0,0,0,0,0,0,0,1,0,1,0,"No"
1.14641555302902,-0.483949759714861,0.296806960330184,0,0,1,0,0,1,0,0,0,0,1,0,1,0,1,0,0,0,0,0,1,1,0,0,0,1,0,"No"
0.0433640024082626,-1.29466824237054,-0.627844147259048,0,0,0,0,1,0,1,0,1,1,0,1,0,1,0,1,0,1,0,1,0,0,1,0,1,0,0,"No"
-1.26395635388301,0.626418264784803,-0.957151895224197,0,0,0,0,1,0,0,1,0,0,1,0,1,0,0,0,1,0,0,0,0,0,0,1,0,0,1,"No"
-1.22310259274891,0.203579466849399,-0.931745494310769,1,0,0,0,1,0,0,1,0,0,0,0,0,0,0,0,0,0,0,0,0,0,0,0,1,0,0,"Yes"
1.35068435869953,1.18409935655,1.95154846484875,0,0,1,0,1,0,1,1,0,0,1,0,1,0,0,0,1,0,1,0,0,1,0,1,0,0,0,"No"
1.26897683643133,-1.30965071946274,-0.302748629811831,1,0,0,0,1,0,1,0,1,1,0,1,0,1,0,1,0,1,0,1,0,0,1,0,0,0,1,"No"
1.55495316437004,1.61193231351614,2.54751257423337,0,1,1,0,1,0,1,1,0,0,1,0,1,0,1,0,1,0,1,0,1,0,1,1,1,0,0,"No"
-0.406027370066861,1.01096851015125,-0.0440289974735186,1,0,0,0,1,0,0,1,0,0,0,0,1,0,1,0,1,0,0,0,1,0,0,1,0,0,0,"No"
0.615316658285693,0.689677612507423,0.799680775268483,0,0,1,0,1,0,0,1,0,0,0,0,0,0,1,0,0,0,0,0,1,0,0,1,0,1,0,"Yes"
-0.56944241460327,-1.03497197277241,-0.728095233585855,1,0,0,0,0,1,0,0,0,0,0,0,1,0,1,0,0,0,0,0,0,0,0,1,1,0,0,"Yes"
-1.26395635388301,-1.49110516424604,-0.985351670060044,0,0,0,0,1,0,0,0,1,1,0,1,0,1,0,1,0,1,0,1,0,0,0,0,1,0,0,"No"
0.983000508492613,0.57314723512365,1.01641112023329,1,0,0,0,1,0,0,0,0,0,0,0,1,0,1,0,1,0,1,0,1,0,1,1,1,0,0,"No"
-1.22310259274891,-1.4844462855384,-0.975996084383371,0,0,0,0,1,0,0,0,1,1,0,1,0,1,0,1,0,1,0,1,0,0,0,1,0,0,1,"No"
0.125071524676467,-0.165988301424852,-0.0652675071376235,1,0,0,0,1,0,1,0,0,0,1,0,0,0,1,0,0,0,0,0,0,0,0,1,0,1,0,"No"
-0.324319847798657,0.857814299875438,-0.00159631741391884,1,0,0,0,1,0,0,1,0,0,0,0,0,0,0,0,0,0,1,0,1,0,0,1,0,1,0,"Yes"
-1.26395635388301,-0.300830595254646,-0.969500381532032,1,0,0,0,1,0,0,0,0,0,0,0,0,0,0,0,0,0,0,0,1,0,0,0,0,0,1,"No"
1.55495316437004,0.358398396802126,1.41692773358582,0,0,1,1,1,0,0,0,0,0,1,0,0,0,0,0,1,0,1,0,1,0,1,0,1,0,0,"No"
-1.26395635388301,0.871132057290726,-0.953892958981375,1,0,1,0,1,0,0,1,0,0,0,0,0,0,0,0,0,0,1,0,1,0,0,1,0,1,0,"Yes"
-1.1413950704807,0.832843504721772,-0.832004309572974,0,0,0,1,1,0,1,1,0,0,0,0,1,0,0,0,0,0,1,0,0,0,0,0,0,0,1,"Yes"
0.288486569212876,-0.175976619486318,-0.0146098927509016,0,0,0,0,1,0,0,0,0,0,0,0,0,0,0,0,1,0,0,0,1,1,0,0,0,1,0,"No"
-0.120051042128146,0.0504252565735832,-0.146297520522074,0,0,0,0,1,0,1,0,0,0,1,0,0,0,0,0,0,0,0,0,1,0,0,1,0,1,0,"No"
-0.732857459139679,-1.52439955778426,-0.880821844312388,0,0,1,1,1,0,0,0,1,1,0,1,0,1,0,1,0,1,0,1,0,0,1,0,0,0,1,"No"
1.18726931416312,0.727966165076377,1.30055932311934,0,0,0,0,1,0,1,0,0,0,1,0,0,0,1,0,1,0,1,0,1,0,1,0,1,0,0,"No"
-0.773711220273781,-0.415696252961508,-0.696769540313016,1,0,0,1,1,0,0,0,0,0,1,0,0,0,0,0,0,0,0,0,0,0,0,1,1,0,0,"No"
1.39153811983363,-0.572179902591146,0.414638566660787,0,0,0,0,0,1,0,0,0,0,1,0,1,0,1,0,1,0,0,0,0,0,1,1,0,0,1,"No"
0.0433640024082626,0.964356359197744,0.360655507128328,1,1,1,0,1,0,0,1,0,0,1,0,1,0,0,0,1,0,0,0,1,1,0,1,0,1,0,"No"
1.39153811983363,0.496570129985742,1.30978189099018,1,0,0,1,1,0,0,0,0,0,0,0,1,0,1,0,1,0,1,0,1,0,1,1,1,0,0,"No"
-1.26395635388301,-1.49276988392295,-0.985373839694349,1,0,0,1,1,0,0,0,1,1,0,1,0,1,0,1,0,1,0,1,0,0,0,0,0,0,1,"Yes"
-0.528588653469168,1.0176273888589,-0.200790481643545,0,0,0,0,1,0,1,1,0,0,1,0,1,0,0,0,0,0,0,0,1,0,0,1,0,1,0,"Yes"
1.26897683643133,1.35889492262566,1.98245293506979,1,0,0,0,1,0,1,1,0,0,0,0,1,0,0,0,1,0,1,0,1,0,0,0,0,1,0,"No"
-0.201758564396351,-1.48111684618457,-0.744678120045929,1,0,0,0,1,0,0,0,1,1,0,1,0,1,0,1,0,1,0,1,0,1,0,0,0,0,0,"No"
-0.406027370066861,1.22405262879587,0.0332543477134014,1,0,0,0,1,0,1,1,0,0,1,0,0,0,0,0,0,0,1,0,1,0,0,1,0,0,0,"Yes"
-1.1413950704807,-1.48278156586148,-0.953582584101106,0,1,0,0,1,0,0,0,1,1,0,1,0,1,0,1,0,1,0,1,0,0,0,0,0,0,1,"No"
0.411047852615182,-1.46114021006164,-0.626624817372277,1,0,1,1,1,0,0,0,1,1,0,1,0,1,0,1,0,1,0,1,0,0,1,0,0,0,1,"No"
-1.1413950704807,0.181938111049555,-0.875789337325173,0,0,0,0,1,0,0,1,0,0,0,0,0,0,0,0,0,0,0,0,0,0,0,1,1,0,0,"Yes"
-0.0791972809940439,-1.49443460359986,-0.716988246799095,1,0,0,0,1,0,0,0,1,1,0,1,0,1,0,1,0,1,0,1,0,1,0,0,0,0,1,"No"
-1.1413950704807,0.335092321325371,-0.860492289654785,1,0,1,0,1,0,1,1,0,0,0,0,0,0,0,0,0,0,0,0,0,0,0,1,0,1,0,"Yes"
1.59580692550415,0.694671771538156,1.67948271265888,1,0,1,1,1,0,0,0,0,0,1,0,1,0,1,0,1,0,1,0,1,0,1,0,0,0,0,"No"
0.574462897151591,-0.805240657358691,-0.177091142571595,1,0,1,0,0,1,0,0,0,0,1,0,0,0,1,0,1,0,0,0,0,0,1,0,1,0,0,"No"
-1.1413950704807,-0.472296721976483,-0.902525916296896,1,0,0,0,1,0,1,0,0,0,0,0,0,0,0,0,0,0,0,0,0,0,0,0,0,0,1,"Yes"
-1.01883378707839,0.501564289016475,-0.726011287961194,0,0,0,0,1,0,1,1,0,0,1,0,0,0,0,0,0,0,0,0,0,0,0,1,0,0,1,"Yes"
1.51409940323594,1.35223604391802,2.28078970391098,1,0,0,0,1,0,1,1,0,0,0,0,1,0,0,0,1,0,1,0,1,1,0,1,0,0,0,"No"
1.63666068663825,1.20074655331911,2.25773328423388,0,0,1,0,1,0,1,1,0,0,1,0,1,0,1,0,0,0,1,0,0,0,1,0,0,0,0,"No"
-0.528588653469168,0.508223167724119,-0.341567659479731,1,1,0,0,1,0,1,1,0,0,0,0,0,0,1,0,0,0,0,0,0,0,0,1,0,1,0,"Yes"
-1.1005413093466,0.471599334832077,-0.811408719303711,1,0,1,0,1,0,1,1,0,0,0,0,1,0,0,0,0,0,0,0,0,0,0,1,0,1,0,"Yes"
1.63666068663825,1.73678628928447,2.6758525872245,0,1,1,0,1,0,1,1,0,0,1,0,1,0,1,0,1,0,1,0,1,0,1,1,1,0,0,"No"
-0.977980025944292,0.528199803847052,-0.735433382540781,1,1,1,1,1,0,0,1,0,0,0,0,0,0,0,0,0,0,1,0,0,0,0,1,1,0,0,"Yes"
-1.01883378707839,-0.182635498193962,-0.83040809590302,0,0,0,0,1,0,0,0,0,0,1,0,0,0,0,0,0,0,0,0,1,1,0,1,0,1,0,"No"
-0.406027370066861,-0.492273358099416,-0.528989747893449,0,0,0,0,1,0,0,0,0,0,1,0,0,0,0,0,0,0,0,0,0,0,0,1,0,1,0,"No"
1.63666068663825,-1.50775236101515,-0.366818872953024,1,0,0,0,1,0,0,0,1,1,0,1,0,1,0,1,0,1,0,1,0,0,1,0,0,0,0,"No"
-0.977980025944292,-1.49609932327677,-0.918864936779615,1,0,1,1,1,0,0,0,1,1,0,1,0,1,0,1,0,1,0,1,0,0,0,0,1,0,0,"No"
1.47324564210184,-0.855182247666022,0.211542546793496,0,0,0,0,0,1,0,0,0,0,1,0,0,0,1,0,1,0,0,0,0,0,1,0,0,0,1,"No"
-1.22310259274891,-1.48944044456913,-0.97125178264212,1,0,0,0,1,0,0,0,1,1,0,1,0,1,0,1,0,1,0,1,0,0,0,0,0,0,1,"No"
0.0842177635423648,1.05758066110476,0.420402671580064,0,1,0,0,1,0,1,1,0,0,0,0,1,0,0,0,1,0,1,0,0,0,0,1,0,1,0,"No"
0.125071524676467,-1.34627455235478,-0.633874287789983,0,0,0,0,0,1,0,0,0,0,0,0,0,0,0,0,0,0,0,0,0,0,0,0,0,1,0,"No"
-1.26395635388301,-0.482285040037949,-0.971916871671268,0,0,0,0,1,0,1,0,0,0,0,0,0,0,0,0,0,0,0,0,0,0,0,1,0,0,1,"Yes"
0.860439225090306,-0.132693907886631,0.467734840821049,0,0,1,1,1,0,0,0,0,0,0,0,0,0,1,0,0,0,0,0,1,1,0,0,1,0,0,"No"
-1.22310259274891,0.393357510017258,-0.926823835495078,1,0,1,0,1,0,0,1,0,0,0,0,0,0,1,0,0,0,0,0,0,0,0,0,0,1,0,"Yes"
-1.1822488316148,1.13582248591958,-0.863928582972046,1,0,0,0,1,0,0,1,0,0,0,0,0,0,1,0,1,0,1,0,1,0,0,1,0,1,0,"Yes"
0.37019409148108,-0.354101624915799,-0.0118386884627877,1,1,1,0,0,1,0,0,0,0,0,0,1,0,1,0,0,0,1,0,1,0,0,1,0,1,0,"No"
-0.324319847798657,-1.47112852812311,-0.780060856396567,0,0,1,0,1,0,0,0,1,1,0,1,0,1,0,1,0,1,0,1,0,1,0,0,1,0,0,"No"
-0.160904803262248,0.849490701490882,0.158224576290185,0,0,1,1,1,0,0,1,0,0,0,0,0,0,0,0,0,0,1,0,1,1,0,1,0,0,0,"Yes"
-0.977980025944292,-1.17314370595603,-0.898158498338828,1,0,0,0,0,1,0,0,0,0,1,0,0,0,0,0,0,0,0,0,0,0,0,0,0,0,1,"No"
0.901292986224409,1.01596266918199,1.25158660093979,0,0,0,0,1,0,1,1,0,0,0,0,0,0,1,0,1,0,0,0,1,0,1,1,0,0,0,"No"
-0.528588653469168,-0.655415886436698,-0.621836176362417,0,0,1,0,1,0,0,0,0,0,0,0,0,0,0,0,0,0,0,0,0,0,0,0,0,0,1,"No"
1.63666068663825,0.934391405013346,1.99123211025454,0,0,1,1,1,0,1,0,0,0,1,0,1,0,1,0,1,0,1,0,1,0,1,0,0,0,0,"No"
1.22812307529723,-0.695369158682563,0.166804224766186,1,0,0,0,0,1,0,0,0,0,1,0,1,0,1,0,1,0,0,0,0,0,1,1,0,0,0,"No"
0.983000508492613,0.266838814572018,0.816840072220484,0,1,1,1,1,0,0,0,0,0,1,0,0,0,0,0,1,0,1,0,1,0,1,1,1,0,0,"No"
-0.692003698005577,-0.434008169407529,-0.6547137440366,1,0,0,0,1,0,1,0,0,0,0,0,0,0,0,0,0,0,0,0,0,0,0,0,0,1,0,"Yes"
-0.896272503676088,0.488246531601187,-0.642276579191545,1,1,0,0,1,0,0,1,0,0,0,0,0,0,0,0,0,0,0,0,1,0,0,1,0,1,0,"Yes"
0.00251024127416045,-1.51940539875353,-0.721909905614785,1,0,1,1,1,0,0,0,1,1,0,1,0,1,0,1,0,1,0,1,0,0,1,0,0,0,1,"No"
-1.22310259274891,-1.3346215146164,-0.973557424609831,0,0,0,0,0,1,0,0,0,0,0,0,0,0,0,0,0,0,0,0,0,0,0,0,0,1,0,"No"
-0.201758564396351,-1.46446964941546,-0.736142810838538,1,0,0,1,1,0,0,0,1,1,0,1,0,1,0,1,0,1,0,1,0,0,1,0,0,0,1,"No"
-0.283466086664555,-0.117711430794432,-0.311217430116307,0,0,0,0,0,1,0,0,0,0,1,0,1,0,1,0,0,0,1,0,1,1,0,0,0,1,0,"No"
-1.22310259274891,0.702995369922711,-0.91884276714531,0,0,0,0,1,0,1,1,0,0,0,0,0,0,0,0,0,0,0,0,1,0,0,1,0,1,0,"Yes"
1.26897683643133,1.45378394420959,2.01211590576977,0,0,0,0,1,0,1,1,0,0,1,0,1,0,1,0,0,0,1,0,1,0,0,0,1,0,0,"No"
-1.1413950704807,-1.47112852812311,-0.952230236408507,0,0,0,1,1,0,0,0,1,1,0,1,0,1,0,1,0,1,0,1,0,0,0,0,1,0,0,"No"
-0.855418742541986,-1.47612268715384,-0.901905166536358,1,0,0,0,1,0,0,0,1,1,0,1,0,1,0,1,0,1,0,1,0,0,0,0,0,0,1,"No"
1.30983059756543,1.333924127472,2.06075608343474,1,0,0,0,1,0,1,1,0,0,0,0,0,0,1,0,1,0,1,0,1,1,0,1,1,0,0,"No"
0.451901613749285,0.353404237771393,0.44882414275896,0,0,1,1,1,0,0,0,0,0,1,0,0,0,1,0,0,0,1,0,1,0,1,0,0,0,0,"No"
-1.26395635388301,-0.672063083205808,-0.974444209982028,0,0,0,0,1,0,0,0,0,0,0,0,0,0,0,0,0,0,0,0,0,0,0,0,0,0,1,"Yes"
-1.1005413093466,0.82951406536795,-0.782322159095668,1,1,0,0,1,0,0,1,0,0,0,0,0,0,0,0,0,0,1,0,1,0,0,1,0,1,0,"Yes"
1.39153811983363,0.138655399449869,0.977880295811358,1,0,0,0,1,0,1,0,0,0,1,0,1,0,1,0,1,0,0,0,0,0,1,0,0,0,0,"No"
1.43239188096774,1.54700824611661,2.2519691793146,1,0,1,0,1,0,0,1,0,0,1,0,1,0,1,0,1,0,1,0,1,0,1,1,0,1,0,"No"
0.411047852615182,1.14581080398105,0.839297911771359,0,0,1,0,1,0,0,1,0,0,0,0,0,0,1,0,1,0,1,0,1,0,1,1,1,0,0,"No"
-1.26395635388301,0.714648407661088,-0.955976904606037,1,1,1,0,1,0,1,1,0,0,0,0,0,0,0,0,0,0,1,0,0,0,0,1,0,1,0,"Yes"
-0.0383435198599417,-1.45115189200017,-0.684775768154059,0,0,1,1,1,0,0,0,1,1,0,1,0,1,0,1,0,1,0,1,0,0,1,0,0,0,1,"No"
-1.01883378707839,-1.50442292166133,-0.919352668734323,1,0,0,0,1,0,0,0,1,1,0,1,0,1,0,1,0,1,0,1,0,0,0,1,0,0,1,"No"
-1.1413950704807,-0.667068924175075,-0.916847500057868,1,0,0,0,0,1,0,0,0,0,0,0,0,0,0,0,0,0,1,0,1,0,0,1,0,1,0,"Yes"
0.0842177635423648,0.419993024847834,0.226883933732495,1,0,1,1,1,0,1,0,0,0,0,0,0,0,1,0,0,0,1,0,1,1,0,0,0,0,0,"No"
-1.1822488316148,-1.50275820198442,-0.963425901732487,1,0,0,0,1,0,0,0,1,1,0,1,0,1,0,1,0,1,0,1,0,1,0,1,0,0,1,"No"
-0.528588653469168,-1.32296847687802,-0.801343705329282,0,0,1,1,0,1,0,0,0,0,0,0,0,0,0,0,0,0,0,0,0,0,0,1,0,0,1,"No"
-1.1822488316148,-0.773610983497381,-0.946576979660754,1,0,0,0,0,1,0,0,0,0,1,0,0,0,1,0,1,0,0,0,0,0,0,0,0,0,1,"No"
0.574462897151591,-1.49776404295368,-0.616714990837982,1,0,1,0,1,0,0,0,1,1,0,1,0,1,0,1,0,1,0,1,0,0,0,0,0,1,0,"No"
1.51409940323594,0.661377377999935,1.59909561866927,0,0,1,1,1,0,1,1,0,0,1,0,0,0,1,0,0,0,0,0,0,1,0,0,0,0,0,"No"
-1.1005413093466,-1.47612268715384,-0.945446328311204,1,0,0,0,1,0,0,0,1,1,0,1,0,1,0,1,0,1,0,1,0,0,0,0,0,0,1,"No"
-1.26395635388301,-1.49609932327677,-0.985418178962958,1,0,0,0,1,0,0,0,1,1,0,1,0,1,0,1,0,1,0,1,0,0,0,0,0,0,0,"No"
-0.242612325530453,-1.46280492973855,-0.730090500673298,1,0,0,0,1,0,0,0,1,1,0,1,0,1,0,1,0,1,0,1,0,1,0,1,1,0,0,"No"
-0.283466086664555,1.15579912204251,0.120336671263092,1,0,0,0,1,0,0,1,0,0,0,0,0,0,1,0,1,0,1,0,1,0,1,0,0,0,0,"No"
-0.0791972809940439,0.100366846880914,-0.107256794511125,1,0,1,1,1,0,1,0,0,0,1,0,1,0,1,0,1,0,0,0,0,0,0,0,0,1,0,"No"
-0.773711220273781,0.185267550403378,-0.58099970997277,1,0,0,0,1,0,0,1,0,0,0,0,0,0,0,0,0,0,0,0,0,0,0,1,0,1,0,"No"
1.30983059756543,1.67852110059258,2.28526797004058,0,0,1,0,1,0,1,1,0,0,1,0,1,0,1,0,1,0,1,0,1,1,0,1,0,1,0,"No"
0.574462897151591,0.673030415738312,0.761194290115157,0,0,0,1,1,0,1,1,0,0,0,0,0,0,1,0,1,0,0,0,0,0,0,1,0,0,0,"No"
-0.814564981407883,-1.49443460359986,-0.878449693441762,0,0,0,0,1,0,0,0,1,1,0,1,0,1,0,1,0,1,0,1,0,1,0,0,0,0,1,"No"
-0.692003698005577,-1.49276988392295,-0.862310199667787,0,0,0,0,1,0,0,0,1,1,0,1,0,1,0,1,0,1,0,1,0,0,0,0,0,0,0,"Yes"
-0.773711220273781,-0.047793204364168,-0.631967699239761,0,0,1,1,1,0,0,0,0,0,1,0,0,0,1,0,0,0,0,0,1,0,0,1,0,0,1,"No"
1.43239188096774,0.313450965525528,1.16448210775579,0,0,1,1,1,0,1,0,0,0,1,0,1,0,0,0,1,0,1,0,0,0,1,0,1,0,0,"No"
-0.324319847798657,-1.18146730434059,-0.689076677209212,1,0,1,0,0,1,0,0,0,0,0,0,0,0,1,0,0,0,0,0,0,0,0,0,0,1,0,"No"
0.860439225090306,-0.151005824332653,0.437872343412334,1,1,1,0,1,0,1,0,0,0,1,0,0,0,0,0,1,0,0,0,0,1,0,1,0,1,0,"Yes"
-0.651149936871475,0.323439283586994,-0.471703412849559,1,1,1,0,1,0,0,1,0,0,0,0,1,0,0,0,0,0,0,0,0,0,0,1,1,0,0,"Yes"
-0.896272503676088,-1.4844462855384,-0.911925841242178,1,0,0,0,1,0,0,0,1,1,0,1,0,1,0,1,0,1,0,1,0,0,0,0,0,1,0,"No"
-0.93712626481019,0.691342332184334,-0.657773153570678,1,0,0,0,1,0,1,1,0,0,0,0,0,0,0,0,0,0,1,0,0,0,0,1,0,1,0,"Yes"
-1.01883378707839,-0.672063083205808,-0.876277069279881,1,1,0,0,0,1,0,0,0,0,0,0,1,0,0,0,1,0,0,0,1,0,0,1,0,1,0,"No"
0.247632808078774,0.693007051861245,0.467734840821049,1,0,1,1,1,0,1,0,0,0,1,0,0,0,1,0,1,0,1,0,1,0,1,1,0,0,0,"No"
0.451901613749285,0.982668275643766,0.827015934366438,0,0,1,0,1,0,1,1,0,0,1,0,1,0,0,0,0,0,0,0,1,0,0,1,0,1,0,"No"
-0.283466086664555,1.47542530000943,0.251381379639422,0,0,0,0,1,0,1,1,0,0,0,0,1,0,1,0,1,0,1,0,1,0,1,0,0,1,0,"No"
-0.201758564396351,-0.279189239454802,-0.299090640151521,1,0,0,1,1,0,0,0,0,0,1,0,1,0,0,0,0,0,0,0,0,1,0,0,0,0,1,"No"
0.737877941688,1.5003960951631,1.46720846418936,0,0,0,0,1,0,1,1,0,0,1,0,1,0,0,0,1,0,1,0,1,0,1,1,0,1,0,"Yes"
1.02385426962672,0.325104003263905,0.92015056808137,1,0,0,0,1,0,0,0,0,0,1,0,0,0,1,0,0,0,1,0,1,0,1,1,0,0,0,"No"
-0.692003698005577,-0.523903031960725,-0.667439114127619,0,0,0,0,1,0,0,0,0,0,0,0,1,0,0,0,0,0,0,0,0,0,0,0,0,1,0,"No"
-1.1413950704807,0.516546766108674,-0.845084393812871,1,0,0,0,1,0,1,1,0,0,1,0,0,0,0,0,0,0,0,0,0,0,0,1,0,1,0,"No"
-0.160904803262248,-0.284183398485536,-0.318998971757331,0,0,0,0,1,0,0,0,0,0,1,0,1,0,0,0,0,0,0,0,0,0,0,0,0,1,0,"No"
0.942146747358511,0.839502383429416,1.20491952072795,0,0,1,0,1,0,1,1,0,0,1,0,0,0,0,0,0,0,1,0,0,0,0,1,0,0,0,"No"
-1.1822488316148,1.21073487138058,-0.84783342846668,1,0,0,0,1,0,1,1,0,0,0,0,0,0,1,0,0,0,1,0,1,0,0,1,0,1,0,"Yes"
-0.896272503676088,1.00930379047434,-0.529078426430669,1,0,0,0,1,0,0,1,0,0,0,0,0,0,1,0,0,0,1,0,1,0,0,1,0,1,0,"Yes"
0.942146747358511,-1.51441123972279,-0.550073070117419,1,0,0,1,1,0,0,0,1,1,0,1,0,1,0,1,0,1,0,1,0,1,0,0,0,0,0,"No"
-0.487734892335066,-1.47279324780002,-0.797885242377716,0,0,1,1,1,0,0,0,1,1,0,1,0,1,0,1,0,1,0,1,0,0,0,0,0,0,1,"No"
1.22812307529723,1.3805362784255,1.97815202601464,0,0,1,1,1,0,1,1,0,0,0,0,1,0,0,0,1,0,1,0,1,1,0,1,1,0,0,"No"
0.451901613749285,-1.49609932327677,-0.648617094602749,0,0,0,0,1,0,0,0,1,1,0,1,0,1,0,1,0,1,0,1,0,0,1,1,0,0,0,"No"
1.14641555302902,-0.157664703040297,0.550405407144062,0,0,1,0,1,0,0,0,0,0,1,0,1,0,0,0,1,0,0,0,0,0,1,0,0,0,0,"No"
1.06470803076082,0.716313127337999,1.17428108611857,1,0,1,0,1,0,1,0,0,0,1,0,1,0,1,0,0,0,1,0,1,0,1,1,0,1,0,"No"
-1.22310259274891,1.08255145625843,-0.912480082099801,1,0,1,1,1,0,0,1,0,0,1,0,0,0,0,0,0,0,1,0,1,0,0,0,0,1,0,"No"
0.206779046944671,-0.930094633127019,-0.411069463025627,1,1,0,0,0,1,0,0,0,0,0,0,1,0,1,0,0,0,0,0,0,0,0,0,0,1,0,"No"
1.35068435869953,1.30895333231833,2.00635180085049,0,1,1,1,1,0,1,1,0,0,0,0,0,0,1,0,1,0,1,0,1,1,0,1,0,0,0,"No"
0.288486569212876,-1.49276988392295,-0.658061358816641,0,0,1,1,1,0,0,0,1,1,0,1,0,1,0,1,0,1,0,1,0,0,1,0,0,0,1,"No"
1.39153811983363,1.31394749134906,2.06084476197196,1,0,1,0,1,0,1,1,0,0,0,0,1,0,0,0,1,0,1,0,1,1,0,1,0,1,0,"Yes"
1.47324564210184,-1.33295679493949,-0.259251807305596,1,0,0,0,1,0,1,0,1,1,0,1,0,1,0,1,0,1,0,1,0,0,1,0,0,0,1,"No"
1.22812307529723,-0.528897190991458,0.339838220516017,0,0,1,1,0,1,0,0,0,0,1,0,1,0,0,0,1,0,1,0,0,0,1,0,0,0,0,"No"
1.63666068663825,1.49706665580928,2.6262147760158,0,0,1,0,1,0,1,1,0,0,1,0,1,0,1,0,0,0,1,0,1,0,1,1,0,1,0,"No"
0.37019409148108,-1.46280492973855,-0.60591837893149,0,0,1,0,1,0,0,0,1,1,0,1,0,1,0,1,0,1,0,1,0,0,1,0,1,0,0,"No"
-0.120051042128146,1.00098019208979,0.180482889132316,1,0,1,1,1,0,0,1,0,0,1,0,0,0,0,0,0,0,1,0,1,0,0,0,1,0,0,"Yes"
0.860439225090306,-1.3496039917086,-0.416877907213513,1,0,0,0,1,0,1,0,1,1,0,1,0,1,0,1,0,1,0,1,0,1,0,0,0,0,0,"No"
0.288486569212876,-1.4694638084462,-0.643850623227193,1,0,1,0,1,0,0,0,1,1,0,1,0,1,0,1,0,1,0,1,0,0,1,1,0,0,0,"No"
1.26897683643133,-1.50941708069206,-0.445365887295324,1,0,1,0,1,0,0,0,1,1,0,1,0,1,0,1,0,1,0,1,0,0,1,0,0,0,1,"No"
-0.773711220273781,-0.692039719328741,-0.731354169828677,0,0,1,0,1,0,0,0,0,0,0,0,0,0,0,0,0,0,0,0,0,1,0,0,0,1,0,"No"
-1.26395635388301,-0.480620320361038,-0.971894702036963,1,0,0,0,1,0,0,0,0,0,0,0,1,0,0,0,0,0,0,0,0,0,0,1,0,0,1,"No"
-1.26395635388301,-1.4694638084462,-0.98506346481408,1,0,0,0,1,0,0,0,1,1,0,1,0,1,0,1,0,1,0,1,0,0,1,0,0,0,1,"No"
-0.977980025944292,0.170285073311178,-0.745454057246601,1,1,0,0,1,0,0,1,0,0,0,0,0,0,0,0,0,0,0,0,0,0,0,1,0,1,0,"Yes"
1.14641555302902,-0.106058393056054,0.619042594952067,1,0,0,0,1,0,0,0,0,0,1,0,1,0,1,0,0,0,0,0,0,0,1,0,0,1,0,"No"
0.329340330346978,0.20524418652631,0.301351735362691,1,0,1,0,1,0,1,0,0,0,0,0,1,0,0,0,1,0,1,0,0,1,0,0,1,0,0,"No"
1.39153811983363,-0.11438199144061,0.787177101520513,0,0,0,0,1,0,0,0,0,0,1,0,1,0,1,0,0,0,0,0,0,0,1,1,0,0,0,"No"
0.411047852615182,-1.47612268715384,-0.615074437899419,1,0,1,1,1,0,0,0,1,1,0,1,0,1,0,1,0,1,0,1,0,1,0,0,0,0,1,"No"
1.39153811983363,-0.0244871288874134,0.856745413969324,0,1,0,0,1,0,1,0,0,0,1,0,1,0,0,0,1,0,0,0,0,1,0,1,1,0,0,"No"
0.697024180553898,1.13582248591958,1.18760503633582,1,0,0,0,1,0,1,1,0,0,0,0,1,0,0,0,0,0,1,0,1,0,0,0,0,1,0,"No"
-1.26395635388301,-1.46779908876929,-0.985041295179775,0,0,0,0,1,0,0,0,1,1,0,1,0,1,0,1,0,1,0,1,0,0,0,0,0,0,1,"Yes"
-1.1822488316148,-1.31464487849347,-0.95874810889415,1,0,0,0,0,1,0,0,0,0,0,0,0,0,0,0,0,0,0,0,0,0,0,0,0,1,0,"No"
-1.1413950704807,1.16578744010398,-0.839985377922742,0,1,1,0,1,0,1,1,0,0,1,0,0,0,0,0,0,0,1,0,1,0,0,1,0,1,0,"Yes"
-0.855418742541986,0.985997714997588,-0.550782498415176,0,0,0,0,1,0,0,1,0,0,0,0,1,0,1,0,1,0,0,0,1,0,0,1,0,1,0,"No"
-1.22310259274891,-0.0810875979023888,-0.94398313244708,0,0,1,0,1,0,0,0,0,0,1,0,0,0,0,0,0,0,0,0,1,0,0,1,0,0,1,"No"
1.14641555302902,1.14581080398105,1.6741620004257,1,1,1,0,1,0,1,1,0,0,0,0,0,0,0,0,1,0,1,0,1,0,0,1,0,1,0,"No"
1.14641555302902,0.486581811924276,1.11863530401324,0,0,0,0,1,0,1,1,0,0,0,0,0,0,1,0,0,0,0,0,0,1,0,1,0,0,0,"No"
-0.610296175737372,0.191926429111022,-0.46132802399486,1,0,1,1,1,0,1,0,0,0,1,0,0,0,1,0,0,0,1,0,0,1,0,1,0,0,0,"No"
0.411047852615182,-1.50608764133824,-0.609576368591801,1,0,1,1,1,0,0,0,1,1,0,1,0,1,0,1,0,1,0,1,0,0,1,0,0,0,1,"No"
0.615316658285693,-0.0261518485643246,0.339261810024089,0,0,1,1,1,0,0,0,0,0,0,0,1,0,0,0,1,0,0,0,1,0,1,0,0,0,0,"No"
-0.896272503676088,-1.46613436909237,-0.882063343833463,0,0,1,0,1,0,0,0,1,1,0,1,0,1,0,1,0,1,0,1,0,0,0,1,0,0,1,"No"
-1.26395635388301,0.578141394154383,-0.957794814619039,0,0,0,0,1,0,0,1,0,0,0,0,0,0,0,0,0,0,0,0,1,0,0,1,0,1,0,"Yes"
-1.26395635388301,-0.665404204498164,-0.974355531444808,1,0,0,0,1,0,0,0,0,0,0,0,0,0,0,0,0,0,0,0,0,0,0,0,0,0,1,"No"
1.39153811983363,1.48707833774781,2.14619785404587,0,0,1,1,1,0,1,1,0,0,1,0,1,0,1,0,0,0,1,0,1,0,1,0,0,0,0,"No"
-0.324319847798657,-1.4694638084462,-0.760307712230891,0,0,0,0,1,0,0,0,1,1,0,1,0,1,0,1,0,1,0,1,0,1,0,0,1,0,0,"No"
-0.242612325530453,0.704660089599622,-0.0423884445349553,1,0,0,0,1,0,0,1,0,0,0,0,1,0,0,0,0,0,1,0,0,0,0,1,0,1,0,"No"
-1.0596875482125,0.882785095029103,-0.792254155264268,0,0,0,0,1,0,0,1,0,0,0,0,0,0,0,0,0,0,1,0,1,0,0,1,0,1,0,"Yes"
1.02385426962672,1.44379562614812,1.65285698185868,1,0,1,0,1,0,1,1,0,0,0,0,0,0,1,0,1,0,1,0,1,0,1,0,0,1,0,"No"
-0.732857459139679,0.716313127337999,-0.446297011936131,1,0,1,0,1,0,1,1,0,0,0,0,0,0,0,0,0,0,1,0,0,0,0,1,0,1,0,"Yes"
0.411047852615182,-1.38622782460064,-0.544419813369667,0,0,1,1,1,0,1,0,1,1,0,1,0,1,0,1,0,1,0,1,0,0,1,0,0,1,0,"No"
-0.406027370066861,0.683018733799779,-0.16334596930255,1,0,1,0,1,0,1,1,0,0,0,0,0,0,0,0,0,0,0,0,1,0,0,1,0,1,0,"Yes"
-0.406027370066861,0.746278081522398,-0.173566170717114,1,0,1,0,1,0,0,1,0,0,0,0,0,0,1,0,0,0,1,0,0,0,0,1,0,0,0,"No"
1.55495316437004,1.27732365845702,2.15462231508173,1,1,1,0,1,0,1,1,0,0,0,0,1,0,1,0,0,0,1,0,1,0,0,1,0,1,0,"Yes"
-0.0383435198599417,-0.0194929698566803,-0.146918270282611,0,0,1,0,1,0,0,0,0,0,1,0,0,0,0,0,1,0,0,0,1,1,0,1,0,1,0,"No"
-0.855418742541986,0.0104719843277186,-0.676617342729852,0,0,0,0,1,0,0,0,0,0,0,0,0,0,0,0,0,0,1,0,1,0,0,1,0,1,0,"No"
1.47324564210184,-1.29300352269363,-0.246504267580272,1,0,1,1,1,0,1,0,1,1,0,1,0,1,0,1,0,1,0,1,0,0,1,0,0,0,1,"No"
1.43239188096774,1.71514493348462,2.48200130486236,1,1,0,0,1,0,1,1,0,0,1,0,1,0,1,0,1,0,1,0,1,0,1,1,1,0,0,"No"
1.14641555302902,1.34391244553346,1.7711984897783,0,0,0,0,1,0,0,1,0,0,1,0,0,0,1,0,1,0,1,0,1,0,0,1,0,0,0,"No"
-1.26395635388301,-0.650421727405965,-0.974156004736064,1,0,0,0,1,0,0,0,0,0,0,0,0,0,0,0,0,0,0,0,0,0,0,1,0,0,1,"Yes"
0.615316658285693,0.198585307818666,0.473166401225752,0,1,1,1,1,0,0,1,0,0,0,0,0,0,0,0,0,0,0,0,0,0,0,0,0,0,0,"Yes"
-1.26395635388301,0.503229008693386,-0.95879244816276,0,0,0,0,1,0,0,1,0,0,0,0,0,0,0,0,0,0,0,0,1,0,0,1,0,1,0,"Yes"
-0.406027370066861,-0.185964937547784,-0.43780604199735,1,0,0,0,1,0,1,0,0,0,1,0,1,0,0,0,0,0,0,0,0,0,0,0,0,1,0,"Yes"
-0.773711220273781,-1.48611100521531,-0.88159778151306,1,0,0,0,1,0,0,0,1,1,0,1,0,1,0,1,0,1,0,1,0,1,0,1,0,1,0,"No"
0.451901613749285,-1.26969744721687,-0.501942794041457,1,0,0,0,1,0,1,0,1,1,0,1,0,1,0,1,0,1,0,1,0,0,1,0,0,0,0,"No"
-1.0596875482125,-0.0394696059796128,-0.839475476333729,0,0,0,0,0,1,0,0,0,0,1,0,1,0,1,0,1,0,1,0,1,0,1,1,0,0,1,"No"
1.59580692550415,-0.354101624915799,0.730068123551062,1,0,0,0,0,1,0,0,0,0,1,0,1,0,1,0,1,0,1,0,0,0,1,0,0,0,0,"No"
1.63666068663825,1.01596266918199,2.04007181462826,0,0,1,1,1,0,1,1,0,0,1,0,1,0,0,0,0,0,1,0,0,0,1,1,0,1,0,"No"
-1.0596875482125,0.31678040487935,-0.7942050830831,0,1,0,0,1,0,0,1,0,0,1,0,0,0,0,0,0,0,0,0,0,0,0,1,0,1,0,"No"
-0.814564981407883,-0.968383185695973,-0.802474356678832,1,0,1,1,0,1,0,0,0,0,0,0,1,0,0,0,1,0,0,0,0,0,0,0,0,0,1,"No"
-1.0596875482125,-0.525567751637637,-0.862288030033482,0,0,1,1,1,0,0,0,0,0,0,0,0,0,0,0,1,0,0,0,0,0,0,1,0,0,1,"No"
-0.487734892335066,0.81286686859884,-0.186956629837281,1,0,1,0,1,0,0,1,0,0,0,0,0,0,0,0,0,0,1,0,1,0,0,1,0,0,1,"Yes"
-0.56944241460327,1.15912856139634,-0.221319563009893,1,0,1,0,1,0,1,1,0,0,1,0,0,0,0,0,0,0,1,0,1,0,0,1,0,1,0,"Yes"
0.451901613749285,-0.304160034608468,0.0896317277507903,0,0,0,0,1,0,0,0,0,0,0,0,1,0,0,0,1,0,0,0,0,1,0,0,0,1,0,"No"
-1.26395635388301,0.296803768756417,-0.961541482816569,0,0,0,0,1,0,0,1,0,0,0,0,0,0,1,0,0,0,0,0,0,0,0,0,0,0,0,"Yes"
0.819585463956204,-0.0228224092105024,0.484561593258476,1,0,0,0,0,1,0,0,0,0,1,0,1,0,1,0,1,0,1,0,1,0,1,0,1,0,0,"No"
0.778731702822102,-0.670398363528897,-0.0268475308872125,1,0,0,0,0,1,0,0,0,0,1,0,0,0,0,0,1,0,0,0,1,0,0,1,1,0,0,"No"
1.47324564210184,-1.48611100521531,-0.416279327087281,1,0,1,1,1,0,0,0,1,1,0,1,0,1,0,1,0,1,0,1,0,0,1,1,0,0,0,"No"
0.697024180553898,-0.497267517130149,0.0744011889833164,1,0,1,0,0,1,0,0,0,0,0,0,1,0,0,0,0,0,1,0,1,0,1,0,1,0,0,"No"
1.63666068663825,0.683018733799779,1.73512849476421,0,0,1,0,1,0,0,0,0,0,1,0,1,0,1,0,1,0,1,0,1,0,1,0,0,0,1,"No"
-0.93712626481019,1.02928042659728,-0.626513969200753,1,0,0,0,1,0,1,1,0,0,0,0,0,0,0,0,0,0,1,0,1,0,0,1,0,1,0,"Yes"
-0.160904803262248,0.924403086951879,0.159975977400273,0,0,1,0,1,0,0,1,0,0,1,0,0,0,0,0,0,0,1,0,1,0,0,1,0,0,1,"Yes"
0.901292986224409,0.839502383429416,1.07518282077561,1,0,0,0,1,0,0,1,0,0,1,0,0,0,1,0,0,0,1,0,0,0,0,0,0,0,1,"No"
-0.855418742541986,0.331762881971549,-0.62844272738528,1,0,0,0,1,0,0,1,0,0,0,0,1,0,0,0,0,0,0,0,0,0,0,1,0,1,0,"Yes"
0.329340330346978,-0.810234816389424,-0.300642514552865,1,0,0,1,0,1,0,0,0,0,1,0,1,0,0,0,1,0,0,0,0,1,0,0,0,0,1,"No"
0.0433640024082626,1.35723020294875,0.542246981719855,0,1,0,1,1,0,1,1,0,0,0,0,1,0,1,0,0,0,1,0,1,0,0,1,0,0,0,"No"
0.942146747358511,1.63190894963907,1.79600631056549,1,1,1,0,1,0,1,1,0,0,0,0,1,0,1,0,1,0,1,0,1,0,1,1,0,1,0,"No"
1.47324564210184,-1.35126871138551,-0.256192397771518,1,0,1,1,1,0,1,0,1,1,0,1,0,1,0,1,0,1,0,1,0,0,1,1,0,0,0,"No"
-0.814564981407883,-1.50442292166133,-0.906294754128731,0,0,1,1,1,0,0,0,1,1,0,1,0,1,0,1,0,1,0,1,0,0,0,0,0,0,0,"No"
1.59580692550415,0.716313127337999,1.68657699563645,1,0,1,0,1,0,0,0,0,0,1,0,1,0,1,0,1,0,1,0,1,0,1,1,0,0,0,"No"
0.329340330346978,1.26733534039555,0.827392818149622,1,0,0,0,1,0,1,1,0,0,0,0,1,0,1,0,0,0,1,0,1,0,0,1,0,0,1,"No"
0.860439225090306,1.10419281205827,1.24198714928576,1,0,1,0,1,0,1,1,0,0,0,0,1,0,0,0,1,0,0,0,1,1,0,0,0,0,0,"No"
0.860439225090306,-0.337454428146689,0.271555746856891,1,1,0,0,0,1,0,0,0,0,0,0,1,0,1,0,0,0,1,0,1,0,0,1,0,1,0,"Yes"
1.63666068663825,1.11085169076592,2.16027557182949,1,0,1,0,1,0,1,1,0,0,1,0,1,0,1,0,0,0,1,0,0,0,1,1,1,0,0,"No"
0.329340330346978,-1.33129207526258,-0.562288538619425,1,0,0,0,1,0,1,0,1,1,0,1,0,1,0,1,0,1,0,1,0,0,1,1,0,0,1,"No"
-0.814564981407883,-0.453984805530462,-0.725545725640791,1,0,0,0,0,1,0,0,0,0,1,0,1,0,0,0,1,0,1,0,0,0,0,1,0,0,0,"No"
0.778731702822102,0.538188121908518,0.831272504152981,0,0,1,1,1,0,1,1,0,0,0,0,0,0,0,0,1,0,0,0,0,0,0,1,0,1,0,"No"
0.983000508492613,-0.144346945625008,0.461416495044149,0,0,0,0,1,0,0,0,0,0,1,0,0,0,1,0,1,0,0,0,0,1,0,1,1,0,0,"No"
-0.242612325530453,-1.47612268715384,-0.775117027946572,0,0,1,1,1,0,0,0,1,1,0,1,0,1,0,1,0,1,0,1,0,0,0,1,1,0,0,"No"
-0.487734892335066,1.37387739971786,-0.00108641582490585,0,0,1,1,1,0,1,1,0,0,0,0,1,0,1,0,0,0,1,0,1,0,0,1,0,0,0,"Yes"
-1.01883378707839,0.361727836155948,-0.780969811403068,0,0,0,0,1,0,1,1,0,0,0,0,0,0,0,0,0,0,0,0,0,0,0,0,0,0,1,"Yes"
-1.01883378707839,0.97434467725921,-0.712310453960759,1,0,0,0,1,0,1,1,0,0,0,0,0,0,0,0,0,0,1,0,1,0,0,1,0,1,0,"Yes"
0.778731702822102,1.14581080398105,1.23974801622097,1,0,0,0,1,0,0,1,0,0,0,0,1,0,1,0,0,0,1,0,1,0,0,1,0,1,0,"No"
-1.1413950704807,0.523205644816319,-0.850382936411745,0,0,0,0,1,0,1,1,0,0,0,0,1,0,0,0,0,0,0,0,0,0,0,1,0,0,1,"No"
-1.26395635388301,-1.4994287626306,-0.985462518231568,0,0,0,0,1,0,0,0,1,1,0,1,0,1,0,1,0,1,0,1,0,0,0,0,1,0,0,"No"
-0.201758564396351,1.20407599267293,0.244508793004899,1,0,1,1,1,0,1,1,0,0,1,0,1,0,0,0,1,0,1,0,0,0,0,0,0,1,0,"No"
-0.814564981407883,-0.360760503623444,-0.706524179407177,1,0,0,0,1,0,0,0,0,0,0,0,1,0,0,0,1,0,0,0,0,0,0,1,0,0,1,"No"
-1.1822488316148,-1.11820795661797,-0.951986370431153,0,0,1,1,0,1,0,0,0,0,0,0,0,0,0,0,1,0,0,0,0,0,0,1,0,0,1,"Yes"
0.0842177635423648,-1.29799768172436,-0.587473243189804,0,0,1,1,1,0,1,0,1,1,0,1,0,1,0,1,0,1,0,1,0,1,0,1,1,0,0,"No"
-0.324319847798657,-0.207606293347628,-0.396925236339093,1,0,1,0,1,0,1,0,0,0,1,0,0,0,0,0,1,0,0,0,0,1,0,1,0,1,0,"No"
-1.1822488316148,0.859479019552349,-0.875102078661721,1,0,0,0,1,0,0,1,0,0,0,0,1,0,1,0,0,0,0,0,1,0,0,0,0,1,0,"No"
1.35068435869953,1.48874305742472,2.25928515863522,0,0,1,1,1,0,1,1,0,0,1,0,0,0,1,0,1,0,1,0,1,0,1,0,0,1,0,"No"
-1.1005413093466,0.1885969897572,-0.846968812728789,1,1,0,0,1,0,0,1,0,0,0,0,0,0,0,0,0,0,0,0,0,0,0,1,0,0,1,"Yes"
1.10556179189492,0.856149580198527,1.30887293598368,0,0,1,1,1,0,1,0,0,0,1,0,1,0,1,0,1,0,1,0,1,0,1,0,1,0,0,"No"
-0.160904803262248,0.995986033059054,0.185027664164823,1,0,0,0,1,0,1,1,0,0,1,0,1,0,0,0,0,0,0,0,1,0,0,1,1,0,0,"Yes"
-1.1822488316148,-0.13102918820972,-0.906826825352049,1,0,0,0,1,0,0,0,0,0,0,0,0,0,0,0,1,0,0,0,1,0,0,0,0,0,1,"No"
-0.528588653469168,-1.34793927203169,-0.79939277751045,1,0,0,1,1,0,1,0,1,1,0,1,0,1,0,1,0,1,0,1,0,0,0,1,1,0,0,"No"
1.02385426962672,-0.369084102007999,0.351920671212194,1,1,0,0,1,0,0,0,0,0,0,0,0,0,1,0,1,0,0,0,0,1,0,1,0,1,0,"No"
1.63666068663825,-1.30299184075509,-0.166560566276762,0,0,0,0,1,0,1,0,1,1,0,1,0,1,0,1,0,1,0,1,0,0,1,0,1,0,0,"No"
1.43239188096774,-1.46779908876929,-0.359658081072538,1,0,0,0,1,0,0,0,1,1,0,1,0,1,0,1,0,1,0,1,0,0,1,0,0,0,0,"No"
0.819585463956204,-1.45614605103091,-0.518991242821934,1,0,1,1,1,0,0,0,1,1,0,1,0,1,0,1,0,1,0,1,0,1,0,1,1,0,0,"No"
1.59580692550415,0.842831822783239,1.86892223779434,1,0,1,1,1,0,1,0,0,0,1,0,1,0,1,0,1,0,1,0,1,0,1,0,1,0,0,"No"
-0.242612325530453,-1.28467992430907,-0.6908280783193,0,0,1,0,1,0,1,0,1,1,0,1,0,1,0,1,0,1,0,1,0,1,0,0,0,0,1,"No"
0.125071524676467,1.61859119222378,0.741330297777957,0,0,0,0,1,0,1,1,0,0,1,0,1,0,1,0,1,0,1,0,1,0,1,1,0,0,1,"No"
0.0433640024082626,-1.48111684618457,-0.696902558118846,0,0,1,1,1,0,0,0,1,1,0,1,0,1,0,1,0,1,0,1,0,0,1,0,0,0,1,"No"
-1.26395635388301,-1.51108180036897,-0.985617705671703,1,0,0,1,1,0,0,0,1,1,0,1,0,1,0,1,0,1,0,1,0,0,0,1,0,0,1,"No"
-0.896272503676088,-1.02165421535713,-0.861800298078774,1,0,0,0,0,1,0,0,0,0,0,0,0,0,0,0,0,0,0,0,1,0,0,1,0,0,1,"Yes"
-0.814564981407883,-1.0183247760033,-0.79795175128063,1,0,0,0,0,1,0,0,0,0,0,0,1,0,0,0,1,0,0,0,0,0,0,0,0,0,1,"No"
-1.26395635388301,-1.47112852812311,-0.985085634448385,1,0,1,1,1,0,0,0,1,1,0,1,0,1,0,1,0,1,0,1,0,1,0,0,0,0,1,"No"
1.22812307529723,-0.865170565727489,0.0458688696328959,1,0,1,0,0,1,0,0,0,0,1,0,1,0,0,0,1,0,0,0,0,0,1,1,1,0,0,"No"
-1.26395635388301,-1.30965071946274,-0.982935179920808,0,0,0,0,0,1,0,0,0,0,0,0,0,0,0,0,0,0,0,0,0,0,0,0,0,0,0,"No"
-0.56944241460327,-0.132693907886631,-0.48141371267511,0,0,0,0,1,0,1,0,0,0,1,0,0,0,1,0,0,0,0,0,0,0,0,1,0,0,1,"No"
1.51409940323594,0.84449654246015,1.7296969343595,1,1,1,0,1,0,1,1,0,0,0,0,1,0,0,0,0,0,1,0,0,0,0,1,0,1,0,"Yes"
-1.22310259274891,0.338421760679193,-0.929927584297766,1,0,0,0,1,0,0,1,0,0,0,0,1,0,0,0,0,0,0,0,0,0,0,1,0,1,0,"No"
-0.528588653469168,-1.46446964941546,-0.810145050148331,1,0,1,1,1,0,0,0,1,1,0,1,0,1,0,1,0,1,0,1,0,0,0,0,0,0,1,"No"
-1.26395635388301,0.817861027629573,-0.954602387279132,1,0,1,1,1,0,0,1,0,0,0,0,0,0,0,0,0,0,1,0,1,0,0,0,0,0,1,"Yes"
-0.324319847798657,-1.47445796747693,-0.790192379273911,0,1,0,0,1,0,0,0,1,1,0,1,0,1,0,1,0,1,0,1,0,0,0,1,0,0,1,"No"
-0.732857459139679,0.345080639386838,-0.534443477932457,1,1,0,0,1,0,1,1,0,0,0,0,0,0,0,0,0,0,0,0,0,0,0,1,0,1,0,"Yes"
0.00251024127416045,0.326768722940816,0.0154521313665577,0,1,0,0,1,0,0,1,0,0,0,0,1,0,0,0,0,0,0,0,0,0,0,1,0,1,0,"Yes"
-0.855418742541986,-1.4844462855384,-0.90015376542627,0,0,0,0,1,0,0,0,1,1,0,1,0,1,0,1,0,1,0,1,0,1,0,0,0,0,1,"No"
0.247632808078774,0.528199803847052,0.408165033443753,1,1,0,1,1,0,1,1,0,0,1,0,0,0,0,0,0,0,0,0,0,0,0,1,0,0,1,"No"
0.901292986224409,0.0354427794813842,0.587317848261739,1,0,1,1,1,0,1,0,0,0,1,0,1,0,0,0,1,0,0,0,0,0,1,1,1,0,0,"No"
-0.120051042128146,0.213567784910865,-0.0718297188918772,0,0,0,0,1,0,1,0,0,0,0,0,0,0,0,0,0,0,1,0,1,1,0,1,1,0,0,"No"
0.492755374883387,0.819525747306484,0.797264285129248,1,1,1,0,1,0,1,1,0,0,0,0,0,0,1,0,0,0,1,0,0,0,0,1,0,1,0,"No"
1.10556179189492,0.737954483137843,1.30530362486059,1,0,1,1,1,0,0,0,0,0,1,0,1,0,1,0,1,0,1,0,1,0,1,1,0,1,0,"No"
-1.1822488316148,-0.309154193639201,-0.907159369866622,0,0,0,0,1,0,0,0,0,0,0,0,0,0,0,0,0,0,0,0,1,0,0,1,0,1,0,"Yes"
-0.56944241460327,-0.102728953702232,-0.511963468747277,0,0,1,1,1,0,0,0,0,0,1,0,1,0,0,0,1,0,0,0,0,1,0,1,0,0,1,"No"
1.43239188096774,-1.31464487849347,-0.252711765185647,1,1,0,0,1,0,1,0,1,1,0,1,0,1,0,1,0,1,0,1,0,0,1,0,1,0,0,"No"
0.0433640024082626,-1.01666005632639,-0.500213562565674,1,0,0,1,0,1,0,0,0,0,1,0,0,0,0,0,1,0,0,0,0,1,0,0,1,0,0,"No"
-1.1005413093466,-1.48611100521531,-0.946665658197974,1,0,0,0,1,0,0,0,1,1,0,1,0,1,0,1,0,1,0,1,0,0,0,0,0,0,1,"No"
-1.22310259274891,-1.48611100521531,-0.977215414270141,0,0,0,0,1,0,0,0,1,1,0,1,0,1,0,1,0,1,0,1,0,0,0,0,0,0,1,"No"
1.63666068663825,0.836172944075594,1.81666840973767,1,0,1,1,1,0,1,0,0,0,1,0,1,0,1,0,1,0,1,0,1,0,1,0,1,0,0,"No"
-0.93712626481019,-1.47112852812311,-0.912502251734106,1,0,0,1,1,0,0,0,1,1,0,1,0,1,0,1,0,1,0,1,0,0,0,0,0,0,1,"No"
1.43239188096774,-1.2746916062476,-0.245284937693502,1,0,1,1,1,0,1,0,1,1,0,1,0,1,0,1,0,1,0,1,0,0,1,0,0,0,1,"No"
-0.651149936871475,0.678024574769046,-0.383024875629914,0,0,1,0,1,0,1,1,0,0,0,0,0,0,0,0,0,0,1,0,0,0,0,1,0,1,0,"Yes"
-0.977980025944292,-1.46114021006164,-0.933120011637673,0,0,0,0,1,0,0,0,1,1,0,1,0,1,0,1,0,1,0,1,0,0,0,1,0,0,1,"No"
-1.1005413093466,-0.710351635774762,-0.897027846989278,1,0,0,0,0,1,0,0,0,0,1,0,1,0,1,0,1,0,0,0,0,0,0,1,0,0,1,"Yes"
0.737877941688,0.215232504587776,0.533290449460671,0,1,1,0,1,0,0,1,0,0,0,0,0,0,0,0,0,0,0,0,0,0,0,1,0,1,0,"Yes"
-0.610296175737372,-1.50275820198442,-0.83049677444024,1,0,0,0,1,0,0,0,1,1,0,1,0,1,0,1,0,1,0,1,0,0,1,0,1,0,0,"No"
1.47324564210184,1.53868464773205,2.35508014846674,0,0,1,0,1,0,1,1,0,0,1,0,1,0,1,0,0,0,1,0,1,0,1,1,0,0,0,"No"
-1.26395635388301,0.663042097676846,-0.956664163269489,1,0,0,0,1,0,1,1,0,0,0,0,0,0,0,0,0,0,1,0,0,0,0,0,0,1,0,"Yes"
1.43239188096774,-0.507255835191615,0.478531452727541,1,0,0,0,0,1,0,0,0,0,1,0,0,0,1,0,1,0,1,0,0,1,0,1,0,0,0,"No"
1.43239188096774,1.3655538013333,2.15934444718868,0,1,1,0,1,0,1,1,0,0,1,0,1,0,0,0,0,0,1,0,1,1,0,1,0,1,0,"No"
-1.26395635388301,-0.488943918745594,-0.972005550208487,1,0,0,1,1,0,0,0,0,0,0,0,1,0,0,0,0,0,0,0,0,0,0,1,0,1,0,"No"
0.574462897151591,-1.14151403209472,-0.382204599160633,1,0,0,0,0,1,0,0,0,0,0,0,1,0,0,0,0,0,0,0,0,0,0,0,0,0,0,"Yes"
-1.22310259274891,-1.1381845927409,-0.959258010483163,0,1,0,0,0,1,0,0,0,0,0,0,0,0,1,0,0,0,0,0,0,0,0,1,0,1,0,"Yes"
-1.26395635388301,-0.638768689667587,-0.974000817295929,0,0,0,0,1,0,0,0,0,0,0,0,0,0,0,0,0,0,0,0,0,0,0,1,0,0,1,"Yes"
1.18726931416312,1.2889766961954,1.89605787018356,0,0,1,0,1,0,1,1,0,0,0,0,0,0,1,0,1,0,1,0,1,1,0,1,0,0,0,"No"
0.00251024127416045,0.651389059938469,0.152460471370908,0,0,1,0,1,0,0,1,0,0,0,0,1,0,0,0,0,0,0,0,1,0,0,0,0,0,0,"Yes"
-1.22310259274891,-0.670398363528897,-0.957462270104466,0,0,0,0,1,0,0,0,0,0,0,0,0,0,0,0,0,0,0,0,0,0,0,0,0,1,0,"No"
-1.1822488316148,-1.49276988392295,-0.968037185667908,0,0,0,0,1,0,0,0,1,1,0,1,0,1,0,1,0,1,0,1,0,0,0,0,0,1,0,"Yes"
-1.1005413093466,0.693007051861245,-0.805289900235556,0,0,0,0,1,0,0,1,0,0,0,0,0,0,0,0,1,0,0,0,1,0,0,1,1,0,0,"Yes"
1.59580692550415,0.842831822783239,1.8181759448704,0,0,1,1,1,0,1,0,0,0,1,0,1,0,1,0,1,0,1,0,1,0,1,0,0,0,0,"No"
1.35068435869953,1.31561221102597,1.9766223212476,1,0,1,1,1,0,1,1,0,0,0,0,0,0,1,0,1,0,1,0,1,0,1,1,0,0,0,"No"
1.43239188096774,1.39884819487153,2.218116147731,0,0,0,1,1,0,1,1,0,0,0,0,1,0,0,0,1,0,1,0,1,1,0,1,0,0,0,"No"
0.737877941688,0.196920588141755,0.551824263739577,1,0,1,1,1,0,1,0,0,0,1,0,0,0,0,0,1,0,1,0,0,0,1,1,1,0,0,"No"
-0.283466086664555,-1.49776404295368,-0.811829942355505,1,0,1,1,1,0,0,0,1,1,0,1,0,1,0,1,0,1,0,1,0,1,0,0,0,1,0,"No"
-0.610296175737372,-0.29084227719318,-0.578450202027706,0,0,0,1,1,0,1,0,0,0,0,0,0,0,1,0,0,0,0,0,0,1,0,1,0,0,1,"Yes"
-0.283466086664555,-0.881817762496599,-0.563862582655074,1,0,1,0,0,1,0,0,0,0,0,0,0,0,1,0,0,0,1,0,0,1,0,1,1,0,0,"No"
-0.365173608932759,1.39218931616388,0.107034890680146,1,1,0,0,1,0,1,1,0,0,0,0,1,0,1,0,0,0,1,0,1,0,0,1,0,1,0,"Yes"
-0.324319847798657,-1.01000117761875,-0.626913022618241,1,1,1,0,0,1,0,0,0,0,0,0,0,0,1,0,1,0,0,0,0,0,0,0,0,0,1,"No"
0.206779046944671,1.18076991719618,0.695439154766791,0,0,0,0,1,0,1,1,0,0,0,0,0,0,1,0,0,0,1,0,1,0,0,1,0,1,0,"No"
-0.446881131200964,0.135325960096047,-0.332056886362924,0,0,0,0,1,0,0,1,0,0,0,0,0,0,0,0,0,0,0,0,0,0,0,1,0,1,0,"No"
-1.26395635388301,-0.625450932252299,-0.97382346022149,1,0,0,0,1,0,0,0,0,0,0,0,0,0,0,0,0,0,0,0,0,0,0,1,0,0,1,"No"
-0.896272503676088,0.371716154217414,-0.649481710340641,0,0,0,0,1,0,1,1,0,0,0,0,0,0,0,0,0,0,0,0,0,0,0,1,0,0,1,"No"
-1.0596875482125,0.659712658323024,-0.747449324334043,1,0,0,0,1,0,0,1,0,0,0,0,1,0,0,0,0,0,0,0,1,0,0,1,0,1,0,"Yes"
0.778731702822102,1.05924538078167,1.18339280581788,1,0,1,0,1,0,1,1,0,0,1,0,1,0,0,0,0,0,0,0,1,1,0,1,1,0,0,"No"
-1.0596875482125,-0.453984805530462,-0.857743255000976,0,0,0,0,0,1,0,0,0,0,1,0,1,0,0,0,1,0,0,0,1,0,0,0,1,0,0,"No"
1.18726931416312,0.49324069063192,1.143265767726,0,0,1,1,1,0,1,0,0,0,1,0,1,0,1,0,1,0,0,0,1,1,0,1,0,1,0,"No"
0.819585463956204,-0.19428853593234,0.353140001098964,0,0,0,0,0,1,0,0,0,0,1,0,1,0,1,0,0,0,1,0,1,0,1,1,0,0,0,"No"
-1.0596875482125,-0.277524519777891,-0.821606751083971,0,0,0,0,1,0,0,0,0,0,1,0,1,0,0,0,0,0,0,0,0,0,0,0,0,1,0,"Yes"
0.533609136017489,-0.375742980715643,0.0240096102082535,1,0,1,0,1,0,0,0,0,0,1,0,0,0,1,0,0,0,0,0,0,0,1,0,1,0,0,"No"
-1.1413950704807,0.135325960096047,-0.878294506001628,0,0,0,0,1,0,0,0,0,0,0,0,1,0,0,0,0,0,1,0,1,0,0,1,0,0,0,"Yes"
-1.1413950704807,0.441634380647678,-0.861467753564201,1,0,0,0,1,0,0,1,0,0,0,0,0,0,0,0,0,0,1,0,0,0,0,0,0,1,0,"Yes"
1.14641555302902,-1.35293343106242,-0.326204102906427,1,0,1,1,1,0,1,0,1,1,0,1,0,1,0,1,0,1,0,1,0,1,0,0,1,0,0,"No"
-0.93712626481019,-1.47945212650766,-0.92154746253051,1,0,0,0,1,0,0,0,1,1,0,1,0,1,0,1,0,1,0,1,0,1,0,1,0,0,1,"No"
-1.1822488316148,1.35723020294875,-0.850804159463538,1,0,0,0,1,0,1,1,0,0,0,0,1,0,1,0,0,0,1,0,1,0,0,1,0,0,0,"Yes"
-0.610296175737372,1.03427458562801,-0.266966840043705,1,0,0,0,1,0,1,1,0,0,0,0,0,0,1,0,1,0,0,0,1,0,0,1,0,0,0,"No"
-0.977980025944292,0.747942801199309,-0.656221279169334,0,0,0,0,1,0,1,1,0,0,0,0,0,0,0,0,0,0,1,0,0,0,0,1,0,1,0,"Yes"
0.574462897151591,0.546511720293073,0.711312612929107,1,0,1,1,1,0,0,0,0,0,1,0,0,0,1,0,1,0,1,0,1,0,1,0,0,0,1,"No"
-1.26395635388301,-0.369084102007999,-0.970409336538534,1,0,0,0,1,0,0,0,0,0,0,0,0,0,0,0,0,0,1,0,0,0,0,1,0,0,1,"Yes"
-1.26395635388301,-1.31464487849347,-0.983001688823723,0,0,0,0,0,1,0,0,0,0,0,0,0,0,0,0,0,0,0,0,0,0,0,1,0,0,1,"Yes"
-0.160904803262248,-0.3391191478236,-0.321681497508225,1,0,0,1,1,0,0,0,0,0,0,0,1,0,0,0,1,0,0,0,0,1,0,1,1,0,0,"No"
0.288486569212876,-0.199282694963073,-0.00780381501929395,0,0,0,0,1,0,0,0,0,0,0,0,1,0,0,0,0,0,1,0,0,1,0,1,1,0,0,"No"
-0.855418742541986,0.673030415738312,-0.600065595474994,1,0,0,0,1,0,0,1,0,0,0,0,0,0,1,0,0,0,0,0,1,0,0,0,0,1,0,"No"
0.942146747358511,0.994321313382143,1.2552445906001,0,0,1,0,1,0,1,1,0,0,0,0,1,0,1,0,0,0,1,0,0,0,0,1,1,0,0,"No"
1.06470803076082,0.506558448047208,1.01304133581895,0,0,0,0,1,0,1,1,0,0,1,0,0,0,0,0,0,0,0,0,0,0,0,1,0,0,0,"No"
-1.1005413093466,-0.345778026531244,-0.857455049755012,0,0,0,0,1,0,0,0,0,0,1,0,0,0,0,0,1,0,0,0,0,0,0,0,0,1,0,"Yes"
-1.26395635388301,-1.50275820198442,-0.985506857500178,0,1,0,0,1,0,0,0,1,1,0,1,0,1,0,1,0,1,0,1,0,0,0,1,0,1,0,"Yes"
-0.93712626481019,0.315115685202439,-0.69331107736145,1,1,0,0,1,0,1,1,0,0,0,0,0,0,0,0,0,0,0,0,0,0,0,1,0,1,0,"No"
-0.242612325530453,-0.513914713899259,-0.445521074735459,1,0,0,0,1,0,0,0,0,0,0,0,0,0,0,0,1,0,0,0,0,0,0,0,0,0,0,"No"
0.737877941688,-1.50442292166133,-0.540118904314514,0,0,0,0,1,0,0,0,1,1,0,1,0,1,0,1,0,1,0,1,0,0,1,0,1,0,0,"No"
1.63666068663825,1.63357366931598,2.63404065692544,0,0,1,0,1,0,1,1,0,0,1,0,1,0,1,0,1,0,1,0,1,0,1,1,0,0,0,"No"
0.451901613749285,1.37887155874859,1.01545782595818,0,0,0,1,1,0,0,1,0,0,1,0,1,0,0,0,1,0,1,0,1,1,0,1,1,0,0,"No"
0.983000508492613,-1.28634464398598,-0.353849636884651,1,0,0,0,1,0,1,0,1,1,0,1,0,1,0,1,0,1,0,1,0,0,1,1,0,0,0,"No"
-1.26395635388301,-1.51441123972279,-0.985662044940313,0,0,0,0,1,0,0,0,1,1,0,1,0,1,0,1,0,1,0,1,0,0,0,0,0,0,1,"No"
0.165925285810569,1.02595098724345,0.546304024797654,1,0,1,0,1,0,1,1,0,0,0,0,0,0,0,0,0,0,1,0,1,0,0,1,0,1,0,"No"
-1.1005413093466,0.351739518094482,-0.820032707048322,1,0,0,0,1,0,0,0,0,0,0,0,0,0,1,0,1,0,1,0,1,0,0,0,0,0,0,"No"
-0.773711220273781,0.661377377999935,-0.524755347741211,0,0,0,0,1,0,1,1,0,0,0,0,1,0,1,0,0,0,0,0,0,0,0,1,0,1,0,"Yes"
0.492755374883387,0.817861027629573,0.775338516801691,0,1,0,0,1,0,0,1,0,0,0,0,1,0,1,0,0,0,0,0,1,1,0,0,1,0,0,"No"
0.492755374883387,-1.50109348230751,-0.623676256009724,1,0,0,0,1,0,0,0,1,1,0,1,0,1,0,1,0,1,0,1,0,1,0,0,1,0,0,"No"
0.00251024127416045,0.711318968307266,0.171371169432997,0,1,1,0,1,0,1,1,0,0,0,0,0,0,0,0,0,0,1,0,0,0,0,1,1,0,0,"Yes"
1.51409940323594,-1.3196390375242,-0.232227023087909,0,0,1,0,1,0,1,0,1,1,0,1,0,1,0,1,0,1,0,1,0,0,1,1,1,0,0,"No"
-0.651149936871475,-0.172647180132496,-0.540141073948819,0,1,0,0,1,0,0,0,0,0,0,0,0,0,0,0,1,0,1,0,0,0,0,0,0,1,0,"Yes"
1.47324564210184,-1.50109348230751,-0.464919504752256,1,1,1,1,1,0,0,0,1,1,0,1,0,1,0,1,0,1,0,1,0,1,0,0,0,0,0,"No"
-0.651149936871475,0.178608671695734,-0.459620962153382,1,0,0,0,1,0,0,1,0,0,0,0,0,0,0,0,0,0,0,0,0,0,0,1,1,0,0,"No"
1.47324564210184,0.608106348338782,1.56710483636729,1,0,1,1,1,0,0,0,0,0,1,0,1,0,0,0,1,0,1,0,1,0,1,0,0,0,0,"No"
-0.242612325530453,-0.856846967342933,-0.539586833091196,0,0,1,1,0,1,0,0,0,0,1,0,1,0,0,0,1,0,0,0,0,0,0,0,1,0,0,"No"
-0.120051042128146,-1.13152571403326,-0.614431518504576,0,0,0,0,0,1,0,0,0,0,0,0,1,0,0,0,0,0,0,0,0,0,0,1,0,1,0,"Yes"
1.55495316437004,1.01263322982816,1.93354672179316,1,0,1,0,1,0,1,1,0,0,0,0,1,0,1,0,0,0,1,0,0,1,0,1,0,0,0,"No"
-0.324319847798657,0.326768722940816,-0.234643513227144,1,0,1,0,1,0,0,0,0,0,1,0,0,0,0,0,1,0,1,0,1,1,0,0,0,0,0,"No"
0.165925285810569,-1.51108180036897,-0.682470126186348,0,0,1,1,1,0,0,0,1,1,0,1,0,1,0,1,0,1,0,1,0,0,0,0,0,0,0,"No"
0.247632808078774,1.16412272042707,0.661608292817497,0,1,0,0,1,0,1,1,0,0,0,0,0,0,0,0,1,0,1,0,1,0,0,1,0,1,0,"Yes"
-0.610296175737372,0.180273391372645,-0.486667916005374,0,0,0,0,1,0,0,1,0,0,0,0,0,0,0,0,0,0,0,0,0,0,0,1,0,1,0,"Yes"
0.37019409148108,1.48208417871708,0.980851026808216,0,0,1,1,1,0,1,1,0,0,0,0,1,0,1,0,1,0,1,0,1,1,0,1,0,0,0,"No"
-1.22310259274891,-1.15649650918692,-0.960610358175763,1,0,0,0,0,1,0,0,0,0,0,0,0,0,0,0,1,0,0,0,0,0,0,0,0,0,0,"Yes"
-0.732857459139679,0.395022229694169,-0.498617348895721,1,0,0,0,1,0,0,1,0,0,0,0,0,0,1,0,0,0,0,0,0,0,0,0,0,1,0,"No"
-1.26395635388301,-1.49110516424604,-0.985351670060044,1,0,0,0,1,0,0,0,1,1,0,1,0,1,0,1,0,1,0,1,0,0,0,0,0,0,1,"Yes"
-0.773711220273781,0.273497693279663,-0.581753477539137,1,0,1,1,1,0,1,0,0,0,0,0,1,0,1,0,1,0,1,0,0,0,0,1,0,1,0,"No"
-1.0596875482125,-1.51940539875353,-0.945291140871069,1,0,0,0,1,0,0,0,1,1,0,1,0,1,0,1,0,1,0,1,0,0,0,0,0,0,1,"No"
-1.1413950704807,0.401681108401813,-0.846215045162422,0,0,0,0,1,0,0,1,0,0,0,0,1,0,0,0,0,0,0,0,0,0,0,1,0,0,0,"Yes"
-0.692003698005577,1.23737038621115,-0.253931095072417,0,0,1,0,1,0,0,1,0,0,1,0,0,0,1,0,0,0,1,0,1,0,0,0,0,1,0,"No"
0.615316658285693,0.361727836155948,0.577740566242018,0,0,0,0,1,0,0,1,0,0,1,0,0,0,0,0,0,0,0,0,0,0,0,0,1,0,0,"No"
-0.977980025944292,-0.0161635305028584,-0.77063876181698,0,0,0,0,1,0,0,0,0,0,0,0,0,0,1,0,1,0,0,0,1,0,0,0,0,0,1,"No"
-0.610296175737372,-1.29633296204745,-0.798949384824351,1,0,0,0,0,1,0,0,0,0,0,0,0,0,0,0,0,0,0,0,0,0,0,1,0,0,1,"No"
-0.692003698005577,0.35007479841757,-0.483541997568381,1,0,1,1,1,0,0,1,0,0,1,0,0,0,0,0,0,0,0,0,0,0,0,0,0,0,1,"No"
-0.365173608932759,-0.3391191478236,-0.440222532136585,0,0,0,0,1,0,1,0,0,0,1,0,0,0,0,0,0,0,0,0,0,0,0,0,0,1,0,"No"
-0.120051042128146,-1.48944044456913,-0.756893588547935,1,0,0,1,1,0,0,0,1,1,0,1,0,1,0,1,0,1,0,1,0,1,0,0,0,0,1,"No"
-0.283466086664555,-1.51607595939971,-0.789593799147679,0,0,0,0,1,0,0,0,1,1,0,1,0,1,0,1,0,1,0,1,0,0,0,0,0,0,1,"No"
1.51409940323594,-0.6104684551601,0.389875085142201,0,0,1,1,0,1,0,0,0,0,1,0,1,0,1,0,1,0,0,0,0,0,1,0,0,0,0,"No"
-0.732857459139679,-1.50608764133824,-0.850116900800086,1,0,0,0,1,0,0,0,1,1,0,1,0,1,0,1,0,1,0,1,0,1,0,0,0,0,1,"No"
-0.528588653469168,0.166955633957356,-0.375797574846513,1,0,0,0,1,0,1,0,0,0,0,0,0,0,0,0,0,0,1,0,1,0,0,0,0,0,1,"No"
0.288486569212876,0.869467337613815,0.519279240579967,1,1,0,0,1,0,1,1,0,0,0,0,1,0,0,0,0,0,0,0,1,0,0,0,0,1,0,"No"
-0.0383435198599417,1.22571734847278,0.399740572407887,1,0,0,0,1,0,0,1,0,0,0,0,1,0,1,0,0,0,1,0,1,0,0,1,0,1,0,"No"
-0.324319847798657,-1.47612268715384,-0.799148911533096,1,0,1,1,1,0,0,0,1,1,0,1,0,1,0,1,0,1,0,1,0,1,0,0,0,0,1,"No"
0.737877941688,-1.50608764133824,-0.536106200505325,0,0,0,0,1,0,0,0,1,1,0,1,0,1,0,1,0,1,0,1,0,1,0,1,0,0,1,"No"
0.819585463956204,0.138655399449869,0.550139371532404,1,0,1,1,1,0,0,0,0,0,0,0,1,0,1,0,1,0,1,0,0,1,0,1,0,1,0,"No"
-0.160904803262248,1.18576407622691,0.197908221695976,1,0,0,0,1,0,1,1,0,0,0,0,1,0,0,0,0,0,1,0,1,1,0,0,0,1,0,"No"
-0.446881131200964,-1.45614605103091,-0.801144178620538,0,0,0,0,1,0,0,0,1,1,0,1,0,1,0,1,0,1,0,1,0,0,1,1,1,0,0,"No"
-0.283466086664555,1.04259818401256,0.0916269948382323,1,0,0,1,1,0,0,1,0,0,0,0,1,0,0,0,0,0,1,0,1,0,0,1,0,1,0,"Yes"
-0.610296175737372,-1.50608764133824,-0.858009290612635,0,0,1,0,1,0,0,0,1,1,0,1,0,1,0,1,0,1,0,1,0,1,0,0,0,0,1,"No"
-0.610296175737372,0.563158917062184,-0.404773286883032,1,1,1,0,1,0,0,1,0,0,0,0,0,0,0,0,0,0,0,0,1,0,0,0,0,0,0,"Yes"
1.63666068663825,-0.522238312283814,0.56971515862364,1,0,1,1,0,1,0,0,0,0,1,0,0,0,1,0,1,0,1,0,0,0,1,0,0,0,1,"No"
0.819585463956204,0.649724340261558,0.934028759156244,1,0,1,0,1,0,0,1,0,0,1,0,0,0,0,0,0,0,1,0,0,0,0,0,0,1,0,"Yes"
-0.201758564396351,-1.49776404295368,-0.745321039440771,0,0,0,0,1,0,0,0,1,1,0,1,0,1,0,1,0,1,0,1,0,0,1,1,0,0,1,"No"
-1.1822488316148,-1.4844462855384,-0.965931070408942,0,0,0,0,1,0,0,0,1,1,0,1,0,1,0,1,0,1,0,1,0,0,0,0,0,0,1,"No"
1.30983059756543,0.55650003835454,1.28016325955882,0,0,1,0,1,0,1,0,0,0,1,0,1,0,1,0,1,0,0,0,1,0,1,1,0,0,1,"No"
-1.1822488316148,-0.936753511834663,-0.952584950557385,1,1,1,0,0,1,0,0,0,0,0,0,0,0,0,0,0,0,1,0,0,0,0,1,0,0,1,"Yes"
1.59580692550415,0.623088825430981,1.61944734296118,0,0,1,0,1,0,1,0,0,0,0,0,1,0,1,0,1,0,1,0,1,0,1,1,1,0,0,"No"
-1.26395635388301,-1.31630959817038,-0.983023858458028,0,1,0,0,0,1,0,0,0,0,0,0,0,0,0,0,0,0,0,0,0,0,0,0,0,0,1,"Yes"
1.06470803076082,-1.47445796747693,-0.479462784856278,0,0,1,1,1,0,0,0,1,1,0,1,0,1,0,1,0,1,0,1,0,0,1,0,1,0,0,"No"
-0.977980025944292,-0.490608638422505,-0.832048648841584,0,0,0,0,1,0,0,0,0,0,1,0,0,0,0,0,0,0,0,0,0,0,0,1,0,1,0,"Yes"
-0.692003698005577,-1.49110516424604,-0.873106811574279,0,0,1,1,1,0,0,0,1,1,0,1,0,1,0,1,0,1,0,1,0,0,0,0,0,0,1,"No"
1.39153811983363,-0.330795549439045,0.616271390663953,1,0,1,1,0,1,0,0,0,0,0,0,0,0,1,0,1,0,1,0,1,0,1,0,0,0,0,"No"
-0.814564981407883,-1.17314370595603,-0.825109553304146,1,1,0,0,0,1,0,0,0,0,0,0,1,0,0,0,0,0,0,0,0,0,0,1,1,0,0,"No"
-1.1822488316148,-1.51441123972279,-0.971074425567681,0,0,1,1,1,0,0,0,1,1,0,1,0,1,0,1,0,1,0,1,0,0,1,0,0,0,1,"No"
-0.93712626481019,0.531529243200874,-0.704196367805161,0,0,0,0,1,0,0,1,0,0,0,0,1,0,1,0,0,0,0,0,0,0,0,0,0,1,0,"No"
-1.1822488316148,-1.47612268715384,-0.962561285994595,0,0,0,0,1,0,0,0,1,1,0,1,0,1,0,1,0,1,0,1,0,1,0,0,0,0,1,"No"
0.329340330346978,1.37887155874859,0.858652002519546,1,0,1,0,1,0,1,1,0,0,0,0,1,0,1,0,0,0,1,0,1,1,0,1,0,0,0,"No"
1.47324564210184,-1.30132712107818,-0.186358049711048,0,0,0,0,1,0,1,0,1,1,0,1,0,1,0,1,0,1,0,1,0,0,1,0,0,0,0,"No"
0.737877941688,0.499899569339564,0.790170002151676,0,0,0,0,1,0,1,0,0,0,0,0,1,0,0,0,1,0,1,0,1,0,1,1,0,0,1,"No"
-1.26395635388301,-0.310818913316112,-0.969633399337862,1,0,0,0,1,0,0,0,0,0,0,0,0,0,0,0,0,0,0,0,1,0,0,1,0,1,0,"No"
1.63666068663825,1.76508652379195,2.68997464427673,0,0,1,1,1,0,1,1,0,0,1,0,1,0,1,0,1,0,1,0,1,0,1,1,0,0,0,"No"
-1.1005413093466,-1.49609932327677,-0.953316548489447,0,0,0,0,1,0,0,0,1,1,0,1,0,1,0,1,0,1,0,1,0,0,0,1,1,0,0,"No"
0.656170419419795,0.198585307818666,0.522493837554179,1,0,1,0,1,0,1,0,0,0,0,0,1,0,1,0,0,0,0,0,1,1,0,1,1,0,0,"No"
-1.26395635388301,0.97434467725921,-0.952518441654471,0,0,0,0,1,0,1,1,0,0,0,0,0,0,0,0,0,0,1,0,1,0,0,1,0,1,0,"Yes"
1.30983059756543,0.040436938512117,0.809590601802778,0,0,1,1,1,0,0,0,0,0,1,0,0,0,0,0,1,0,1,0,0,1,0,0,0,0,1,"No"
0.329340330346978,0.513217326754853,0.410869728828952,1,0,1,0,1,0,0,1,0,0,0,0,1,0,1,0,0,0,0,0,0,0,0,1,0,1,0,"No"
0.37019409148108,-0.971712625049795,-0.36788301539966,0,0,1,1,0,1,0,0,0,0,1,0,0,0,1,0,0,0,0,0,0,1,0,0,1,0,0,"No"
0.778731702822102,0.499899569339564,0.768222064189814,1,1,0,0,1,0,1,1,0,0,0,0,1,0,0,0,0,0,0,0,0,1,0,1,0,0,0,"No"
-1.26395635388301,-0.470632002299572,-0.971761684231133,0,0,1,1,1,0,0,0,0,0,0,0,0,0,1,0,0,0,0,0,0,0,0,0,0,0,1,"Yes"
-1.22310259274891,-1.4694638084462,-0.975308825719919,0,0,0,0,1,0,0,0,1,1,0,1,0,1,0,1,0,1,0,1,0,0,0,1,0,0,1,"No"
-0.324319847798657,-1.32796263590876,-0.74062107696813,0,0,1,1,1,0,1,0,1,1,0,1,0,1,0,1,0,1,0,1,0,0,1,0,0,0,1,"No"
1.55495316437004,0.423322464201656,1.44373082146046,1,0,1,0,1,0,1,0,0,0,1,0,0,0,1,0,1,0,0,0,1,0,1,0,1,0,0,"No"
-1.1822488316148,-1.15982594854074,-0.951188263596176,1,0,0,0,0,1,0,0,0,0,0,0,0,0,0,0,1,0,0,0,0,0,0,1,0,1,0,"No"
-1.22310259274891,-0.655415886436698,-0.944892087453581,1,0,0,0,1,0,0,0,0,0,0,0,0,0,0,0,0,0,0,0,0,0,0,0,0,0,0,"No"
-1.1822488316148,-1.15816122886383,-0.952274575677116,1,0,1,0,0,1,0,0,0,0,0,0,1,0,0,0,0,0,0,0,0,0,0,0,1,0,0,"No"
-0.773711220273781,0.245197458772175,-0.584502512192946,0,0,0,0,1,0,0,0,0,0,1,0,0,0,0,0,0,0,1,0,1,0,0,1,0,1,0,"No"
-1.01883378707839,-1.45947549038473,-0.93156813723633,1,0,0,0,1,0,0,0,1,1,0,1,0,1,0,1,0,1,0,1,0,0,0,0,0,0,1,"No"
-0.814564981407883,-0.275859800100981,-0.715392033129141,1,0,1,1,1,0,0,0,0,0,0,0,0,0,0,0,0,0,1,0,0,0,0,1,0,0,1,"No"
0.860439225090306,1.35390076359493,1.47835979024473,1,0,1,1,1,0,1,1,0,0,0,0,1,0,1,0,0,0,1,0,1,1,0,1,0,1,0,"No"
1.26897683643133,-1.4994287626306,-0.441840915440843,1,0,1,1,1,0,0,0,1,1,0,1,0,1,0,1,0,1,0,1,0,0,1,0,0,0,1,"No"
-0.692003698005577,0.661377377999935,-0.423107574453194,0,0,0,0,1,0,0,0,0,0,1,0,1,0,1,0,1,0,1,0,1,0,0,0,0,0,1,"No"
0.165925285810569,-0.364089942977266,-0.134237239460202,1,0,1,1,1,0,0,0,0,0,1,0,1,0,0,0,0,0,0,0,0,1,0,0,0,0,1,"No"
-1.1413950704807,-1.15483178951001,-0.941699660113674,1,1,1,0,0,1,0,0,0,0,0,0,0,0,1,0,0,0,0,0,0,0,0,1,0,1,0,"No"
1.18726931416312,-0.695369158682563,0.201499702453372,0,0,0,0,0,1,0,0,0,0,1,0,1,0,1,0,1,0,0,0,0,1,0,0,1,0,0,"No"
-0.651149936871475,-0.309154193639201,-0.60600705746871,1,0,0,0,1,0,1,0,0,0,0,0,1,0,0,0,0,0,0,0,0,0,0,0,0,1,0,"No"
-0.651149936871475,-0.503926395837793,-0.639860089052309,1,0,0,0,1,0,0,0,0,0,0,0,0,0,0,0,1,0,0,0,0,0,0,1,0,0,1,"No"
-1.26395635388301,-1.48111684618457,-0.985218652254214,1,0,0,0,1,0,0,0,1,1,0,1,0,1,0,1,0,1,0,1,0,0,0,0,0,0,1,"Yes"
-1.1822488316148,-0.314148352669934,-0.923564899252257,1,0,0,0,1,0,0,0,0,0,0,0,0,0,0,0,0,0,1,0,0,0,0,0,0,0,1,"Yes"
1.63666068663825,1.56532016256263,2.55866390028874,0,0,0,0,1,0,1,1,0,0,0,0,1,0,1,0,1,0,1,0,1,0,1,1,0,0,0,"No"
-0.896272503676088,0.734625043784021,-0.614298500698747,1,1,1,0,1,0,1,1,0,0,0,0,0,0,0,0,0,0,0,0,1,0,0,1,0,1,0,"Yes"
-0.896272503676088,-0.300830595254646,-0.749688457398839,0,0,1,1,1,0,0,0,0,0,0,0,1,0,1,0,0,0,0,0,0,0,0,1,0,0,1,"No"
-0.610296175737372,-0.0827523175792998,-0.507884256035174,1,0,1,1,1,0,1,0,0,0,1,0,0,0,0,0,1,0,0,0,0,1,0,1,0,0,1,"No"
0.165925285810569,1.32892996844126,0.639749033392854,0,0,1,1,1,0,1,1,0,0,1,0,0,0,1,0,0,0,1,0,1,0,0,1,1,0,0,"No"
-0.406027370066861,0.952703321459367,-0.0375998035250944,1,0,0,0,1,0,0,1,0,0,0,0,1,0,0,0,0,0,1,0,1,0,0,1,0,0,1,"No"
-1.26395635388301,-1.33795095397022,-0.983312063703992,1,0,0,0,0,1,0,0,0,0,0,0,0,0,0,0,0,0,0,0,0,0,0,1,0,1,0,"No"
-1.0596875482125,0.198585307818666,-0.801720589112465,0,0,0,0,1,0,0,1,0,0,0,0,0,0,0,0,0,0,0,0,0,0,0,0,1,0,0,"No"
-0.0383435198599417,0.46161101677061,0.0855968543072965,1,0,0,0,1,0,0,1,0,0,0,0,1,0,0,0,1,0,0,0,0,0,0,1,0,1,0,"Yes"
0.819585463956204,0.706324809276533,0.971561950034459,0,0,1,1,1,0,0,1,0,0,0,0,1,0,1,0,1,0,0,0,0,0,0,0,0,0,0,"No"
-0.896272503676088,0.882785095029103,-0.566545108405968,0,0,0,1,1,0,0,1,0,0,0,0,0,0,1,0,1,0,1,0,0,0,0,1,0,1,0,"No"
-0.120051042128146,0.20524418652631,-0.11851896873802,1,0,1,1,1,0,0,1,0,0,0,0,0,0,0,0,0,0,0,0,0,0,0,1,0,1,0,"Yes"
1.63666068663825,-1.48111684618457,-0.346400639758201,0,0,1,1,1,0,0,0,1,1,0,1,0,1,0,1,0,1,0,1,0,0,1,0,0,0,0,"No"
0.615316658285693,-1.48278156586148,-0.572220534788026,1,0,1,1,1,0,0,0,1,1,0,1,0,1,0,1,0,1,0,1,0,1,0,0,0,0,1,"No"
-0.324319847798657,0.340086480356104,-0.186624085322707,1,0,1,1,1,0,1,0,0,0,1,0,0,0,0,0,0,0,1,0,1,1,0,0,0,0,1,"No"
-1.1413950704807,1.20740543202676,-0.817106315320073,0,0,0,0,1,0,1,1,0,0,0,0,0,0,0,0,1,0,1,0,1,0,0,1,0,0,1,"No"
-0.814564981407883,1.22405262879587,-0.4538346875998,1,1,1,0,1,0,1,1,0,0,0,0,1,0,0,0,0,0,1,0,1,0,0,1,0,1,0,"Yes"
-1.26395635388301,0.569817795769828,-0.957905662790564,1,0,0,0,1,0,1,1,0,0,1,0,0,0,0,0,0,0,0,0,0,0,0,1,0,1,0,"Yes"
0.0842177635423648,1.34890660456419,0.617512890185029,0,0,0,0,1,0,0,1,0,0,0,0,1,0,1,0,1,0,1,0,1,0,0,1,0,1,0,"No"
-0.732857459139679,-1.47112852812311,-0.864482823829668,0,0,1,0,1,0,0,0,1,1,0,1,0,1,0,1,0,1,0,1,0,0,1,0,0,0,1,"No"
-1.1413950704807,0.484917092247365,-0.853464515580128,0,0,0,0,1,0,0,1,0,0,0,0,0,0,0,0,0,0,0,0,1,0,0,1,0,1,0,"Yes"
-0.773711220273781,-1.4844462855384,-0.897227373698022,1,0,1,1,1,0,0,0,1,1,0,1,0,1,0,1,0,1,0,1,0,1,0,0,0,0,1,"No"
0.942146747358511,-0.199282694963073,0.366463951316215,1,0,1,0,1,0,0,0,0,0,1,0,1,0,1,0,0,0,0,0,0,0,1,0,0,1,0,"No"
0.697024180553898,1.00597435112052,1.08566905780184,1,0,1,0,1,0,0,1,0,0,0,0,1,0,0,0,0,0,1,0,1,0,1,1,0,1,0,"No"
1.14641555302902,1.26234118136482,1.73610395867362,1,0,1,0,1,0,1,1,0,0,0,0,1,0,1,0,0,0,1,0,1,1,0,0,0,0,0,"No"
1.43239188096774,0.153637876542068,1.07724459676597,1,0,1,0,1,0,0,0,0,0,1,0,1,0,0,0,1,0,0,0,1,0,1,1,1,0,0,"No"
-0.773711220273781,-1.45614605103091,-0.873372847185938,0,0,1,1,1,0,0,0,1,1,0,1,0,1,0,1,0,1,0,1,0,0,1,0,0,0,1,"No"
0.37019409148108,0.796219671829729,0.622057665217535,0,0,0,1,1,0,1,1,0,0,0,0,1,0,0,0,0,0,1,0,0,0,0,1,0,0,0,"No"
-1.1005413093466,-0.453984805530462,-0.892416563053856,0,0,0,0,0,1,0,0,0,0,0,0,1,0,0,0,0,0,1,0,1,0,0,1,1,0,0,"No"
-1.1005413093466,-0.0194929698566803,-0.829964703216922,0,0,0,0,1,0,1,0,0,0,0,0,1,0,0,0,0,0,0,0,1,0,0,1,0,1,0,"No"
-1.26395635388301,0.150308437188246,-0.963492410635401,0,0,1,1,1,0,0,1,0,0,0,0,0,0,0,0,0,0,0,0,0,0,0,1,0,0,1,"Yes"
-0.324319847798657,-0.508920554868526,-0.447316815114156,0,0,0,0,1,0,0,0,0,0,0,0,0,0,1,0,0,0,0,0,0,0,0,1,1,0,0,"No"
0.411047852615182,0.658047938646113,0.589490472423621,0,0,1,0,1,0,1,0,0,0,1,0,0,0,1,0,1,0,1,0,1,0,1,0,1,0,0,"No"
1.47324564210184,1.75176876637667,2.56895061060622,1,0,0,0,1,0,1,1,0,0,1,0,1,0,1,0,1,0,1,0,1,1,0,1,1,0,0,"No"
-0.0383435198599417,1.29397085522613,0.365510657041104,1,0,0,0,1,0,1,1,0,0,0,0,1,0,1,0,0,0,1,0,1,1,0,1,0,1,0,"Yes"
1.51409940323594,1.51038441322457,2.39083976860056,1,1,1,0,1,0,1,1,0,0,0,0,1,0,1,0,1,0,1,0,1,0,1,1,0,1,0,"No"
-1.1822488316148,0.513217326754853,-0.887140190089288,0,0,1,1,1,0,0,1,0,0,0,0,1,0,0,0,1,0,0,0,0,0,0,1,0,1,0,"No"
0.656170419419795,0.501564289016475,0.72193186776116,0,0,1,1,1,0,1,0,0,0,0,0,1,0,0,0,1,0,1,0,1,0,1,0,0,1,0,"No"
-0.692003698005577,-1.31131543913965,-0.822138822307288,0,0,1,0,1,0,1,0,1,1,0,1,0,1,0,1,0,1,0,1,0,0,1,0,0,0,1,"No"
-0.283466086664555,-1.48777572489222,-0.760241203327977,0,0,0,0,1,0,0,0,1,1,0,1,0,1,0,1,0,1,0,1,0,1,0,0,1,0,0,"No"
-1.26395635388301,0.46161101677061,-0.959346689020383,0,1,0,0,1,0,0,1,0,0,0,0,0,0,0,0,0,0,1,0,0,0,0,0,0,1,0,"Yes"
0.656170419419795,-0.65874532579052,-0.0609887677167756,0,0,0,0,0,1,0,0,0,0,1,0,1,0,0,0,0,0,1,0,0,0,0,1,0,1,0,"No"
-1.26395635388301,-1.47445796747693,-0.985129973716995,1,0,0,0,1,0,0,0,1,1,0,1,0,1,0,1,0,1,0,1,0,0,0,0,0,0,1,"No"
1.39153811983363,1.42381899002519,2.13265220748557,1,1,1,0,1,0,1,1,0,0,0,0,1,0,1,0,1,0,1,0,1,1,0,1,0,0,0,"No"
-0.242612325530453,-0.557197425498946,-0.466271852444855,0,0,1,0,0,1,0,0,0,0,1,0,1,0,1,0,0,0,1,0,0,1,0,0,0,0,0,"No"
1.26897683643133,0.206908906203221,0.978434536668981,1,0,1,0,1,0,0,0,0,0,1,0,1,0,0,0,1,0,1,0,0,1,0,0,1,0,0,"No"
-1.22310259274891,0.20524418652631,-0.92899645965696,0,0,0,0,1,0,0,0,0,0,1,0,0,0,0,0,0,0,1,0,1,0,0,1,0,1,0,"Yes"
1.30983059756543,-1.29966240140127,-0.233734558220643,0,0,1,0,1,0,1,0,1,1,0,1,0,1,0,1,0,1,0,1,0,0,1,0,0,0,1,"No"
-0.93712626481019,0.661377377999935,-0.656043922094894,0,1,0,0,1,0,1,1,0,0,0,0,0,0,0,0,0,0,0,0,1,0,0,1,0,1,0,"Yes"
-1.26395635388301,0.36505727550977,-0.960632527810068,0,0,0,0,1,0,0,1,0,0,0,0,0,0,1,0,0,0,0,0,0,0,0,0,0,1,0,"No"
-1.1413950704807,0.7013306502458,-0.843865063926101,1,0,0,0,1,0,1,1,0,0,0,0,0,0,0,0,0,0,0,0,1,0,0,1,0,1,0,"Yes"
0.247632808078774,0.185267550403378,0.113175879382606,1,1,0,0,1,0,0,0,0,0,0,0,1,0,1,0,1,0,1,0,0,1,0,1,1,0,0,"Yes"
1.39153811983363,1.02262154788963,1.7874488317238,1,0,1,0,1,0,1,1,0,0,0,0,1,0,1,0,0,0,0,0,1,1,0,0,0,1,0,"No"
-1.26395635388301,0.1885969897572,-0.962982509046388,0,0,0,0,1,0,0,1,0,0,0,0,0,0,0,0,0,0,0,0,0,0,0,1,0,1,0,"No"
-1.26395635388301,-0.608803735483189,-0.973601763878441,1,0,0,0,1,0,0,0,0,0,0,0,0,0,0,0,0,0,0,0,0,0,0,0,0,0,1,"Yes"
-0.814564981407883,-1.50608764133824,-0.899998577986136,1,0,0,1,1,0,0,0,1,1,0,1,0,1,0,1,0,1,0,1,0,0,1,0,0,0,0,"No"
0.37019409148108,1.38885987681006,0.976062385798355,0,0,0,0,1,0,1,1,0,0,0,0,1,0,1,0,0,0,1,0,1,0,0,1,0,1,0,"Yes"
-0.814564981407883,-1.31797431784729,-0.853930077900531,1,0,0,0,1,0,1,0,1,1,0,1,0,1,0,1,0,1,0,1,0,0,0,0,0,1,0,"No"
-1.01883378707839,0.358398396802126,-0.743769165039428,0,0,0,0,1,0,1,1,0,0,0,0,0,0,0,0,0,0,0,0,0,0,0,1,0,1,0,"No"
-1.1005413093466,0.618094666400248,-0.796355537610677,0,1,0,0,1,0,1,1,0,0,0,0,0,0,0,0,0,0,1,0,0,0,0,1,1,0,0,"Yes"
0.697024180553898,-0.692039719328741,-0.0603236786876283,0,1,0,0,1,0,0,0,0,0,0,0,0,0,0,0,0,0,0,0,0,0,0,0,0,0,1,"No"
0.329340330346978,-0.084417037256211,0.119472055525201,1,0,0,0,0,1,0,0,0,0,1,0,1,0,1,0,0,0,1,0,1,1,0,0,1,0,0,"No"
-0.651149936871475,-1.48111684618457,-0.852865935453895,0,0,0,0,1,0,0,0,1,1,0,1,0,1,0,1,0,1,0,1,0,1,0,0,0,0,0,"No"
-0.896272503676088,0.318445124556261,-0.634184662670252,1,0,0,0,1,0,1,1,0,0,0,0,0,0,0,0,0,0,0,0,0,0,0,1,0,0,1,"Yes"
1.63666068663825,1.22405262879587,2.25290030395541,0,0,1,0,1,0,1,1,0,0,0,0,1,0,1,0,0,0,1,0,1,1,0,1,0,1,0,"No"
-1.22310259274891,0.648059620584647,-0.911637635996214,0,1,0,0,1,0,1,1,0,0,0,0,0,0,0,0,0,0,0,0,1,0,0,1,0,1,0,"No"
-0.365173608932759,-1.454481331354,-0.792830565756196,1,0,1,1,1,0,0,0,1,1,0,1,0,1,0,1,0,1,0,1,0,0,1,0,0,0,1,"No"
1.59580692550415,1.37554211939477,2.34104676995173,0,1,0,0,1,0,1,1,0,0,0,0,1,0,1,0,0,0,1,0,1,1,0,1,0,1,0,"No"
-0.855418742541986,1.16245800075016,-0.525486945673273,0,0,1,0,1,0,1,1,0,0,0,0,0,0,1,0,0,0,1,0,1,0,0,1,0,1,0,"Yes"
-1.26395635388301,0.694671771538156,-0.956242940217696,0,0,0,0,1,0,1,1,0,0,0,0,0,0,0,0,0,0,0,0,1,0,0,1,0,0,1,"Yes"
0.901292986224409,-0.682051401267274,0.0565768030021678,0,0,0,0,0,1,0,0,0,0,1,0,0,0,0,0,1,0,0,0,1,1,0,0,0,0,0,"No"
1.47324564210184,0.852820140844705,1.79820110436168,0,0,1,0,1,0,1,1,0,0,0,0,1,0,1,0,1,0,0,0,0,0,1,0,1,0,0,"No"
-1.1413950704807,-0.457314244884284,-0.88791612728996,0,0,1,1,1,0,1,0,0,0,0,0,0,0,0,0,0,0,0,0,0,0,0,0,0,0,1,"Yes"
-1.26395635388301,-0.17930605884014,-0.967881998227774,0,0,0,1,1,0,0,0,0,0,0,0,0,0,1,0,0,0,0,0,1,0,0,0,0,1,0,"Yes"
-0.201758564396351,-0.37074882168491,-0.346134604146542,1,0,0,0,1,0,0,0,0,0,1,0,0,0,0,0,1,0,0,0,0,0,0,0,0,0,1,"No"
-0.446881131200964,-1.48611100521531,-0.809502130753489,1,0,0,0,1,0,0,0,1,1,0,1,0,1,0,1,0,1,0,1,0,0,0,1,0,0,1,"No"
-1.26395635388301,-0.32247195105449,-0.969788586777996,0,0,0,0,1,0,0,0,0,0,1,0,1,0,0,0,0,0,0,0,0,0,0,1,0,1,0,"Yes"
1.02385426962672,-0.235906527855116,0.453967497917699,1,0,1,0,0,1,0,0,0,0,0,0,1,0,1,0,1,0,1,0,1,0,1,1,0,0,0,"No"
-0.446881131200964,1.30895333231833,0.00536494775782316,0,0,1,0,1,0,1,1,0,0,1,0,0,0,1,0,0,0,1,0,1,0,0,1,0,1,0,"Yes"
-0.528588653469168,-1.49609932327677,-0.83532975471871,1,0,0,0,1,0,0,0,1,1,0,1,0,1,0,1,0,1,0,1,0,0,1,0,0,0,1,"No"
-0.0383435198599417,0.9726799575823,0.309354973346764,1,0,1,0,1,0,0,1,0,0,0,0,0,0,1,0,0,0,1,0,1,1,0,1,0,1,0,"No"
0.574462897151591,0.984332995320677,0.960543641784918,0,0,0,0,1,0,1,1,0,0,0,0,1,0,1,0,0,0,0,0,1,1,0,1,0,1,0,"No"
-0.855418742541986,-0.299165875577735,-0.736608373158941,0,1,0,0,1,0,1,0,0,0,1,0,0,0,0,0,0,0,0,0,0,0,0,1,0,1,0,"No"
0.860439225090306,-0.528897190991458,0.112222585107495,0,0,1,1,0,1,0,0,0,0,1,0,1,0,1,0,0,0,0,0,1,0,0,1,0,0,0,"No"
-0.855418742541986,-1.50941708069206,-0.914187143941279,0,0,1,1,1,0,0,0,1,1,0,1,0,1,0,1,0,1,0,1,0,0,0,1,0,0,1,"Yes"
1.02385426962672,1.34224772585655,1.62807133070579,1,1,0,0,1,0,1,1,0,0,0,0,1,0,0,0,1,0,1,0,1,0,0,1,0,0,0,"No"
-1.22310259274891,0.361727836155948,-0.92389744376683,0,1,0,0,1,0,1,1,0,0,0,0,0,0,0,0,0,0,0,0,0,0,0,1,0,0,1,"Yes"
-1.22310259274891,-0.324136670731401,-0.947929327353354,0,1,0,0,1,0,0,0,0,0,1,0,1,0,0,0,0,0,0,0,0,0,0,0,0,0,1,"Yes"
1.59580692550415,-1.48777572489222,-0.378103216814224,0,0,1,1,1,0,0,0,1,1,0,1,0,1,0,1,0,1,0,1,0,0,1,0,0,0,0,"No"
-1.26395635388301,-1.50442292166133,-0.985529027134483,0,0,1,1,1,0,0,0,1,1,0,1,0,1,0,1,0,1,0,1,0,0,0,1,0,0,1,"No"
1.47324564210184,-1.31630959817038,-0.271755481053565,1,0,1,0,1,0,1,0,1,1,0,1,0,1,0,1,0,1,0,1,0,0,1,0,1,0,0,"No"
1.63666068663825,0.661377377999935,1.68090156925439,1,0,1,0,1,0,0,0,0,0,1,0,1,0,1,0,1,0,1,0,1,0,1,0,0,0,1,"No"
1.63666068663825,-1.29966240140127,-0.16600632541914,1,0,1,1,1,0,1,0,1,1,0,1,0,1,0,1,0,1,0,1,0,0,1,0,1,0,0,"No"
-1.0596875482125,0.363392555832859,-0.799924848733767,1,0,1,0,1,0,1,1,0,0,0,0,0,0,0,0,0,0,0,0,0,0,0,1,0,1,0,"Yes"
-1.1413950704807,0.305127367140973,-0.849828695554122,0,0,1,1,1,0,0,1,0,0,0,0,0,0,1,0,0,0,0,0,0,0,0,1,0,1,0,"Yes"
-0.814564981407883,1.0475923430433,-0.48507170233542,1,0,0,0,1,0,1,1,0,0,0,0,0,0,0,0,0,0,1,0,1,0,0,1,0,1,0,"Yes"
-1.01883378707839,-1.46280492973855,-0.925005925482076,0,0,0,0,1,0,0,0,1,1,0,1,0,1,0,1,0,1,0,1,0,0,0,0,0,0,1,"No"
1.35068435869953,-0.314148352669934,0.634516999696895,0,0,1,0,1,0,0,0,0,0,1,0,0,0,1,0,0,0,0,0,0,0,0,1,0,0,1,"No"
0.983000508492613,-1.48611100521531,-0.494538136183617,1,0,1,0,1,0,0,0,1,1,0,1,0,1,0,1,0,1,0,1,0,1,0,0,1,0,0,"No"
-0.242612325530453,-0.101064234025321,-0.292705785471706,1,0,0,0,1,0,1,0,0,0,1,0,1,0,0,0,0,0,0,0,0,1,0,0,0,1,0,"No"
1.22812307529723,0.869467337613815,1.48286022600862,1,0,0,0,1,0,1,1,0,0,1,0,1,0,1,0,0,0,0,0,0,0,0,0,0,0,0,"No"
1.06470803076082,1.1541344023656,1.59823100293138,0,0,1,1,1,0,0,1,0,0,1,0,1,0,0,0,0,0,1,0,1,1,0,0,1,0,0,"No"
1.47324564210184,0.902761731152036,1.85453414513046,0,0,1,0,1,0,1,0,0,0,1,0,1,0,1,0,1,0,1,0,1,0,1,1,0,1,0,"No"
1.18726931416312,1.20241127299602,1.67449454494027,0,0,1,1,1,0,1,1,0,0,1,0,1,0,1,0,0,0,0,0,1,1,0,1,1,0,0,"No"
0.411047852615182,0.46161101677061,0.501610042038953,0,0,0,0,1,0,1,0,0,0,0,0,0,0,1,0,1,0,1,0,1,0,1,1,1,0,0,"No"
-0.56944241460327,0.656383218969202,-0.312237233294333,1,0,0,0,1,0,1,1,0,0,0,0,0,0,0,0,0,0,1,0,0,0,0,0,0,0,0,"No"
0.983000508492613,-1.4994287626306,-0.515022878281355,0,0,0,0,1,0,0,0,1,1,0,1,0,1,0,1,0,1,0,1,0,0,1,1,0,0,0,"No"
-1.1413950704807,-1.4694638084462,-0.957395761201551,0,0,0,0,1,0,0,0,1,1,0,1,0,1,0,1,0,1,0,1,0,0,0,0,1,0,0,"No"
0.125071524676467,-0.299165875577735,-0.100051663362029,0,0,0,1,1,0,0,0,0,0,1,0,1,0,0,0,0,0,0,0,0,1,0,0,1,0,0,"No"
1.30983059756543,0.739619202814754,1.36793284177196,0,0,1,1,1,0,1,1,0,0,1,0,0,0,0,0,1,0,0,0,0,0,0,1,0,0,0,"No"
-0.0383435198599417,-1.45281661167709,-0.691182792468178,0,0,0,0,1,0,0,0,1,1,0,1,0,1,0,1,0,1,0,1,0,1,0,0,0,0,1,"No"
1.43239188096774,-1.48278156586148,-0.434103713068429,0,1,1,0,1,0,0,0,1,1,0,1,0,1,0,1,0,1,0,1,0,0,1,1,0,0,0,"No"
1.55495316437004,1.63357366931598,2.42648854056286,0,1,1,0,1,0,1,1,0,0,1,0,1,0,1,0,1,0,1,0,1,0,1,1,0,1,0,"No"
-1.1822488316148,-0.372413541361821,-0.910462645378054,1,0,0,0,1,0,0,0,0,0,0,0,0,0,0,0,0,0,1,0,0,0,0,0,1,0,0,"Yes"
-0.120051042128146,0.772913596352975,0.168333929533225,0,0,1,1,1,0,0,1,0,0,0,0,0,0,0,0,0,0,1,0,1,0,0,1,1,0,0,"No"
1.47324564210184,0.613100507369515,1.52691128937248,0,0,1,1,1,0,1,1,0,0,0,0,0,0,0,0,0,0,1,0,0,1,0,1,0,1,0,"Yes"
-0.814564981407883,0.175279232341911,-0.622789470637528,1,0,0,1,1,0,0,0,0,0,1,0,0,0,0,0,0,0,1,0,1,0,0,1,0,0,1,"No"
-0.977980025944292,-0.275859800100981,-0.816108681776353,0,0,1,1,1,0,0,0,0,0,0,0,1,0,0,0,1,0,0,0,0,0,0,0,0,0,0,"No"
0.901292986224409,1.49706665580928,1.71896683135593,1,0,1,0,1,0,1,1,0,0,1,0,1,0,1,0,0,0,1,0,1,0,0,0,0,1,0,"No"
1.51409940323594,0.917744208244236,1.87945281408918,1,0,1,1,1,0,0,1,0,0,0,0,1,0,0,0,1,0,1,0,0,0,1,1,0,0,1,"No"
-0.242612325530453,0.163626194603534,-0.196001840633684,0,0,0,0,1,0,1,0,0,0,1,0,1,0,0,0,0,0,1,0,0,0,0,1,0,0,0,"No"
1.63666068663825,1.07922201690461,2.1558194753342,0,0,1,0,1,0,1,1,0,0,1,0,1,0,1,0,1,0,0,0,0,0,1,1,0,0,0,"No"
1.55495316437004,-0.207606293347628,0.874436782144643,0,0,0,0,0,1,0,0,0,0,1,0,0,0,1,0,1,0,1,0,1,0,1,1,0,0,0,"No"
-1.26395635388301,-0.465637843268839,-0.971695175328219,1,0,0,1,1,0,0,0,0,0,1,0,0,0,0,0,0,0,0,0,0,0,0,0,0,0,1,"Yes"
-0.896272503676088,0.82951406536795,-0.611438617873413,1,0,0,0,1,0,0,1,0,0,0,0,0,0,0,0,0,0,1,0,1,0,0,1,0,1,0,"Yes"
-0.160904803262248,0.193591148787933,-0.110803935999911,0,0,1,1,1,0,0,1,0,0,0,0,0,0,0,0,0,0,0,0,0,1,0,1,0,0,0,"No"
-1.26395635388301,0.173614512665,-0.963182035755133,1,0,0,0,1,0,0,1,0,0,0,0,0,0,0,0,0,0,0,0,0,0,0,1,0,1,0,"Yes"
-0.446881131200964,0.98932715435141,-0.130246705285318,0,0,1,0,1,0,1,1,0,0,0,0,0,0,0,0,0,0,1,0,1,0,0,1,0,1,0,"No"
0.778731702822102,0.9726799575823,1.11240563677356,1,1,1,0,1,0,1,1,0,0,1,0,0,0,1,0,0,0,1,0,0,0,0,1,0,0,0,"Yes"
0.860439225090306,-1.4994287626306,-0.547235356926391,0,0,1,1,1,0,0,0,1,1,0,1,0,1,0,1,0,1,0,1,0,1,0,0,0,0,0,"No"
0.860439225090306,1.04426290368947,1.23919377536335,1,0,0,1,1,0,0,1,0,0,1,0,1,0,1,0,0,0,0,0,1,1,0,0,0,1,0,"No"
-0.324319847798657,1.2140643107344,0.0663757813649387,1,0,1,0,1,0,1,1,0,0,0,0,0,0,1,0,0,0,1,0,1,0,0,1,0,1,0,"Yes"
1.55495316437004,1.00597435112052,2.04712175833722,0,0,1,0,1,0,1,0,0,0,1,0,1,0,1,0,1,0,1,0,1,0,1,1,1,0,0,"No"
1.18726931416312,1.43713674744048,1.8976319142192,1,0,0,0,1,0,1,1,0,0,1,0,1,0,1,0,0,0,1,0,1,1,0,1,0,1,0,"No"
-0.855418742541986,-0.332460269115956,-0.720180674139002,0,0,0,0,1,0,0,0,0,0,1,0,0,0,0,0,1,0,0,0,0,1,0,1,0,0,1,"No"
-1.22310259274891,0.223556102972331,-0.924185649012794,1,0,0,0,1,0,0,1,0,0,0,0,0,0,0,0,0,0,0,0,0,0,0,1,1,0,0,"No"
-0.283466086664555,-1.50109348230751,-0.765207201412277,1,0,0,0,1,0,0,0,1,1,0,1,0,1,0,1,0,1,0,1,0,1,0,1,0,0,0,"No"
0.37019409148108,-0.275859800100981,0.054049464691408,0,0,0,0,1,0,1,0,0,0,0,0,1,0,0,0,0,0,0,0,0,1,0,1,1,0,0,"No"
-0.56944241460327,1.0026449117667,-0.245706160745295,1,0,1,0,1,0,1,1,0,0,0,0,0,0,0,0,0,0,1,0,1,0,0,1,0,1,0,"Yes"
1.59580692550415,0.864473178583082,1.77221829295632,0,0,1,1,1,0,1,0,0,0,1,0,1,0,1,0,1,0,1,0,1,0,1,1,1,0,0,"No"
0.0842177635423648,-0.126035029178987,-0.0887008105979146,0,0,1,1,1,0,0,0,0,0,1,0,1,0,1,0,0,0,0,0,0,1,0,1,0,0,1,"No"
-0.120051042128146,1.1391519252734,0.25051676390153,1,0,0,0,1,0,0,1,0,0,0,0,0,0,1,0,1,0,1,0,1,0,0,1,1,0,0,"No"
0.329340330346978,1.11751056947356,0.831228164884371,1,1,1,0,1,0,0,1,0,0,1,0,1,0,1,0,1,0,1,0,0,1,0,1,1,0,0,"No"
0.165925285810569,-0.973377344726706,-0.409761454601637,1,0,1,0,0,1,0,0,0,0,1,0,0,0,1,0,0,0,0,0,0,1,0,0,0,0,1,"No"
0.574462897151591,1.28398253716466,1.04310335993641,0,0,1,0,1,0,1,1,0,0,0,0,1,0,0,0,1,0,1,0,1,1,0,1,0,1,0,"No"
-1.1413950704807,-0.104393673379143,-0.892350054150942,1,0,1,1,1,0,0,0,0,0,0,0,0,0,0,0,1,0,0,0,1,0,0,0,1,0,0,"Yes"
0.819585463956204,1.03593930530492,1.21225766968288,0,0,1,1,1,0,1,1,0,0,0,0,1,0,1,0,0,0,1,0,0,1,0,1,1,0,0,"No"
1.35068435869953,0.211903065233954,1.02561151846983,1,1,1,0,1,0,0,1,0,0,0,0,0,0,0,0,0,0,0,0,0,1,0,1,0,0,0,"No"
-0.120051042128146,-0.96338902666524,-0.539586833091196,0,1,1,1,0,1,0,0,0,0,0,0,1,0,1,0,0,0,0,0,0,0,0,1,0,0,1,"No"
-1.26395635388301,0.864473178583082,-0.953981637518595,1,0,0,0,1,0,0,1,0,0,0,0,0,0,0,0,0,0,1,0,1,0,0,1,0,1,0,"Yes"
-0.242612325530453,0.806207989891196,0.0142993103827024,0,0,0,0,1,0,0,1,0,0,0,0,0,0,0,0,0,0,1,0,1,0,0,1,0,0,0,"Yes"
-0.0791972809940439,-1.31464487849347,-0.644050149935938,0,0,1,1,1,0,1,0,1,1,0,1,0,1,0,1,0,1,0,1,0,0,1,1,0,0,1,"No"
0.942146747358511,-0.295836436223913,0.394486369077623,0,0,1,1,1,0,0,0,0,0,1,0,1,0,0,0,0,0,0,0,0,0,0,0,0,1,0,"No"
0.206779046944671,0.884449814706015,0.499769962391646,1,0,0,0,1,0,1,1,0,0,1,0,0,0,0,0,0,0,1,0,0,0,0,1,0,1,0,"No"
-0.0383435198599417,0.641400741877002,0.191567706284772,0,0,1,0,1,0,0,1,0,0,0,0,1,0,0,0,0,0,0,0,1,0,0,1,0,0,0,"No"
-1.1413950704807,-0.622121492898477,-0.905563156196669,1,0,0,0,1,0,0,0,0,0,0,0,0,0,0,0,0,0,0,0,0,0,0,1,0,1,0,"No"
-1.1005413093466,0.89277341309057,-0.794714984672113,1,1,0,0,1,0,0,1,0,0,0,0,0,0,0,0,0,0,1,0,1,0,0,1,0,1,0,"Yes"
-1.26395635388301,-1.49443460359986,-0.985396009328654,1,0,1,1,1,0,0,0,1,1,0,1,0,1,0,1,0,1,0,1,0,0,0,0,0,0,1,"No"
-0.977980025944292,-0.442331767792085,-0.811630415646761,1,0,1,1,1,0,0,0,0,0,1,0,0,0,0,0,0,0,0,0,0,0,0,1,1,0,0,"No"
0.983000508492613,1.33725356682582,1.59588102169506,0,1,0,0,1,0,1,1,0,0,0,0,1,0,1,0,0,0,1,0,1,0,0,0,0,1,0,"No"
0.411047852615182,1.38386571777933,1.00676732931066,1,0,1,0,1,0,1,1,0,0,0,0,0,0,1,0,1,0,1,0,1,0,0,1,0,0,0,"Yes"
1.35068435869953,0.704660089599622,1.52808627999064,1,1,1,1,1,0,1,1,0,0,1,0,1,0,0,0,0,0,0,0,0,0,0,1,0,1,0,"No"
-1.22310259274891,-1.47445796747693,-0.979986618558255,0,0,1,1,1,0,0,0,1,1,0,1,0,1,0,1,0,1,0,1,0,1,0,0,0,0,1,"No"
1.35068435869953,1.20407599267293,1.96536014702071,1,1,1,0,1,0,1,1,0,0,1,0,0,0,0,0,0,0,1,0,1,1,0,1,0,1,0,"No"
-0.56944241460327,0.318445124556261,-0.397435137928106,0,0,0,0,1,0,1,1,0,0,0,0,0,0,0,0,0,0,0,0,0,0,0,1,0,1,0,"No"
-0.365173608932759,0.464940456124432,-0.176935955131461,0,0,0,0,1,0,1,0,0,0,1,0,0,0,1,0,0,0,1,0,1,1,0,1,0,1,0,"No"
-0.528588653469168,-0.652086447082876,-0.610219287986643,1,0,0,0,1,0,0,0,0,0,0,0,0,0,0,0,0,0,0,0,0,0,0,1,0,0,0,"No"
-0.56944241460327,0.439969660970767,-0.391737541911744,0,0,0,0,1,0,0,1,0,0,0,0,1,0,1,0,0,0,0,0,0,0,0,0,0,1,0,"No"
0.247632808078774,0.628082984461714,0.401292446809231,0,1,1,0,1,0,0,1,0,0,1,0,0,0,0,0,0,0,0,0,1,0,0,1,0,1,0,"No"
-1.22310259274891,0.288480170371862,-0.936024233731617,1,0,0,0,1,0,1,1,0,0,0,0,0,0,0,0,0,0,0,0,0,0,0,1,1,0,0,"Yes"
0.615316658285693,1.00597435112052,1.01703186999383,1,0,0,0,1,0,1,1,0,0,1,0,1,0,0,0,0,0,1,0,0,1,0,0,0,0,0,"No"
-0.242612325530453,0.849490701490882,0.0312369109916546,0,0,1,0,1,0,1,0,0,0,1,0,1,0,1,0,1,0,1,0,1,1,0,1,1,0,0,"No"
-0.977980025944292,-0.45065536617664,-0.810100710879722,1,0,1,1,1,0,0,0,0,0,0,0,0,0,1,0,0,0,0,0,0,0,0,1,0,1,0,"Yes"
-1.1822488316148,-1.17813786498676,-0.950456665664114,0,0,0,0,0,1,0,0,0,0,0,0,1,0,0,0,0,0,0,0,0,0,0,0,0,0,1,"No"
-1.22310259274891,-0.598815417421722,-0.955156628136755,1,0,0,0,1,0,0,0,0,0,0,0,0,0,0,0,0,0,0,0,0,0,0,1,0,0,0,"No"
-0.93712626481019,0.691342332184334,-0.659524554680765,0,0,1,1,1,0,1,1,0,0,0,0,0,0,0,0,0,0,1,0,0,0,0,1,0,0,0,"Yes"
-1.26395635388301,0.358398396802126,-0.960721206347288,1,1,0,0,1,0,1,1,0,0,0,0,0,0,0,0,0,0,0,0,0,0,0,1,0,1,0,"Yes"
-0.283466086664555,0.323439283586994,-0.128517473809535,1,0,0,0,1,0,0,1,0,0,1,0,0,0,0,0,0,0,0,0,0,0,0,0,0,0,0,"No"
0.451901613749285,0.353404237771393,0.424105000508984,1,0,0,0,1,0,0,1,0,0,1,0,0,0,0,0,0,0,0,0,0,0,0,1,0,1,0,"Yes"
-1.26395635388301,-1.454481331354,-0.984863938105336,0,0,0,0,1,0,0,0,1,1,0,1,0,1,0,1,0,1,0,1,0,0,0,0,0,0,1,"Yes"
1.10556179189492,0.395022229694169,1.00978239957613,0,0,1,1,1,0,1,0,0,0,1,0,0,0,1,0,1,0,1,0,0,0,1,1,0,0,1,"No"
0.492755374883387,-0.352436905238888,0.0878581570063974,1,0,0,0,0,1,0,0,0,0,1,0,0,0,1,0,0,0,1,0,1,1,0,1,0,1,0,"No"
1.39153811983363,1.32060637005671,2.04780901700067,1,0,0,0,1,0,1,1,0,0,0,0,1,0,0,0,1,0,1,0,1,1,0,1,0,1,0,"No"
1.47324564210184,-1.48611100521531,-0.383268741607268,1,0,1,1,1,0,0,0,1,1,0,1,0,1,0,1,0,1,0,1,0,0,1,0,0,0,0,"No"
-0.528588653469168,0.671365696061401,-0.261668297444831,1,0,0,0,1,0,1,1,0,0,1,0,0,0,1,0,0,0,0,0,0,0,0,1,0,1,0,"No"
-1.1413950704807,-1.49276988392295,-0.959413197923298,1,0,0,0,1,0,0,0,1,1,0,1,0,1,0,1,0,1,0,1,0,0,0,0,0,0,1,"No"
1.55495316437004,1.63357366931598,2.52607453786052,0,0,0,0,1,0,1,1,0,0,1,0,1,0,1,0,1,0,1,0,1,0,1,1,0,0,0,"No"
-1.26395635388301,-0.655415886436698,-0.974222513638978,1,0,0,0,1,0,0,0,0,0,0,0,0,0,0,0,0,0,0,0,0,0,0,1,0,0,1,"No"
-0.977980025944292,0.355068957448304,-0.738426283171944,0,0,0,0,1,0,1,1,0,0,0,0,0,0,0,0,0,0,0,0,0,0,0,1,0,1,0,"No"
0.860439225090306,-1.33129207526258,-0.427031599725163,1,0,0,0,1,0,1,0,1,1,0,1,0,1,0,1,0,1,0,1,0,0,1,0,0,0,1,"No"
0.778731702822102,-1.31797431784729,-0.43514568588076,1,1,0,0,1,0,1,0,1,1,0,1,0,1,0,1,0,1,0,1,0,1,0,0,0,0,0,"No"
1.14641555302902,1.53202576902441,1.92643026918128,1,0,1,1,1,0,1,1,0,0,1,0,0,0,1,0,1,0,1,0,1,0,1,1,0,1,0,"No"
-1.1822488316148,-0.708686916097851,-0.939305339608743,1,0,0,0,1,0,0,0,0,0,0,0,0,0,0,0,0,0,0,0,0,0,0,1,0,1,0,"Yes"
0.451901613749285,0.674695135415223,0.622301531194889,1,1,0,0,1,0,1,1,0,0,0,0,0,0,0,0,0,0,1,0,0,0,0,1,0,1,0,"No"
-0.651149936871475,-1.49776404295368,-0.854706015101203,0,0,1,0,1,0,0,0,1,1,0,1,0,1,0,1,0,1,0,1,0,0,0,0,0,0,1,"No"
1.02385426962672,-0.37074882168491,0.359547025413083,0,0,1,1,1,0,0,0,0,0,1,0,1,0,0,0,0,0,0,0,0,1,0,0,0,1,0,"No"
0.206779046944671,-1.49110516424604,-0.693931827121988,1,0,1,1,1,0,0,0,1,1,0,1,0,1,0,1,0,1,0,1,0,1,0,0,1,0,0,"No"
0.737877941688,1.01429794950508,1.17348297928359,0,1,1,0,1,0,1,1,0,0,0,0,1,0,1,0,0,0,1,0,0,0,0,1,0,1,0,"Yes"
-1.1005413093466,-0.473961441653394,-0.888935930467985,1,1,0,0,1,0,0,0,0,0,0,0,0,0,1,0,0,0,0,0,0,0,0,0,0,1,0,"Yes"
-0.651149936871475,-1.49443460359986,-0.842313189524757,1,0,0,0,1,0,0,0,1,1,0,1,0,1,0,1,0,1,0,1,0,0,0,1,0,0,1,"Yes"
-1.22310259274891,0.320109844233172,-0.932011529922428,1,1,1,0,1,0,0,1,0,0,0,0,0,0,1,0,0,0,0,0,0,0,0,1,0,1,0,"No"
-0.610296175737372,0.146978997834424,-0.502851749047959,0,0,0,0,1,0,1,0,0,0,0,0,0,0,1,0,1,0,1,0,0,0,0,1,0,0,1,"No"
-0.651149936871475,-1.50608764133824,-0.863086136868459,0,0,0,0,1,0,0,0,1,1,0,1,0,1,0,1,0,1,0,1,0,1,0,0,1,0,0,"No"
-0.896272503676088,-1.49110516424604,-0.906228245225816,0,0,0,0,1,0,0,0,1,1,0,1,0,1,0,1,0,1,0,1,0,1,0,1,0,0,1,"No"
1.30983059756543,1.4854136180709,1.99484576064624,1,0,1,1,1,0,1,1,0,0,0,0,1,0,1,0,1,0,1,0,1,0,1,1,1,0,0,"No"
-1.26395635388301,0.484917092247365,-0.959036314140114,0,0,0,0,1,0,1,1,0,0,0,0,1,0,0,0,0,0,0,0,0,0,0,1,0,0,1,"No"
-0.120051042128146,-0.30748947396229,-0.268319187736304,1,0,1,1,0,1,0,0,0,0,1,0,1,0,1,0,1,0,0,0,1,1,0,1,1,0,0,"No"
1.63666068663825,1.3655538013333,2.36745080440888,1,0,1,0,1,0,1,1,0,0,1,0,1,0,1,0,1,0,0,0,1,0,1,0,0,0,0,"No"
-0.0383435198599417,0.9726799575823,0.344693370428793,1,0,1,0,1,0,1,1,0,0,0,0,1,0,1,0,0,0,1,0,0,0,0,0,0,1,0,"Yes"
0.737877941688,1.03593930530492,1.10300571182828,0,0,0,0,1,0,1,1,0,0,0,0,0,0,0,0,0,0,1,0,1,0,0,1,0,1,0,"No"
1.59580692550415,0.619759386077159,1.72213708906153,1,0,1,0,1,0,1,0,0,0,1,0,0,0,1,0,1,0,1,0,1,0,1,0,0,1,0,"No"
1.55495316437004,0.847825981813972,1.81405239288969,1,1,1,0,1,0,1,0,0,0,1,0,1,0,1,0,1,0,1,0,1,0,1,0,1,0,0,"No"
1.59580692550415,1.10086337270445,1.97121293047721,1,0,0,0,1,0,1,1,0,0,1,0,0,0,0,0,1,0,0,0,1,1,0,0,1,0,0,"No"
1.18726931416312,0.115349323973114,0.849606791723143,1,0,1,1,1,0,0,0,0,0,1,0,1,0,1,0,1,0,0,0,0,0,1,1,0,0,0,"No"
0.00251024127416045,1.05258650207403,0.417365431680291,1,0,0,0,1,0,0,1,0,0,0,0,0,0,0,0,1,0,1,0,1,0,0,1,0,1,0,"Yes"
-1.26395635388301,0.499899569339564,-0.95883678743137,0,0,0,1,1,0,0,1,0,0,0,0,0,0,0,0,0,0,0,0,1,0,0,1,0,1,0,"Yes"
-0.487734892335066,0.688012892830512,-0.225066231207423,1,0,0,0,1,0,1,1,0,0,0,0,0,0,0,0,0,0,1,0,0,0,0,1,0,1,0,"Yes"
-1.0596875482125,-1.50275820198442,-0.94380577537264,1,0,1,1,1,0,0,0,1,1,0,1,0,1,0,1,0,1,0,1,0,1,0,0,0,0,1,"No"
0.0433640024082626,-0.170982460455585,-0.158490819389775,0,1,0,0,0,1,0,0,0,0,1,0,1,0,1,0,0,0,1,0,1,0,0,1,0,0,0,"No"
-0.160904803262248,0.919408927921146,0.14456808155836,1,0,1,1,1,0,1,1,0,0,0,0,0,0,0,0,0,0,1,0,1,1,0,0,0,0,0,"No"
-0.201758564396351,-1.48944044456913,-0.785736282778624,1,0,0,0,1,0,0,0,1,1,0,1,0,1,0,1,0,1,0,1,0,0,1,0,1,0,0,"No"
-1.01883378707839,-0.688710279974919,-0.870690321435044,1,0,0,0,1,0,0,0,0,0,0,0,0,0,0,0,0,0,0,0,0,0,0,0,0,0,1,"No"
-1.1005413093466,0.839502383429416,-0.771281681211822,1,1,0,0,1,0,1,1,0,0,0,0,1,0,0,0,0,0,0,0,1,0,0,1,0,1,0,"Yes"
-0.0791972809940439,0.862808458906171,0.156850058963281,1,1,0,0,1,0,1,1,0,0,1,0,0,0,0,0,0,0,0,0,1,0,0,1,1,0,0,"No"
1.26897683643133,0.86114373922926,1.5888532476204,1,0,0,0,1,0,1,1,0,0,0,0,1,0,0,0,0,0,0,0,1,1,0,0,1,0,0,"No"
-1.26395635388301,-0.460643684238106,-0.971628666425304,1,0,0,0,1,0,0,0,0,0,0,0,1,0,0,0,0,0,0,0,0,0,0,1,0,1,0,"Yes"
0.860439225090306,0.666371537030668,0.978855759720774,0,0,0,1,1,0,1,0,0,0,0,0,1,0,1,0,1,0,1,0,1,1,0,1,0,1,0,"No"
-0.732857459139679,0.834508224398683,-0.458357292998002,0,0,1,1,1,0,0,1,0,0,0,0,1,0,0,0,1,0,0,0,1,0,0,1,1,0,0,"Yes"
-0.610296175737372,-1.48611100521531,-0.856413076942681,1,0,0,0,1,0,0,0,1,1,0,1,0,1,0,1,0,1,0,1,0,1,0,0,0,0,1,"No"
-0.651149936871475,-1.46779908876929,-0.86530310029895,1,0,1,1,1,0,0,0,1,1,0,1,0,1,0,1,0,1,0,1,0,0,1,0,0,0,1,"No"
0.125071524676467,-0.0827523175792998,-0.0647354359143057,0,0,0,0,1,0,0,0,0,0,0,0,0,0,1,0,0,0,0,0,1,0,0,1,0,1,0,"No"
-0.160904803262248,-1.4994287626306,-0.753013902544576,0,0,1,1,1,0,0,0,1,1,0,1,0,1,0,1,0,1,0,1,0,0,0,1,0,0,0,"No"
-1.26395635388301,-1.47279324780002,-0.98510780408269,0,0,0,0,1,0,0,0,1,1,0,1,0,1,0,1,0,1,0,1,0,0,0,1,0,0,1,"No"
1.10556179189492,-0.429014010376796,0.338618890629247,1,0,0,0,0,1,0,0,0,0,0,0,0,0,0,0,1,0,1,0,1,0,0,1,0,1,0,"No"
1.63666068663825,-1.37457478686227,-0.27443800680446,0,0,1,1,1,0,1,0,1,1,0,1,0,1,0,1,0,1,0,1,0,1,0,1,0,0,0,"No"
0.165925285810569,0.027119181096829,0.113641441703009,1,0,0,0,1,0,0,0,0,0,0,0,1,0,0,0,1,0,0,0,1,1,0,1,0,0,1,"Yes"
0.329340330346978,0.0171308630353624,0.152482641005213,0,0,0,0,1,0,0,0,0,0,1,0,1,0,0,0,0,0,1,0,0,0,0,0,0,0,1,"No"
-0.93712626481019,0.276827132633485,-0.705304849520407,0,0,0,1,1,0,0,0,0,0,0,0,0,0,1,0,1,0,1,0,1,0,0,1,0,0,1,"Yes"
1.26897683643133,0.330098162294638,1.07853043555565,1,0,1,1,1,0,0,0,0,0,1,0,1,0,1,0,1,0,1,0,0,0,1,0,1,0,0,"No"
-1.1822488316148,0.529864523523963,-0.891108554629867,0,0,0,0,1,0,0,1,0,0,0,0,0,0,0,0,0,0,1,0,0,0,0,1,0,1,0,"No"
0.329340330346978,-0.142682225948097,0.0915161466667078,1,0,1,1,0,1,0,0,0,0,0,0,1,0,1,0,1,0,1,0,1,1,0,0,0,0,1,"No"
-0.977980025944292,0.346745359063749,-0.702334118523549,1,0,1,0,1,0,0,1,0,0,1,0,0,0,0,0,0,0,0,0,0,0,0,1,0,0,1,"No"
0.0842177635423648,0.851155421167794,0.393156191019328,1,1,1,0,1,0,0,1,0,0,1,0,0,0,0,0,1,0,1,0,0,1,0,0,0,0,1,"No"
0.737877941688,-1.48944044456913,-0.575967202985556,0,0,1,0,1,0,0,0,1,1,0,1,0,1,0,1,0,1,0,1,0,1,0,1,0,0,0,"No"
-1.22310259274891,0.721307286368733,-0.913588563815047,0,0,0,0,1,0,0,1,0,0,1,0,1,0,0,0,1,0,0,0,0,0,0,1,0,1,0,"Yes"
-1.26395635388301,-0.630445091283032,-0.973889969124405,0,0,0,0,1,0,0,0,0,0,0,0,0,0,0,0,0,0,0,0,0,0,0,1,0,1,0,"Yes"
-0.977980025944292,0.183602830726466,-0.749666287764534,1,0,0,0,1,0,0,1,0,0,0,0,0,0,0,0,0,0,0,0,0,0,0,1,0,0,1,"Yes"
-1.1822488316148,-0.30748947396229,-0.920882373501362,0,0,0,0,1,0,0,0,0,0,1,0,1,0,0,0,0,0,0,0,0,0,0,0,0,1,0,"Yes"
-0.283466086664555,1.03593930530492,0.0426764422929886,1,0,1,0,1,0,0,1,0,0,0,0,0,0,0,0,1,0,1,0,1,0,0,1,1,0,0,"No"
-1.26395635388301,-0.608803735483189,-0.973601763878441,1,1,0,0,1,0,0,0,0,0,0,0,0,0,0,0,0,0,0,0,0,0,0,0,0,1,0,"No"
0.533609136017489,0.55650003835454,0.575966995497625,0,0,1,1,1,0,1,0,0,0,1,0,1,0,1,0,1,0,1,0,0,0,0,0,0,0,1,"No"
0.942146747358511,-1.4844462855384,-0.512052147284497,0,0,1,1,1,0,0,0,1,1,0,1,0,1,0,1,0,1,0,1,0,0,0,0,1,0,0,"No"
0.247632808078774,0.0520899762504946,0.124282866169366,0,0,0,0,1,0,1,0,0,0,1,0,1,0,1,0,0,0,0,0,0,0,0,1,0,0,0,"No"
-1.22310259274891,-0.623786212575388,-0.958216037670833,1,0,0,0,1,0,0,0,0,0,0,0,0,0,0,0,0,0,0,0,0,0,0,0,0,0,1,"Yes"
0.0842177635423648,-0.492273358099416,-0.225199249013252,1,0,0,0,1,0,0,0,0,0,0,0,1,0,0,0,0,0,0,0,0,0,0,1,0,1,0,"No"
-0.773711220273781,-0.314148352669934,-0.66473441874242,0,0,0,0,1,0,0,0,0,0,1,0,0,0,0,0,1,0,0,0,0,1,0,0,0,0,1,"No"
-0.814564981407883,1.18409935655,-0.477888740820629,0,0,0,0,1,0,1,1,0,0,0,0,0,0,1,0,0,0,1,0,1,0,0,1,0,0,0,"Yes"
-0.446881131200964,0.303462647464062,-0.30301466542349,1,0,0,0,1,0,1,1,0,0,0,0,0,0,0,0,0,0,0,0,0,0,0,1,0,1,0,"No"
0.942146747358511,-0.483949759714861,0.222294819431378,1,1,0,0,0,1,0,0,0,0,0,0,0,0,1,0,0,0,1,0,1,1,0,1,0,0,0,"No"
1.51409940323594,-0.144346945625008,0.80404819322655,1,0,1,0,0,1,0,0,0,0,1,0,0,0,1,0,1,0,1,0,1,0,1,0,0,0,0,"No"
0.615316658285693,-0.344113306854333,0.131288470609718,1,0,1,1,1,0,1,0,0,0,0,0,1,0,0,0,0,0,0,0,0,0,0,0,0,1,0,"No"
1.63666068663825,0.689677612507423,1.72351160638843,0,0,1,1,1,0,0,0,0,0,1,0,1,0,1,0,1,0,1,0,1,0,1,0,0,0,0,"No"
0.0433640024082626,-0.485614479391772,-0.217816760789717,1,1,1,0,0,1,0,0,0,0,0,0,1,0,1,0,1,0,1,0,0,0,0,1,0,1,0,"No"
-1.22310259274891,-1.33795095397022,-0.977924842567899,0,0,1,1,0,1,0,0,0,0,0,0,0,0,0,0,0,0,0,0,0,0,0,1,0,0,1,"Yes"
1.63666068663825,0.87779093599837,1.95551682938933,0,0,1,1,1,0,1,0,0,0,1,0,1,0,1,0,1,0,1,0,1,0,1,0,1,0,0,"No"
1.59580692550415,-1.48944044456913,-0.382426295503682,0,0,1,0,1,0,0,0,1,1,0,1,0,1,0,1,0,1,0,1,0,0,1,0,1,0,0,"No"
-0.365173608932759,-0.309154193639201,-0.424725957757452,1,0,0,1,1,0,0,0,0,0,0,0,1,0,0,0,1,0,0,0,0,0,0,1,0,0,0,"No"
-0.651149936871475,-1.48111684618457,-0.8628201012568,0,0,0,0,1,0,0,0,1,1,0,1,0,1,0,1,0,1,0,1,0,1,0,0,0,0,1,"No"
-0.93712626481019,0.163626194603534,-0.704484573051125,1,0,0,0,1,0,0,0,0,0,1,0,0,0,1,0,1,0,1,0,0,0,0,1,0,0,1,"No"
-0.610296175737372,-1.31298015881656,-0.811187022960662,1,0,1,1,1,0,1,0,1,1,0,1,0,1,0,1,0,1,0,1,0,0,1,1,0,0,1,"No"
-0.324319847798657,0.501564289016475,-0.138959371567148,0,0,1,0,1,0,1,1,0,0,0,0,0,0,1,0,0,0,0,0,0,0,0,1,0,0,1,"No"
-1.26395635388301,0.221891383295421,-0.96253911636029,0,1,0,0,1,0,0,1,0,0,0,0,0,0,0,0,0,0,0,0,0,0,0,1,0,1,0,"No"
1.63666068663825,1.63856782834672,2.48463949134464,1,1,0,0,1,0,1,1,0,0,1,0,1,0,1,0,1,0,1,0,1,0,1,0,0,0,0,"No"
-0.855418742541986,-1.49443460359986,-0.898269346510353,0,0,0,1,1,0,0,0,1,1,0,1,0,1,0,1,0,1,0,1,0,0,0,0,1,0,0,"No"
-1.22310259274891,-0.480620320361038,-0.943096347074883,0,1,1,0,1,0,0,0,0,0,0,0,1,0,0,0,0,0,0,0,0,0,0,0,1,0,0,"Yes"
-0.120051042128146,1.04259818401256,0.22307075663205,1,1,1,0,1,0,1,1,0,0,0,0,1,0,1,0,0,0,0,0,1,0,0,1,0,1,0,"Yes"
0.697024180553898,0.328433442617727,0.656132393144184,0,0,0,0,1,0,0,0,0,0,0,0,0,0,1,0,1,0,1,0,1,0,1,1,0,0,0,"No"
-0.0791972809940439,1.31561221102597,0.389742067336372,0,1,0,0,1,0,1,1,0,0,0,0,1,0,1,0,0,0,1,0,1,0,0,1,0,1,0,"No"
0.860439225090306,-1.51607595939971,-0.554972559298805,0,0,1,0,1,0,0,0,1,1,0,1,0,1,0,1,0,1,0,1,0,1,0,0,1,0,0,"No"
0.288486569212876,-1.31797431784729,-0.548809400962039,1,0,0,1,1,0,1,0,1,1,0,1,0,1,0,1,0,1,0,1,0,0,1,0,0,0,1,"No"
-0.93712626481019,-1.51607595939971,-0.924229988281404,0,0,0,0,1,0,0,0,1,1,0,1,0,1,0,1,0,1,0,1,0,0,0,0,0,0,1,"No"
-0.977980025944292,0.170285073311178,-0.740133345013422,1,1,0,0,1,0,0,1,0,0,0,0,0,0,0,0,0,0,0,0,0,0,0,1,0,1,0,"No"
0.778731702822102,0.851155421167794,1.0254563310297,0,0,1,1,1,0,1,1,0,0,0,0,0,0,1,0,0,0,0,0,1,1,0,1,0,1,0,"No"
1.59580692550415,-1.30632128010891,-0.174940688044019,1,0,1,1,1,0,1,0,1,1,0,1,0,1,0,1,0,1,0,1,0,0,1,0,1,0,0,"No"
1.59580692550415,-1.32962735558567,-0.210766817080755,1,1,0,0,1,0,1,0,1,1,0,1,0,1,0,1,0,1,0,1,0,0,1,1,0,0,1,"No"
0.247632808078774,-0.152670544009564,-0.0216820060941684,1,0,1,0,0,1,0,0,0,0,1,0,1,0,0,0,1,0,1,0,1,0,1,1,0,0,0,"No"
0.697024180553898,-0.492273358099416,0.0693021730931869,1,1,1,0,1,0,0,0,0,0,0,0,1,0,0,0,0,0,0,0,0,0,1,0,0,0,1,"No"
0.206779046944671,-1.34793927203169,-0.611992858731036,0,0,1,1,1,0,1,0,1,1,0,1,0,1,0,1,0,1,0,1,0,0,1,1,0,0,0,"No"
-0.896272503676088,-0.344113306854333,-0.735632909249525,0,0,0,0,1,0,0,0,0,0,0,0,0,0,1,0,1,0,0,0,0,0,0,0,0,1,0,"No"
0.778731702822102,0.76458999796842,0.990450478462243,0,0,0,0,1,0,0,1,0,0,0,0,0,0,0,0,0,0,1,0,1,1,0,0,1,0,0,"No"
-0.93712626481019,0.792890232475908,-0.644471372987731,0,0,0,0,1,0,0,1,0,0,0,0,0,0,0,0,0,0,1,0,1,0,0,1,0,0,1,"No"
-1.1413950704807,-0.458978964561195,-0.904432504847118,1,0,0,0,1,0,0,0,0,0,0,0,0,0,0,0,1,0,0,0,0,0,0,1,0,0,1,"No"
1.59580692550415,1.14581080398105,2.10722363693783,1,0,1,0,1,0,1,1,0,0,1,0,1,0,1,0,0,0,1,0,0,0,1,1,0,1,0,"No"
0.737877941688,0.659712658323024,0.830939959638407,0,0,1,1,1,0,1,1,0,0,0,0,0,0,0,0,0,0,1,0,0,0,0,1,0,0,0,"Yes"
-0.324319847798657,1.06423953981241,0.00946633010423171,0,1,1,1,1,0,0,1,0,0,0,0,0,0,1,0,0,0,1,0,1,0,1,1,0,1,0,"No"
-0.406027370066861,-0.160994142394119,-0.384754107105697,1,0,1,0,1,0,0,0,0,0,1,0,0,0,0,0,0,0,1,0,0,1,0,1,0,0,0,"No"
0.0433640024082626,-1.34294511300096,-0.622346077951429,0,0,1,1,1,0,1,0,1,1,0,1,0,1,0,1,0,1,0,1,0,0,0,0,0,0,0,"No"
-1.26395635388301,0.35007479841757,-0.960832054518812,0,0,0,0,1,0,1,1,0,0,0,0,0,0,0,0,0,0,0,0,0,0,0,1,0,1,0,"Yes"
0.901292986224409,0.185267550403378,0.65336118885607,0,0,1,0,1,0,1,0,0,0,0,0,0,0,0,0,0,0,1,0,1,1,0,1,1,0,0,"Yes"
-1.26395635388301,-0.625450932252299,-0.97382346022149,0,0,0,0,1,0,0,0,0,0,0,0,0,0,0,0,0,0,0,0,0,0,0,0,0,1,0,"Yes"
-1.26395635388301,-1.46779908876929,-0.985041295179775,0,0,0,0,1,0,0,0,1,1,0,1,0,1,0,1,0,1,0,1,0,0,0,0,0,0,1,"No"
-0.0791972809940439,0.193591148787933,-0.0875036503454493,1,0,0,0,1,0,0,0,0,0,1,0,1,0,0,0,1,0,1,0,0,1,0,0,0,1,0,"No"
-1.26395635388301,-1.13319043371017,-0.980585198684488,0,0,0,0,0,1,0,0,0,0,0,0,0,0,0,0,1,0,0,0,0,0,0,0,0,0,1,"No"
-0.651149936871475,0.676359855092135,-0.37415702190795,1,0,1,1,1,0,1,0,0,0,1,0,1,0,0,0,1,0,1,0,1,0,0,0,0,1,0,"No"
0.574462897151591,1.21239959105749,1.0809690953292,1,1,1,0,1,0,1,1,0,0,0,0,0,0,1,0,0,0,1,0,1,0,0,1,0,1,0,"Yes"
-1.26395635388301,0.150308437188246,-0.963492410635401,1,0,0,0,1,0,0,1,0,0,0,0,0,0,0,0,0,0,0,0,0,0,0,1,0,1,0,"Yes"
1.59580692550415,-0.335789708469778,0.681095401371513,1,0,1,0,1,0,0,0,0,0,1,0,0,0,0,0,1,0,0,0,0,0,1,0,0,0,0,"No"
0.451901613749285,0.358398396802126,0.40761079258613,1,0,0,0,1,0,1,1,0,0,0,0,0,0,0,0,0,0,0,0,0,0,0,1,1,0,0,"No"
0.737877941688,-0.670398363528897,-0.0237881213531349,1,0,1,0,0,1,0,0,0,0,1,0,0,0,0,0,1,0,1,0,0,1,0,1,0,0,0,"No"
-0.528588653469168,1.17910519751927,-0.156717248645382,1,0,1,1,1,0,0,1,0,0,0,0,1,0,0,0,1,0,1,0,1,1,0,0,0,0,0,"Yes"
-1.26395635388301,0.218561943941599,-0.9625834556289,0,1,0,0,1,0,0,1,0,0,0,0,0,0,0,0,0,0,0,0,0,0,0,1,0,1,0,"Yes"
-1.1822488316148,0.151973156865157,-0.889933564011706,0,0,1,1,1,0,1,0,0,0,0,0,1,0,1,0,0,0,1,0,0,0,0,1,0,0,0,"No"
0.206779046944671,0.00214838594316341,0.0468886728109217,0,0,0,0,1,0,1,0,0,0,1,0,0,0,0,0,0,0,1,0,0,1,0,0,0,0,0,"No"
0.00251024127416045,1.14081664495031,0.375775197724278,0,0,1,1,1,0,1,1,0,0,0,0,1,0,0,0,0,0,1,0,1,0,0,1,0,1,0,"No"
-1.0596875482125,-0.513914713899259,-0.87406010584939,0,0,1,0,1,0,0,0,0,0,0,0,0,0,0,0,1,0,0,0,0,0,0,1,0,1,0,"Yes"
0.00251024127416045,0.832843504721772,0.292506051275032,0,0,1,1,1,0,1,1,0,0,1,0,0,0,0,0,0,0,1,0,0,0,0,0,0,1,0,"No"
-0.0791972809940439,0.1885969897572,-0.0191546677834084,0,0,1,0,1,0,0,0,0,0,0,0,1,0,1,0,1,0,0,0,1,1,0,0,0,0,0,"No"
-0.487734892335066,-1.50442292166133,-0.828080284301005,1,0,0,1,1,0,0,0,1,1,0,1,0,1,0,1,0,1,0,1,0,0,0,1,0,1,0,"Yes"
-0.487734892335066,0.484917092247365,-0.319774908958003,0,1,0,0,1,0,1,1,0,0,1,0,0,0,0,0,0,0,0,0,0,0,0,1,0,1,0,"Yes"
-0.93712626481019,-1.48111684618457,-0.909775386714602,1,0,0,1,1,0,0,0,1,1,0,1,0,1,0,1,0,1,0,1,0,1,0,0,0,0,1,"No"
1.51409940323594,-0.106058393056054,0.805976951411078,0,0,1,1,1,0,1,0,0,0,1,0,0,0,0,0,1,0,0,0,0,0,1,0,1,0,0,"No"
1.51409940323594,-1.48777572489222,-0.392579988015331,1,0,1,1,1,0,0,0,1,1,0,1,0,1,0,1,0,1,0,1,0,0,1,0,0,0,0,"No"
-0.855418742541986,-1.47112852812311,-0.891507608047355,1,0,0,0,1,0,0,0,1,1,0,1,0,1,0,1,0,1,0,1,0,0,1,0,0,0,1,"No"
-1.26395635388301,-0.460643684238106,-0.971628666425304,1,0,0,0,1,0,1,0,0,0,0,0,0,0,0,0,0,0,0,0,0,0,0,0,0,0,1,"No"
-0.896272503676088,-1.4694638084462,-0.88665245813458,1,0,1,1,1,0,0,0,1,1,0,1,0,1,0,1,0,1,0,1,0,1,0,0,0,0,1,"No"
0.574462897151591,0.526535084170141,0.604388466676521,1,1,1,0,1,0,0,1,0,0,0,0,0,0,0,0,0,0,0,0,1,0,0,1,0,1,0,"Yes"
1.51409940323594,-0.160994142394119,0.810433047906365,1,0,1,1,1,0,0,0,0,0,1,0,1,0,1,0,0,0,0,0,0,0,1,1,0,0,0,"No"
-0.855418742541986,0.463275736447521,-0.606516959057723,1,1,0,0,1,0,0,1,0,0,0,0,0,0,0,0,0,0,0,0,1,0,0,1,0,1,0,"No"
-0.855418742541986,1.24569398459571,-0.48629103222219,0,0,1,0,1,0,1,1,0,0,0,0,1,0,0,0,0,0,1,0,1,0,0,1,0,1,0,"Yes"
1.02385426962672,1.16745215978089,1.44322091987144,0,0,1,0,1,0,1,1,0,0,1,0,0,0,0,0,0,0,1,0,1,0,0,1,0,1,0,"No"
-0.160904803262248,-1.54271147423028,-0.757048775988069,1,0,0,0,1,0,0,0,1,1,0,1,0,1,0,1,0,1,0,1,0,1,0,0,1,0,0,"No"
-0.365173608932759,-0.796917058974136,-0.574060614435333,1,0,0,1,0,1,0,0,0,0,1,0,1,0,0,0,1,0,0,0,0,1,0,0,0,0,0,"No"
-0.56944241460327,-1.4694638084462,-0.835839656307723,0,0,1,1,1,0,0,0,1,1,0,1,0,1,0,1,0,1,0,1,0,0,0,0,0,0,1,"No"
1.22812307529723,-1.32463319655494,-0.339572392392288,1,0,1,1,1,0,1,0,1,1,0,1,0,1,0,1,0,1,0,1,0,1,0,0,0,0,0,"No"
-1.26395635388301,0.206908906203221,-0.962738643069034,0,0,0,0,1,0,0,1,0,0,0,0,0,0,0,0,0,0,0,0,0,0,0,1,0,0,1,"Yes"
-0.651149936871475,0.814531588275751,-0.351832200162904,1,0,0,0,1,0,1,1,0,0,0,0,0,0,0,0,1,0,0,0,1,0,0,1,1,0,0,"Yes"
1.22812307529723,-1.48278156586148,-0.46132802399486,1,0,0,0,1,0,0,0,1,1,0,1,0,1,0,1,0,1,0,1,0,0,1,1,1,0,0,"No"
1.02385426962672,1.32892996844126,1.63135243658292,0,0,1,0,1,0,1,1,0,0,0,0,1,0,1,0,0,0,1,0,1,0,0,1,1,0,0,"Yes"
-1.22310259274891,0.173614512665,-0.929107307828484,1,0,0,0,1,0,0,1,0,0,0,0,0,0,0,0,0,0,0,0,0,0,0,1,0,1,0,"No"
-0.365173608932759,0.418328305170923,-0.214025753323577,0,0,1,1,1,0,1,0,0,0,1,0,0,0,1,0,1,0,1,0,0,0,1,1,0,0,0,"No"
-0.283466086664555,-0.983365662788173,-0.619707891469145,0,0,0,1,0,1,0,0,0,0,1,0,0,0,0,0,1,0,0,0,0,0,1,0,0,0,0,"No"
1.63666068663825,1.44878978517886,2.45282606611709,0,1,0,0,1,0,1,1,0,0,0,0,1,0,1,0,1,0,1,0,1,0,1,1,0,0,0,"No"
-1.22310259274891,0.648059620584647,-0.934694055673322,0,0,1,0,1,0,1,1,0,0,0,0,0,0,0,0,0,0,1,0,0,0,0,1,0,1,0,"No"
-0.977980025944292,-1.47778740683075,-0.931634646139244,0,0,0,0,1,0,0,0,1,1,0,1,0,1,0,1,0,1,0,1,0,1,0,1,0,0,0,"No"
0.125071524676467,-0.512249994222348,-0.239631680945749,1,0,0,0,0,1,0,0,0,0,0,0,0,0,1,0,0,0,1,0,1,0,0,0,0,1,0,"No"
-0.324319847798657,-1.33129207526258,-0.731354169828677,1,0,0,0,1,0,1,0,1,1,0,1,0,1,0,1,0,1,0,1,0,1,0,0,0,1,0,"No"
-1.22310259274891,0.235209140710709,-0.933940288106955,0,0,1,1,1,0,0,1,0,0,0,0,0,0,0,0,0,0,0,0,0,0,0,1,0,1,0,"No"
1.63666068663825,1.34224772585655,2.43446960891263,1,0,1,1,1,0,1,1,0,0,1,0,1,0,1,0,1,0,0,0,1,0,1,1,1,0,0,"No"
0.37019409148108,1.3955187555177,0.904653993702237,0,0,0,0,1,0,1,1,0,0,1,0,1,0,1,0,1,0,1,0,0,0,0,1,0,1,0,"No"
-0.242612325530453,0.363392555832859,-0.099320065429967,1,0,0,0,1,0,0,1,0,0,0,0,1,0,0,0,0,0,0,0,0,1,0,0,0,0,0,"No"
-1.01883378707839,0.987662434674499,-0.697501138245078,1,0,0,0,1,0,0,1,0,0,0,0,1,0,0,0,0,0,1,0,1,0,0,1,0,1,0,"Yes"
-1.26395635388301,0.145314278157513,-0.963558919538316,0,0,1,0,1,0,0,1,0,0,0,0,0,0,0,0,0,0,0,0,0,0,0,1,0,1,0,"Yes"
-1.1413950704807,-0.202612134316895,-0.894433999775603,0,0,1,1,1,0,1,0,0,0,0,0,1,0,0,0,1,0,0,0,0,0,0,1,0,0,1,"No"
0.656170419419795,0.47659349386281,0.678124670374655,1,0,0,0,1,0,0,0,0,0,0,0,1,0,1,0,1,0,1,0,1,0,1,0,1,0,0,"No"
-1.22310259274891,0.97434467725921,-0.906893334254963,1,1,0,0,1,0,1,1,0,0,0,0,0,0,0,0,0,0,1,0,1,0,0,1,0,1,0,"Yes"
0.942146747358511,-0.17930605884014,0.414017816900249,1,0,0,0,1,0,0,0,0,0,1,0,0,0,1,0,1,0,0,0,0,0,1,1,0,1,0,"No"
-1.26395635388301,-1.17980258466368,-0.981205948445025,1,0,0,0,0,1,0,0,0,0,0,0,0,0,0,0,1,0,0,0,0,0,0,0,0,0,1,"No"
-1.1822488316148,0.300133208110239,-0.891042045726952,1,0,0,0,1,0,0,1,0,0,0,0,0,0,1,0,0,0,0,0,0,0,0,1,1,0,0,"No"
-0.692003698005577,-0.518908872929992,-0.661918875185696,1,0,0,0,1,0,1,0,0,0,0,0,0,0,0,0,0,0,0,0,0,0,0,1,0,1,0,"No"
-1.1413950704807,0.52487036449323,-0.857831933538195,1,0,1,0,1,0,0,1,0,0,0,0,0,0,0,0,0,0,1,0,0,0,0,1,0,1,0,"Yes"
-0.855418742541986,-1.31131543913965,-0.88543312824781,0,0,0,0,1,0,1,0,1,1,0,1,0,1,0,1,0,1,0,1,0,1,0,0,0,1,0,"No"
-1.26395635388301,-0.292506996870091,-0.969389533360508,0,1,0,0,1,0,0,0,0,0,1,0,0,0,1,0,0,0,0,0,0,0,0,1,0,1,0,"Yes"
1.63666068663825,1.54201408708588,2.65980177198774,1,0,1,0,1,0,1,1,0,0,1,0,0,0,1,0,1,0,1,0,1,0,1,1,1,0,0,"No"
0.329340330346978,-1.27802104560143,-0.516375225973954,0,0,1,1,1,0,1,0,1,1,0,1,0,1,0,1,0,1,0,1,0,0,0,1,0,1,0,"No"
1.02385426962672,-1.48777572489222,-0.499481964633612,0,0,1,0,1,0,0,0,1,1,0,1,0,1,0,1,0,1,0,1,0,0,1,0,0,0,0,"No"
-1.26395635388301,0.481587652893543,-0.959080653408724,1,0,0,0,1,0,0,1,0,0,0,0,0,0,0,0,0,0,1,0,0,0,0,1,0,1,0,"Yes"
-1.26395635388301,1.01263322982816,-0.952008540065458,1,0,1,0,1,0,0,1,0,0,1,0,0,0,0,0,0,0,1,0,1,0,0,1,0,1,0,"Yes"
0.819585463956204,0.54151756126234,0.814711787327213,1,1,1,1,1,0,1,0,0,0,0,0,1,0,1,0,0,0,1,0,1,1,0,1,0,1,0,"No"
0.37019409148108,1.12583416785812,0.86268687596304,1,1,0,0,1,0,1,1,0,0,0,0,0,0,1,0,0,0,1,0,1,0,0,1,0,1,0,"Yes"
0.451901613749285,-0.274195080424069,0.0660875761189748,1,0,1,0,1,0,0,0,0,0,0,0,0,0,0,0,0,0,1,0,0,1,0,1,0,0,1,"No"
0.615316658285693,-1.50775236101515,-0.599289658274322,0,0,1,1,1,0,0,0,1,1,0,1,0,1,0,1,0,1,0,1,0,0,1,0,0,0,0,"No"
-1.1822488316148,-0.472296721976483,-0.933275199077808,1,0,0,0,1,0,1,0,0,0,0,0,0,0,0,0,0,0,0,0,0,0,0,0,0,0,0,"No"
0.942146747358511,-0.310818913316112,0.389209996113054,1,0,1,1,1,0,0,0,0,0,0,0,0,0,1,0,1,0,0,0,0,0,1,1,1,0,0,"No"
1.39153811983363,1.35223604391802,2.08161770931566,0,0,1,0,1,0,1,1,0,0,0,0,1,0,1,0,0,0,1,0,1,0,0,1,0,1,0,"No"
0.125071524676467,1.22571734847278,0.556103003160425,1,1,0,0,1,0,1,1,0,0,0,0,0,0,1,0,0,0,1,0,1,0,0,1,0,1,0,"Yes"
-0.896272503676088,0.839502383429416,-0.588736912345184,1,1,1,0,1,0,1,1,0,0,0,0,0,0,1,0,0,0,0,0,1,0,0,1,0,1,0,"Yes"
1.06470803076082,1.02262154788963,1.58539478466884,0,0,0,0,1,0,0,1,0,0,0,0,0,0,0,0,1,0,1,0,1,0,0,1,0,1,0,"No"
0.901292986224409,1.50372553451692,1.71508714535257,1,0,1,0,1,0,0,1,0,0,1,0,1,0,1,0,1,0,1,0,1,0,1,0,0,0,0,"Yes"
-0.93712626481019,-1.48944044456913,-0.914852232970427,1,0,0,0,1,0,0,0,1,1,0,1,0,1,0,1,0,1,0,1,0,0,0,0,0,0,1,"No"
-1.22310259274891,-1.50775236101515,-0.981582832228209,1,0,0,0,1,0,0,0,1,1,0,1,0,1,0,1,0,1,0,1,0,1,0,0,1,0,0,"Yes"
-1.0596875482125,0.150308437188246,-0.801255026792062,1,0,0,0,1,0,0,1,0,0,0,0,0,0,0,0,0,0,0,0,0,0,0,1,0,1,0,"No"
-0.93712626481019,-1.47612268715384,-0.911593296727605,0,0,0,0,1,0,0,0,1,1,0,1,0,1,0,1,0,1,0,1,0,0,0,0,0,0,1,"No"
-0.814564981407883,0.561494197385273,-0.58975671552321,1,0,0,0,1,0,0,1,0,0,0,0,0,0,0,0,0,0,1,0,0,0,0,1,0,1,0,"No"
-0.692003698005577,-0.51557943357617,-0.692823345406742,0,0,0,0,1,0,1,0,0,0,0,0,0,0,0,0,0,0,0,0,0,0,0,1,0,1,0,"Yes"
0.451901613749285,0.519876205462497,0.593924399284603,1,0,1,0,1,0,1,0,0,0,1,0,0,0,1,0,0,0,1,0,1,1,0,1,0,1,0,"No"
1.39153811983363,0.87779093599837,1.63520995295197,0,0,0,1,1,0,1,1,0,0,1,0,0,0,1,0,1,0,0,0,0,0,1,1,1,0,0,"No"
-0.56944241460327,0.694671771538156,-0.326447968883781,0,1,0,0,1,0,1,1,0,0,0,0,1,0,0,0,1,0,0,0,0,0,0,1,0,1,0,"Yes"
-1.26395635388301,-1.4844462855384,-0.985262991522824,1,0,0,0,1,0,0,0,1,1,0,1,0,1,0,1,0,1,0,1,0,0,0,0,0,0,1,"No"
1.18726931416312,0.982668275643766,1.50585013678282,1,0,1,0,1,0,1,1,0,0,0,0,1,0,0,0,1,0,1,0,0,0,1,1,0,1,0,"Yes"
-0.896272503676088,0.508223167724119,-0.640636026252981,1,0,0,0,1,0,1,1,0,0,0,0,1,0,0,0,0,0,0,0,0,0,0,0,0,1,0,"No"
-1.1822488316148,-1.50775236101515,-0.969877265315216,0,0,1,1,1,0,0,0,1,1,0,1,0,1,0,1,0,1,0,1,0,0,0,0,0,0,1,"No"
0.737877941688,-1.47945212650766,-0.555593309059342,1,0,0,0,1,0,0,0,1,1,0,1,0,1,0,1,0,1,0,1,0,1,0,0,1,0,0,"No"
-1.26395635388301,-0.667068924175075,-0.974377701079113,1,0,1,1,1,0,0,0,0,0,0,0,0,0,0,0,0,0,0,0,0,0,0,0,0,1,0,"No"
-1.22310259274891,-0.337454428146689,-0.955422663748414,1,0,0,0,1,0,0,0,0,0,1,0,0,0,0,0,1,0,0,0,0,0,0,1,0,0,1,"No"
-0.610296175737372,-1.49609932327677,-0.838256146446959,1,0,0,0,1,0,0,0,1,1,0,1,0,1,0,1,0,1,0,1,0,1,0,1,0,0,0,"No"
1.63666068663825,0.802878550537374,1.79999684474038,1,0,1,0,1,0,1,0,0,0,1,0,1,0,1,0,1,0,1,0,1,0,1,1,1,0,0,"No"
-1.1822488316148,0.321774563910083,-0.900885363358333,0,0,0,0,1,0,1,1,0,0,0,0,0,0,0,0,0,0,0,0,0,0,0,1,0,1,0,"Yes"
1.63666068663825,1.60860287416232,2.58027929373603,1,1,1,0,1,0,1,1,0,0,1,0,1,0,1,0,1,0,1,0,1,0,0,1,1,0,0,"No"
-1.26395635388301,0.320109844233172,-0.961231107936301,0,1,0,0,1,0,1,1,0,0,0,0,0,0,0,0,0,0,0,0,0,0,0,1,0,1,0,"Yes"
-1.0596875482125,0.981003555966855,-0.764120889331336,0,0,1,1,1,0,1,1,0,0,0,0,1,0,1,0,0,0,1,0,0,0,0,1,0,0,1,"No"
1.63666068663825,0.474928774185898,1.56120771364218,1,0,1,0,1,0,1,0,0,0,1,0,1,0,1,0,1,0,0,0,1,0,1,0,0,0,0,"No"
-1.30481011501711,-1.30632128010891,-0.994130845244789,1,0,1,1,1,0,1,0,1,1,0,1,0,1,0,1,0,1,0,1,0,0,1,0,0,0,1,"No"
-1.22310259274891,-1.4694638084462,-0.97870077976857,0,0,0,0,1,0,0,0,1,1,0,1,0,1,0,1,0,1,0,1,0,1,0,0,0,0,1,"No"
1.35068435869953,-1.50608764133824,-0.408874669229441,0,0,1,0,1,0,0,0,1,1,0,1,0,1,0,1,0,1,0,1,0,0,1,0,0,0,0,"No"
0.451901613749285,1.21239959105749,0.951653618428648,1,1,1,0,1,0,1,1,0,0,0,0,1,0,0,0,0,0,1,0,1,0,0,1,0,1,0,"Yes"
-1.1413950704807,1.18576407622691,-0.807817238546316,1,0,1,0,1,0,1,1,0,0,0,0,1,0,0,0,0,0,1,0,1,0,0,1,0,1,0,"Yes"
-0.283466086664555,0.814531588275751,-0.0286654409002154,1,1,1,0,1,0,1,1,0,0,1,0,0,0,0,0,0,0,0,0,1,1,0,1,0,1,0,"Yes"
0.778731702822102,0.468269895478255,0.757647148626371,0,0,1,0,1,0,1,0,0,0,0,0,1,0,0,0,1,0,1,0,1,1,0,1,1,0,0,"No"
-0.814564981407883,0.338421760679193,-0.627422924207254,1,0,0,0,1,0,1,0,0,0,0,0,0,0,1,0,0,0,1,0,1,0,0,0,0,0,0,"No"
1.02385426962672,0.183602830726466,0.740997753263383,0,0,1,1,1,0,0,0,0,0,1,0,0,0,0,0,0,0,1,0,1,1,0,1,0,0,0,"Yes"
-0.324319847798657,-1.48777572489222,-0.757580847211387,0,0,1,1,1,0,0,0,1,1,0,1,0,1,0,1,0,1,0,1,0,1,0,0,0,0,1,"No"
1.30983059756543,-0.207606293347628,0.671451610448877,0,0,1,0,1,0,1,0,0,0,0,0,0,0,1,0,1,0,0,0,0,1,0,0,0,0,0,"No"
-1.1413950704807,1.36721852101022,-0.797308831885788,0,0,0,0,1,0,0,1,0,0,0,0,1,0,1,0,1,0,1,0,1,1,0,1,0,1,0,"Yes"
-0.692003698005577,-1.48278156586148,-0.868074304587064,0,0,1,1,1,0,0,0,1,1,0,1,0,1,0,1,0,1,0,1,0,0,0,0,0,0,1,"No"
1.30983059756543,-1.29633296204745,-0.222272857285004,1,1,1,0,1,0,1,0,1,1,0,1,0,1,0,1,0,1,0,1,0,0,1,0,1,0,0,"No"
-0.896272503676088,-1.4844462855384,-0.906073057785682,1,0,0,0,1,0,0,0,1,1,0,1,0,1,0,1,0,1,0,1,0,0,0,1,1,0,0,"No"
-1.22310259274891,-0.512249994222348,-0.948151023696403,0,0,0,0,1,0,0,0,0,0,0,0,1,0,0,0,0,0,0,0,0,0,0,0,0,0,1,"No"
1.06470803076082,1.49373721645546,1.73031768412004,0,0,1,0,1,0,1,1,0,0,1,0,1,0,1,0,0,0,1,0,1,0,1,1,0,0,0,"Yes"
0.574462897151591,-1.50941708069206,-0.610950885918705,0,0,1,1,1,0,0,0,1,1,0,1,0,1,0,1,0,1,0,1,0,0,1,1,0,0,1,"No"
-1.26395635388301,-1.49609932327677,-0.985418178962958,1,0,0,0,1,0,0,0,1,1,0,1,0,1,0,1,0,1,0,1,0,0,0,1,0,0,0,"No"
0.574462897151591,0.273497693279663,0.446629348962774,1,0,0,0,1,0,1,1,0,0,0,0,0,0,0,0,0,0,0,0,0,0,0,0,0,0,0,"No"
0.737877941688,1.5003960951631,1.40276133726498,0,0,1,0,1,0,1,1,0,0,1,0,1,0,0,0,1,0,1,0,1,0,0,1,0,0,0,"No"
0.860439225090306,0.0138014236815405,0.49735347225241,1,0,1,1,1,0,0,0,0,0,0,0,1,0,0,0,1,0,1,0,0,0,0,0,1,0,0,"No"
1.18726931416312,1.64855614640818,2.16821230091064,1,0,1,0,1,0,1,1,0,0,0,0,1,0,1,0,1,0,1,0,1,0,0,1,0,1,0,"No"
-1.1005413093466,-1.46280492973855,-0.9526514594603,1,0,0,0,1,0,0,0,1,1,0,1,0,1,0,1,0,1,0,1,0,0,0,0,0,0,0,"No"
0.615316658285693,0.744613361845487,0.841027143247142,1,0,0,0,1,0,0,0,0,0,1,0,1,0,1,0,1,0,1,0,1,1,0,1,0,0,0,"No"
0.901292986224409,1.00430963144361,1.27681564477878,0,0,0,0,1,0,1,1,0,0,0,0,1,0,1,0,0,0,1,0,0,1,0,1,0,0,0,"No"
-0.242612325530453,1.36055964230257,0.209813315317713,0,0,0,1,1,0,0,1,0,0,0,0,1,0,1,0,1,0,1,0,1,0,1,1,0,1,0,"No"
1.55495316437004,-1.304656560432,-0.203982908983452,1,0,1,1,1,0,1,0,1,1,0,1,0,1,0,1,0,1,0,1,0,0,1,0,0,0,1,"No"
-0.610296175737372,1.26400590104173,-0.221519089718637,1,0,1,0,1,0,1,1,0,0,0,0,1,0,1,0,0,0,1,0,1,0,0,1,0,1,0,"No"
-0.0791972809940439,1.18576407622691,0.328864251535086,0,0,0,0,1,0,1,1,0,0,0,0,1,0,0,0,0,0,1,0,1,0,0,1,0,1,0,"Yes"
-1.26395635388301,-1.35126871138551,-0.983489420778431,0,0,0,1,1,0,1,0,1,1,0,1,0,1,0,1,0,1,0,1,0,0,0,0,0,0,1,"No"
-0.446881131200964,0.315115685202439,-0.299910916620803,0,0,1,1,1,0,0,1,0,0,0,0,1,0,0,0,0,0,0,0,0,0,0,1,0,0,0,"Yes"
1.47324564210184,-0.3391191478236,0.656908330344856,0,0,1,0,0,1,0,0,0,0,1,0,0,0,1,0,0,0,1,0,1,1,0,1,0,1,0,"No"
-0.93712626481019,1.28231781748775,-0.563840413020769,1,0,1,1,1,0,0,1,0,0,0,0,0,0,1,0,1,0,1,0,1,0,0,0,0,1,0,"No"
-0.406027370066861,1.20074655331911,0.0770837147342106,1,0,0,0,1,0,1,1,0,0,0,0,1,0,0,0,0,0,1,0,1,0,0,1,0,1,0,"No"
-1.26395635388301,-0.62711565192921,-0.973845629855795,1,0,0,0,1,0,0,0,0,0,0,0,0,0,0,0,0,0,0,0,0,0,0,0,0,1,0,"Yes"
-1.1413950704807,-0.65874532579052,-0.916005053954282,1,0,0,0,1,0,0,0,0,0,0,0,0,0,0,0,0,0,0,0,0,0,0,1,1,0,0,"No"
-0.814564981407883,0.506558448047208,-0.550206087923249,0,0,0,0,1,0,1,1,0,0,1,0,0,0,0,0,0,0,0,0,0,0,0,1,0,1,0,"No"
-1.1822488316148,0.345080639386838,-0.899954238717526,0,0,0,0,1,0,1,1,0,0,0,0,0,0,0,0,0,0,0,0,0,0,0,1,0,1,0,"No"
1.63666068663825,1.40717179325608,2.4099721630057,0,1,1,0,1,0,1,1,0,0,1,0,1,0,0,0,0,0,1,0,1,1,0,1,0,0,0,"No"
-0.855418742541986,0.345080639386838,-0.632544109731689,1,0,0,0,1,0,0,1,0,0,0,0,1,0,0,0,0,0,0,0,0,0,0,0,0,1,0,"Yes"
-1.26395635388301,0.518211485785586,-0.958592921454016,0,0,0,0,1,0,0,1,0,0,0,0,0,0,0,0,0,0,0,0,1,0,0,0,1,0,0,"Yes"
-0.773711220273781,-1.50775236101515,-0.879003934299385,1,0,0,0,1,0,0,0,1,1,0,1,0,1,0,1,0,1,0,1,0,1,0,0,1,0,0,"No"
1.63666068663825,1.48707833774781,2.60169516047457,0,0,1,0,1,0,1,1,0,0,0,0,1,0,1,0,1,0,1,0,1,1,0,1,0,1,0,"Yes"
-1.01883378707839,-0.442331767792085,-0.808194122329499,0,1,0,0,1,0,0,0,0,0,0,0,1,0,0,0,0,0,0,0,0,0,0,1,0,0,1,"No"
0.983000508492613,-1.34627455235478,-0.372383451163557,1,0,1,1,1,0,1,0,1,1,0,1,0,1,0,1,0,1,0,1,0,0,1,0,0,0,0,"No"
0.125071524676467,-1.49609932327677,-0.679854109338369,0,0,1,1,1,0,0,0,1,1,0,1,0,1,0,1,0,1,0,1,0,1,0,0,0,0,1,"No"
1.43239188096774,1.55533184450116,2.36111028899768,1,0,1,0,1,0,1,1,0,0,0,0,1,0,1,0,1,0,1,0,1,0,1,1,0,0,0,"No"
-1.26395635388301,-1.15483178951001,-0.980873403930452,0,0,0,0,0,1,0,0,0,0,1,0,0,0,0,0,0,0,0,0,0,0,0,0,0,0,1,"No"
0.860439225090306,0.533193962877785,0.93378489317889,1,0,0,0,1,0,0,1,0,0,0,0,1,0,0,0,1,0,0,0,0,0,0,1,0,0,1,"No"
0.0842177635423648,-1.45781077070782,-0.712177436154929,1,0,1,1,1,0,0,0,1,1,0,1,0,1,0,1,0,1,0,1,0,0,0,0,0,0,1,"No"
-1.26395635388301,0.473264054508988,-0.959191501580249,0,0,1,0,1,0,0,1,0,0,0,0,0,0,0,0,0,0,1,0,0,0,0,0,0,1,0,"Yes"
1.14641555302902,1.71348021380771,2.07676255940289,0,1,1,0,1,0,1,1,0,0,1,0,1,0,1,0,1,0,1,0,1,0,1,1,0,0,0,"No"
-0.855418742541986,-1.4994287626306,-0.89518776734197,1,0,0,0,1,0,0,0,1,1,0,1,0,1,0,1,0,1,0,1,0,0,1,0,1,0,0,"No"
0.615316658285693,1.39218931616388,1.27956467943259,0,0,0,0,1,0,1,1,0,0,0,0,1,0,1,0,0,0,1,0,1,0,0,1,0,1,0,"Yes"
-0.56944241460327,-0.505591115514704,-0.606250923446064,1,0,0,0,1,0,0,0,0,0,1,0,0,0,0,0,0,0,0,0,0,0,0,0,0,1,0,"Yes"
1.14641555302902,1.68684469897714,2.00251645411574,0,0,1,1,1,0,1,1,0,0,1,0,1,0,1,0,1,0,1,0,1,0,1,0,1,0,0,"No"
0.288486569212876,-1.48777572489222,-0.64334072163818,1,0,0,0,1,0,0,0,1,1,0,1,0,1,0,1,0,1,0,1,0,1,0,0,0,0,1,"No"
1.10556179189492,0.554835318677629,1.06296735227361,0,0,1,0,1,0,0,1,0,0,1,0,0,0,1,0,0,0,0,0,0,1,0,1,1,0,0,"No"
-1.22310259274891,0.178608671695734,-0.930326637715254,1,0,1,1,1,0,0,1,0,0,0,0,0,0,0,0,0,0,0,0,0,0,0,0,0,0,1,"No"
-1.26395635388301,0.150308437188246,-0.963492410635401,1,1,0,0,1,0,0,1,0,0,0,0,0,0,0,0,0,0,0,0,0,0,0,0,0,1,0,"Yes"
-1.0596875482125,0.964356359197744,-0.756295008421702,0,0,0,0,1,0,1,1,0,0,0,0,0,0,0,0,0,0,1,0,1,0,0,1,0,0,0,"Yes"
1.59580692550415,0.726301445399466,1.74248881335344,1,0,0,0,1,0,1,1,0,0,0,0,0,0,1,0,1,0,0,0,0,0,1,1,1,0,0,"No"
-0.324319847798657,0.0570841352812275,-0.302682120908916,0,0,1,0,1,0,1,0,0,0,1,0,1,0,1,0,0,0,0,0,0,0,0,0,0,0,1,"No"
1.43239188096774,1.00098019208979,1.7012532935463,1,1,1,0,1,0,1,1,0,0,0,0,0,0,0,0,0,0,1,0,1,0,0,1,1,0,0,"No"
-1.26395635388301,0.54151756126234,-0.958282546573747,1,0,0,0,1,0,0,1,0,0,0,0,0,0,0,0,0,0,0,0,1,0,0,1,0,0,1,"Yes"
0.656170419419795,0.581470833508205,0.792719510096741,0,0,1,1,1,0,1,1,0,0,0,0,0,0,0,0,0,0,0,0,1,1,0,1,0,0,1,"Yes"
0.206779046944671,0.250191617802908,0.184584271478725,0,0,1,0,1,0,1,0,0,0,0,0,1,0,0,0,1,0,0,0,1,1,0,0,0,0,1,"No"
-0.855418742541986,-0.99501870052655,-0.824067580491816,1,0,0,0,0,1,0,0,0,0,0,0,1,0,1,0,0,0,0,0,0,0,0,0,0,0,1,"No"
-1.1822488316148,-1.46613436909237,-0.971451309350865,1,0,1,0,1,0,0,0,1,1,0,1,0,1,0,1,0,1,0,1,0,0,0,1,1,0,0,"Yes"
-0.56944241460327,1.04426290368947,-0.220188911660342,0,0,1,0,1,0,0,1,0,0,0,0,0,0,1,0,0,0,1,0,1,0,0,1,1,0,0,"No"
0.737877941688,-0.65874532579052,-0.00498827146257028,1,0,1,1,1,0,0,0,0,0,0,0,0,0,0,0,0,0,0,0,0,1,0,1,0,0,0,"No"
1.43239188096774,1.49207249677854,2.23447733784802,0,0,1,1,1,0,1,1,0,0,1,0,0,0,1,0,1,0,1,0,1,1,0,1,0,1,0,"No"
-0.283466086664555,0.215232504587776,-0.179308106002086,0,0,1,0,1,0,0,0,0,0,1,0,1,0,0,0,1,0,0,0,1,0,0,1,0,0,1,"No"
-1.22310259274891,0.464940456124432,-0.927821469038799,0,1,0,0,1,0,1,1,0,0,0,0,0,0,1,0,0,0,0,0,0,0,0,1,0,1,0,"Yes"
-0.93712626481019,-1.49443460359986,-0.91400978686684,1,0,0,0,1,0,0,0,1,1,0,1,0,1,0,1,0,1,0,1,0,0,0,0,1,0,0,"No"
-0.896272503676088,-0.810234816389424,-0.811696924549675,0,0,0,1,0,1,0,0,0,0,1,0,1,0,0,0,1,0,0,0,0,1,0,0,0,0,1,"No"
-0.93712626481019,0.122008202680758,-0.738315435000419,1,0,0,0,1,0,0,0,0,0,1,0,0,0,1,0,1,0,0,0,1,0,0,1,0,0,0,"No"
-1.1413950704807,-1.47945212650766,-0.963780615881365,0,0,0,0,1,0,0,0,1,1,0,1,0,1,0,1,0,1,0,1,0,0,0,1,1,0,0,"No"
-1.22310259274891,-0.453984805530462,-0.939571375220402,0,0,0,0,1,0,0,0,0,0,1,0,0,0,0,0,0,0,0,0,0,0,0,0,0,0,1,"No"
-0.528588653469168,-1.31298015881656,-0.786467880710686,1,0,0,0,0,1,0,0,0,0,0,0,0,0,0,0,0,0,0,0,0,0,0,1,0,0,0,"No"
-1.01883378707839,-1.47612268715384,-0.916670142983429,1,0,1,1,1,0,0,0,1,1,0,1,0,1,0,1,0,1,0,1,0,0,0,1,0,0,0,"No"
-1.26395635388301,-0.685380840621096,-0.974621567056467,1,1,0,0,1,0,0,0,0,0,0,0,0,0,0,0,0,0,0,0,0,0,0,0,0,1,0,"No"
-0.93712626481019,-1.47612268715384,-0.91771211579576,0,0,1,1,1,0,0,0,1,1,0,1,0,1,0,1,0,1,0,1,0,1,0,0,0,0,1,"No"
-1.1822488316148,-1.01000117761875,-0.932344074437001,0,0,0,0,0,1,0,0,0,0,1,0,0,0,0,0,1,0,0,0,0,0,0,0,0,0,1,"Yes"
-0.93712626481019,-0.202612134316895,-0.754765303654664,0,0,0,0,0,1,0,0,0,0,1,0,0,0,1,0,1,0,1,0,1,0,0,0,0,0,1,"Yes"
-1.1005413093466,-0.292506996870091,-0.860935682340883,0,0,0,0,1,0,0,0,0,0,1,0,0,0,1,0,0,0,0,0,0,0,0,0,1,0,0,"No"
-0.56944241460327,-0.230912368824382,-0.553974925755084,0,0,0,1,1,0,1,0,0,0,1,0,0,0,0,0,0,0,0,0,0,0,0,0,0,0,1,"No"
0.697024180553898,1.05258650207403,1.09790669593815,1,1,0,0,1,0,1,1,0,0,0,0,0,0,0,0,0,0,1,0,1,0,0,1,0,1,0,"Yes"
1.55495316437004,0.484917092247365,1.46071276133802,1,0,1,0,1,0,1,0,0,0,1,0,1,0,1,0,1,0,1,0,0,0,1,0,0,0,1,"No"
1.63666068663825,1.44712506550195,2.46725849804959,0,0,0,0,1,0,1,1,0,0,0,0,1,0,1,0,1,0,1,0,1,0,1,1,1,0,0,"No"
-1.0596875482125,0.326768722940816,-0.801654080209551,0,1,0,0,1,0,0,1,0,0,0,0,0,0,1,0,0,0,0,0,0,0,0,0,0,1,0,"Yes"
-0.120051042128146,-0.622121492898477,-0.403354430287518,1,0,1,0,0,1,0,0,0,0,0,0,0,0,0,0,0,0,1,0,1,0,0,1,0,1,0,"No"
-1.0596875482125,1.35556548327184,-0.752393152784038,0,0,1,0,1,0,1,1,0,0,0,0,1,0,1,0,0,0,1,0,1,0,0,1,0,1,0,"Yes"
1.26897683643133,1.26567062071864,1.79780205094419,1,0,1,0,1,0,1,1,0,0,0,0,0,0,1,0,0,0,1,0,1,0,1,0,0,1,0,"No"
-1.1822488316148,-0.234241808178205,-0.922545096074231,0,0,0,0,1,0,0,0,0,0,0,0,0,0,1,0,0,0,1,0,0,0,0,0,0,1,0,"No"
-0.977980025944292,-1.17647314530985,-0.893502875134797,0,0,0,0,0,1,0,0,0,0,0,0,1,0,0,0,0,0,0,0,0,0,0,1,0,0,1,"No"
-1.01883378707839,0.664706817353757,-0.707322286242154,0,1,1,0,1,0,1,1,0,0,0,0,0,0,0,0,0,0,0,0,1,0,0,1,0,1,0,"Yes"
1.47324564210184,1.57031432159336,2.33632463784479,0,0,1,1,1,0,1,1,0,0,1,0,0,0,1,0,1,0,1,0,1,0,1,0,1,0,0,"No"
0.819585463956204,1.3955187555177,1.4985563270965,0,1,1,0,1,0,1,1,0,0,0,0,1,0,1,0,0,0,1,0,1,1,0,1,0,1,0,"No"
1.63666068663825,1.43547202776357,2.51745055011591,1,0,1,1,1,0,1,1,0,0,1,0,1,0,0,0,1,0,1,0,1,0,1,1,1,0,0,"No"
-1.26395635388301,0.178608671695734,-0.963115526852218,1,0,1,1,1,0,0,1,0,0,0,0,0,0,0,0,0,0,0,0,0,0,0,1,1,0,0,"No"
-0.283466086664555,-1.32629791623185,-0.687258767196209,0,0,0,0,1,0,1,0,1,1,0,1,0,1,0,1,0,1,0,1,0,0,1,0,1,0,0,"Yes"
0.451901613749285,-0.139352786594275,0.176669712031871,0,0,1,1,0,1,0,0,0,0,1,0,0,0,1,0,1,0,1,0,1,1,0,1,1,0,0,"No"
0.206779046944671,0.488246531601187,0.296939978136014,1,0,1,0,1,0,1,0,0,0,1,0,0,0,1,0,0,0,1,0,1,1,0,0,0,0,1,"No"
-0.487734892335066,0.706324809276533,-0.22816998001011,0,1,0,0,1,0,1,1,0,0,0,0,0,0,0,0,0,0,0,0,1,0,0,1,1,0,0,"Yes"
-1.1413950704807,-1.33628623429331,-0.955733038628683,0,0,0,0,0,1,0,0,0,0,0,0,0,0,0,0,0,0,0,0,0,0,0,1,0,1,0,"Yes"
-1.1822488316148,0.869467337613815,-0.888758573393546,1,0,0,0,1,0,0,1,0,0,0,0,0,0,0,0,0,0,1,0,1,0,0,0,0,0,1,"No"
-0.977980025944292,0.686348173153601,-0.685640383891951,0,1,0,0,1,0,1,1,0,0,0,0,0,0,0,0,0,0,0,0,1,0,0,0,0,1,0,"No"
1.59580692550415,-1.33961567364714,-0.260493306826671,1,0,0,1,1,0,1,0,1,1,0,1,0,1,0,1,0,1,0,1,0,0,1,0,0,0,1,"No"
-1.26395635388301,-1.34294511300096,-0.983378572606907,1,0,0,0,0,1,0,0,0,0,0,0,0,0,0,0,0,0,0,0,0,0,0,1,0,1,0,"Yes"
1.63666068663825,-1.31464487849347,-0.170373743377207,0,0,1,1,1,0,1,0,1,1,0,1,0,1,0,1,0,1,0,1,0,0,1,0,0,0,0,"No"
1.39153811983363,1.06590425948932,1.85433461842171,1,0,1,0,1,0,1,1,0,0,1,0,1,0,1,0,1,0,0,0,0,0,1,0,0,0,1,"No"
-0.855418742541986,0.39668694937108,-0.622589943928784,0,0,0,0,1,0,1,1,0,0,0,0,0,0,0,0,0,0,0,0,0,0,0,1,0,1,0,"Yes"
0.778731702822102,0.551505879323807,0.835396056133695,1,0,0,0,1,0,1,0,0,0,1,0,1,0,1,0,1,0,1,0,0,1,0,1,1,0,0,"No"
1.55495316437004,0.66970097638449,1.66225690680396,0,0,0,0,1,0,1,0,0,0,1,0,1,0,1,0,0,0,1,0,1,0,1,0,0,0,1,"No"
1.55495316437004,0.0470958172197613,1.17472447880466,0,0,0,1,1,0,1,0,0,0,1,0,1,0,0,0,1,0,0,0,0,0,1,0,0,1,0,"No"
-0.160904803262248,0.343415919709927,-0.0769509044163116,1,0,0,1,1,0,0,1,0,0,1,0,0,0,0,0,0,0,0,0,0,0,0,1,0,0,0,"Yes"
-0.324319847798657,-1.45947549038473,-0.77817643748065,1,0,0,0,1,0,0,0,1,1,0,1,0,1,0,1,0,1,0,1,0,0,1,0,0,0,1,"No"
1.51409940323594,-0.104393673379143,0.837613019564186,0,0,1,0,1,0,0,0,0,0,0,0,1,0,0,0,0,0,0,0,1,0,1,1,1,0,0,"No"
0.411047852615182,-0.335789708469778,0.0261822343701348,1,0,1,1,1,0,0,0,0,0,1,0,1,0,0,0,0,0,0,0,0,0,0,0,0,0,1,"No"
-1.22310259274891,0.166955633957356,-0.935758198119958,0,1,0,0,1,0,0,1,0,0,0,0,0,0,0,0,0,0,0,0,0,0,0,1,0,1,0,"Yes"
0.288486569212876,1.17078159913471,0.795402035847635,0,1,0,0,1,0,1,1,0,0,0,0,0,0,1,0,0,0,1,0,1,0,0,1,0,1,0,"No"
0.533609136017489,1.50372553451692,1.17878152188246,1,0,1,1,1,0,1,1,0,0,0,0,1,0,1,0,1,0,1,0,1,0,1,1,0,0,0,"No"
1.63666068663825,0.54151756126234,1.54537859474847,1,0,1,1,1,0,1,0,0,0,1,0,1,0,1,0,1,0,1,0,0,0,1,1,0,0,0,"No"
0.247632808078774,-1.47445796747693,-0.664667909839505,0,0,0,0,1,0,0,0,1,1,0,1,0,1,0,1,0,1,0,1,0,0,1,0,0,0,1,"No"
1.63666068663825,0.107025725588559,1.13621582401703,1,0,1,0,1,0,1,0,0,0,1,0,1,0,1,0,1,0,0,0,0,0,1,1,0,0,0,"No"
-1.26395635388301,-1.3496039917086,-0.983467251144126,1,0,0,0,1,0,1,0,1,1,0,1,0,1,0,1,0,1,0,1,0,0,0,1,0,0,1,"Yes"
0.942146747358511,-1.29466824237054,-0.35402699395909,1,0,1,0,1,0,1,0,1,1,0,1,0,1,0,1,0,1,0,1,0,0,1,0,0,0,0,"No"
0.778731702822102,-0.280853959131714,0.291242382119652,0,0,1,1,0,1,0,0,0,0,0,0,0,0,1,0,1,0,1,0,1,1,0,1,0,1,0,"No"
-1.26395635388301,-1.47112852812311,-0.985085634448385,0,0,0,0,1,0,0,0,1,1,0,1,0,1,0,1,0,1,0,1,0,0,0,0,0,0,1,"No"
-0.365173608932759,-1.49609932327677,-0.793916877837136,0,0,1,1,1,0,0,0,1,1,0,1,0,1,0,1,0,1,0,1,0,0,1,1,0,0,1,"No"
-1.22310259274891,-0.340783867500511,-0.942231731336992,0,0,0,0,1,0,1,0,0,0,0,0,0,0,0,0,1,0,0,0,0,0,0,1,0,0,1,"No"
0.819585463956204,1.44878978517886,1.59497206668856,0,1,0,0,1,0,1,1,0,0,1,0,1,0,1,0,0,0,1,0,1,0,0,0,1,0,0,"No"
0.165925285810569,-0.337454428146689,-0.154566794117805,0,0,0,0,1,0,1,0,0,0,1,0,0,0,0,0,0,0,0,0,0,1,0,0,0,0,1,"No"
-1.26395635388301,-0.640433409344498,-0.974022986930234,0,0,0,0,1,0,0,0,0,0,0,0,0,0,0,0,0,0,0,0,0,0,0,0,0,0,1,"No"
-0.160904803262248,-0.185964937547784,-0.260559815729585,0,0,0,0,1,0,1,0,0,0,1,0,0,0,1,0,0,0,0,0,0,1,0,0,0,0,1,"No"
-1.01883378707839,0.161961474926623,-0.782610364341632,0,0,1,1,1,0,0,0,0,0,1,0,1,0,1,0,0,0,1,0,0,1,0,0,0,1,0,"No"
-1.26395635388301,-1.46779908876929,-0.985041295179775,0,0,1,1,1,0,0,0,1,1,0,1,0,1,0,1,0,1,0,1,0,0,0,1,0,0,1,"Yes"
0.411047852615182,-1.49110516424604,-0.61729140132991,1,0,0,0,1,0,0,0,1,1,0,1,0,1,0,1,0,1,0,1,0,1,0,0,0,0,0,"No"
-1.01883378707839,-1.31630959817038,-0.909908404520431,0,0,0,0,0,1,0,0,0,0,0,0,0,0,0,0,0,0,0,0,0,0,0,0,0,0,0,"No"
-1.1413950704807,0.340086480356104,-0.851402739589771,1,0,0,0,1,0,0,1,0,0,0,0,0,0,1,0,0,0,0,0,0,0,0,1,0,0,0,"Yes"
-0.487734892335066,-1.33628623429331,-0.780060856396567,0,0,1,0,0,1,0,0,0,0,0,0,0,0,0,0,0,0,0,0,0,0,0,1,0,1,0,"Yes"
1.26897683643133,1.4854136180709,2.13167674357615,1,0,0,0,1,0,0,1,0,0,1,0,1,0,1,0,1,0,1,0,1,0,1,0,1,0,0,"No"
0.983000508492613,-0.650421727405965,0.140998770435269,0,0,0,0,0,1,0,0,0,0,1,0,1,0,1,0,1,0,0,0,0,0,1,0,0,0,0,"No"
-1.1005413093466,-0.452320085853551,-0.866965822871819,0,0,0,1,1,0,0,0,0,0,0,0,0,0,0,0,1,0,0,0,0,0,0,1,0,0,1,"No"
1.63666068663825,1.52703160999368,2.54525127153427,0,0,1,0,1,0,1,1,0,0,0,0,1,0,1,0,1,0,1,0,1,0,1,1,0,0,0,"No"
-0.977980025944292,-0.663739484821253,-0.83045243517163,1,0,1,1,1,0,0,0,0,0,0,0,0,0,0,0,0,0,0,0,0,0,0,0,0,0,0,"No"
0.819585463956204,0.954368041136278,1.05953105895635,1,0,1,1,1,0,1,1,0,0,0,0,1,0,0,0,1,0,0,0,1,0,0,1,0,0,0,"No"
-0.56944241460327,-1.47612268715384,-0.815909155067608,0,0,1,1,1,0,0,0,1,1,0,1,0,1,0,1,0,1,0,1,0,0,0,1,0,0,1,"No"
1.10556179189492,-1.30299184075509,-0.313944295135811,0,0,1,1,1,0,1,0,1,1,0,1,0,1,0,1,0,1,0,1,0,0,1,0,0,0,1,"No"
-1.01883378707839,0.982668275643766,-0.683179554484106,1,0,0,0,1,0,1,1,0,0,0,0,0,0,0,0,0,0,1,0,1,0,0,1,0,1,0,"No"
1.10556179189492,-0.991689261172728,-0.11608030896448,1,0,1,1,0,1,0,0,0,0,1,0,0,0,1,0,0,0,0,0,0,1,0,0,0,0,1,"No"
0.574462897151591,-0.127699748855898,0.288781552711807,1,0,0,0,0,1,0,0,0,0,1,0,0,0,1,0,1,0,1,0,1,0,1,1,0,0,0,"No"
1.10556179189492,-0.0178282501797694,0.729270016716085,1,1,1,0,0,1,0,0,0,0,1,0,0,0,1,0,1,0,1,0,1,0,1,1,1,0,0,"No"
1.55495316437004,0.673030415738312,1.62966754437574,0,0,1,0,1,0,1,0,0,0,0,0,1,0,1,0,1,0,1,0,1,0,1,1,0,0,0,"No"
-0.732857459139679,0.213567784910865,-0.588869930151014,0,0,0,0,1,0,0,1,0,0,0,0,0,0,0,0,0,0,0,0,0,0,0,1,1,0,0,"Yes"
0.492755374883387,-0.480620320361038,-0.0456695504120821,0,0,0,0,1,0,1,0,0,0,0,0,0,0,0,0,0,0,0,0,0,0,0,1,0,0,1,"No"
1.30983059756543,0.999315472412876,1.6434792265477,0,0,1,0,1,0,1,1,0,0,1,0,0,0,1,0,0,0,1,0,0,0,1,1,1,0,0,"No"
1.06470803076082,-0.160994142394119,0.612879436615302,0,0,1,1,0,1,0,0,0,0,1,0,0,0,1,0,1,0,1,0,1,0,1,0,0,0,1,"No"
1.06470803076082,1.14248136462723,1.5689892552832,1,1,1,0,1,0,1,1,0,0,0,0,1,0,0,0,0,0,1,0,1,0,0,1,0,1,0,"No"
1.63666068663825,1.10252809238136,2.05184389044417,0,0,1,0,1,0,1,1,0,0,0,0,1,0,0,0,0,0,1,0,1,0,1,1,1,0,0,"No"
-0.855418742541986,-0.144346945625008,-0.700183663995972,1,1,0,0,1,0,1,0,0,0,1,0,1,0,0,0,0,0,0,0,0,0,0,0,0,0,0,"No"
0.0842177635423648,-0.277524519777891,-0.211121531229634,0,1,0,0,0,1,0,0,0,0,0,0,1,0,1,0,0,0,1,0,1,0,0,1,0,1,0,"No"
0.901292986224409,-0.61213317483701,0.0841779977117821,1,0,0,0,0,1,0,0,0,0,1,0,1,0,0,0,0,0,0,0,1,0,1,0,0,0,0,"No"
-1.1822488316148,-0.465637843268839,-0.92524979145943,0,0,0,0,0,1,0,0,0,0,0,0,1,0,0,0,0,0,1,0,1,0,0,1,0,1,0,"Yes"
1.63666068663825,-1.32130375720111,-0.169775163250974,0,0,1,1,1,0,1,0,1,1,0,1,0,1,0,1,0,1,0,1,0,0,1,0,0,0,1,"No"
0.329340330346978,0.674695135415223,0.470417366571943,0,0,1,1,1,0,1,1,0,0,0,0,0,0,1,0,1,0,0,0,0,0,0,1,0,1,0,"Yes"
-1.22310259274891,0.0371074991582952,-0.934561037867493,0,0,1,1,1,0,0,0,0,0,0,0,0,0,0,0,0,0,1,0,1,0,0,0,0,0,1,"Yes"
-0.732857459139679,-0.482285040037949,-0.6795437344581,0,0,0,0,1,0,0,0,0,0,1,0,0,0,0,0,0,0,0,0,0,0,0,0,0,0,0,"No"
-1.26395635388301,0.196920588141755,-0.962871660874864,0,0,0,0,1,0,0,1,0,0,0,0,0,0,0,0,0,0,0,0,0,0,0,0,0,1,0,"Yes"
-1.26395635388301,-1.49276988392295,-0.985373839694349,1,0,0,0,1,0,0,0,1,1,0,1,0,1,0,1,0,1,0,1,0,0,0,0,0,0,1,"Yes"
0.983000508492613,0.00214838594316341,0.631147215282549,1,0,0,0,1,0,1,0,0,0,1,0,1,0,0,0,1,0,0,0,0,1,0,1,0,0,0,"No"
1.47324564210184,0.499899569339564,1.45153453273578,0,0,1,0,1,0,0,0,0,0,1,0,1,0,0,0,1,0,1,0,1,0,1,1,0,0,0,"No"
-0.732857459139679,-1.50109348230751,-0.873528034626072,0,0,1,1,1,0,0,0,1,1,0,1,0,1,0,1,0,1,0,1,0,1,0,1,0,0,1,"No"
1.47324564210184,1.16412272042707,1.96241158565816,1,0,1,1,1,0,0,1,0,0,1,0,0,0,0,0,1,0,1,0,1,0,1,1,0,1,0,"No"
0.942146747358511,0.313450965525528,0.802673675899646,1,1,1,0,1,0,1,1,0,0,0,0,0,0,0,0,0,0,0,0,0,0,0,1,0,1,0,"No"
-0.732857459139679,0.02878390077374,-0.578405862759096,1,0,1,1,1,0,0,0,0,0,1,0,1,0,0,0,0,0,1,0,0,0,0,1,0,1,0,"Yes"
1.55495316437004,1.15746384171942,2.08500966336431,1,0,1,0,1,0,1,1,0,0,1,0,1,0,1,0,0,0,1,0,0,0,1,1,1,0,0,"No"
-0.406027370066861,0.0970374075270925,-0.309510368274829,1,0,1,1,1,0,0,0,0,0,1,0,0,0,1,0,1,0,1,0,0,1,0,1,0,0,0,"Yes"
-0.896272503676088,0.451622698709144,-0.654868931476734,0,0,1,0,1,0,1,1,0,0,1,0,0,0,0,0,0,0,0,0,0,0,0,1,1,0,0,"No"
-0.120051042128146,-1.28135048495525,-0.687059240487465,0,0,1,1,1,0,1,0,1,1,0,1,0,1,0,1,0,1,0,1,0,0,1,0,0,0,1,"No"
-1.26395635388301,0.166955633957356,-0.963270714292352,0,0,0,0,1,0,0,1,0,0,0,0,0,0,0,0,0,0,0,0,0,0,0,1,0,1,0,"Yes"
1.47324564210184,1.18576407622691,2.04384065246009,0,1,1,0,1,0,1,1,0,0,0,0,1,0,0,0,0,0,1,0,1,0,0,1,0,1,0,"Yes"
-0.0791972809940439,-0.806905377035602,-0.467801557211894,0,0,0,0,0,1,0,0,0,0,0,0,0,0,0,0,1,0,0,0,1,1,0,1,1,0,0,"No"
1.63666068663825,0.486581811924276,1.4010321057892,0,0,1,0,1,0,1,0,0,0,1,0,1,0,1,0,1,0,1,0,0,0,1,0,1,0,0,"No"
-0.896272503676088,-1.454481331354,-0.884612851778528,0,0,0,0,1,0,0,0,1,1,0,1,0,1,0,1,0,1,0,1,0,0,0,1,0,0,1,"No"
-1.01883378707839,0.300133208110239,-0.763566648473713,1,0,0,0,1,0,1,1,0,0,0,0,0,0,0,0,0,0,0,0,0,0,0,0,0,1,0,"Yes"
-0.93712626481019,0.338421760679193,-0.680829573247785,0,0,0,0,1,0,1,1,0,0,0,0,0,0,0,0,0,0,0,0,0,0,0,1,0,1,0,"Yes"
-1.26395635388301,-0.488943918745594,-0.972005550208487,0,0,0,1,1,0,0,0,0,0,1,0,0,0,0,0,0,0,0,0,0,0,0,0,0,0,1,"No"
-0.487734892335066,0.143649558480602,-0.38652767785009,0,0,0,0,1,0,1,0,0,0,0,0,1,0,0,0,1,0,0,0,1,0,0,1,1,0,0,"No"
-1.26395635388301,-1.47612268715384,-0.9851521433513,0,0,0,0,1,0,0,0,1,1,0,1,0,1,0,1,0,1,0,1,0,0,0,1,0,0,1,"No"
-0.120051042128146,0.380039752601969,-0.0119051973657025,0,0,0,0,1,0,1,1,0,0,0,0,0,0,0,0,0,0,0,0,0,0,0,1,1,0,0,"No"
-1.26395635388301,0.313450965525528,-0.96131978647352,1,0,0,0,1,0,0,1,0,0,0,0,0,0,0,0,1,0,0,0,0,0,0,0,0,1,0,"No"
-1.1822488316148,0.58979443189276,-0.89906745334533,1,0,0,0,1,0,0,1,0,0,1,0,0,0,0,0,1,0,0,0,0,0,0,1,0,0,1,"No"
-0.487734892335066,0.826184626014128,-0.164476620652101,0,0,0,0,1,0,0,1,0,0,1,0,0,0,1,0,0,0,1,0,0,0,0,1,0,0,0,"No"
1.30983059756543,1.15080496301178,1.74213409920456,1,0,0,1,1,0,0,1,0,0,0,0,1,0,0,0,1,0,1,0,1,0,0,1,1,0,0,"No"
-1.0596875482125,-1.16981426660221,-0.922545096074231,0,0,0,0,0,1,0,0,0,0,1,0,0,0,0,0,0,0,0,0,0,0,0,0,0,0,0,"No"
0.737877941688,-1.49110516424604,-0.54488537569007,1,0,1,0,1,0,0,0,1,1,0,1,0,1,0,1,0,1,0,1,0,0,1,0,0,1,0,"No"
-1.0596875482125,-0.180970778517051,-0.844840527835517,1,0,0,0,1,0,0,0,0,0,1,0,0,0,0,0,0,0,0,0,1,0,0,1,0,0,0,"No"
-1.01883378707839,-0.660410045467431,-0.846192875528117,1,0,1,1,1,0,0,0,0,0,0,0,0,0,0,0,0,0,0,0,0,0,0,0,0,1,0,"No"
1.63666068663825,0.872796776967637,1.89315364808961,1,0,1,1,1,0,1,1,0,0,0,0,0,0,1,0,0,0,0,0,1,0,1,1,1,0,0,"No"
-0.977980025944292,-0.500596956483971,-0.819677992899443,1,0,1,0,1,0,0,0,0,0,0,0,1,0,0,0,0,0,0,0,0,0,0,1,0,0,0,"No"
-0.324319847798657,0.964356359197744,0.00973236571589081,0,1,1,0,1,0,1,1,0,0,0,0,0,0,0,0,0,0,1,0,1,0,0,1,0,1,0,"Yes"
1.63666068663825,0.994321313382143,2.07490031012127,0,0,1,0,1,0,1,1,0,0,1,0,1,0,0,0,0,0,0,0,1,0,1,1,1,0,0,"No"
0.0433640024082626,-1.50275820198442,-0.727984385414331,1,0,1,1,1,0,0,0,1,1,0,1,0,1,0,1,0,1,0,1,0,1,0,1,0,0,0,"No"
-1.22310259274891,-1.31630959817038,-0.969145667383154,1,0,0,0,0,1,0,0,0,0,0,0,0,0,0,0,0,0,0,0,0,0,0,1,0,1,0,"Yes"
-0.406027370066861,0.0221250220660957,-0.354847270428372,0,0,0,0,1,0,0,0,0,0,0,0,1,0,1,0,0,0,1,0,0,1,0,0,0,0,0,"No"
1.10556179189492,1.16079328107325,1.49937660356578,0,0,0,0,1,0,1,1,0,0,1,0,1,0,1,0,0,0,0,0,1,0,0,1,0,0,0,"No"
0.165925285810569,-1.47279324780002,-0.685596044623341,1,0,0,0,1,0,0,0,1,1,0,1,0,1,0,1,0,1,0,1,0,1,0,1,1,0,0,"No"
0.778731702822102,-1.48611100521531,-0.537990619421243,0,0,1,1,1,0,0,0,1,1,0,1,0,1,0,1,0,1,0,1,0,0,1,0,0,0,1,"No"
0.860439225090306,0.426651903555479,0.848586988545117,1,0,1,0,1,0,1,0,0,0,1,0,0,0,1,0,1,0,1,0,0,1,0,0,0,0,0,"No"
-0.487734892335066,-1.49443460359986,-0.818724698624332,0,0,1,1,1,0,0,0,1,1,0,1,0,1,0,1,0,1,0,1,0,1,0,0,0,0,0,"No"
0.125071524676467,-1.51274652004588,-0.711246311514123,1,0,0,0,1,0,0,0,1,1,0,1,0,1,0,1,0,1,0,1,0,1,0,1,0,0,1,"No"
-0.242612325530453,0.478258213539721,-0.0921592735494807,1,0,1,1,1,0,0,1,0,0,0,0,0,0,0,0,0,0,0,0,1,1,0,0,0,0,0,"No"
-0.201758564396351,1.03094514627419,0.118873475398968,1,1,1,0,1,0,1,1,0,0,0,0,1,0,1,0,0,0,0,0,1,0,0,1,0,1,0,"Yes"
0.0842177635423648,0.231879701356887,0.0821383913557303,1,1,1,0,1,0,0,1,0,0,0,0,0,0,0,0,0,0,0,0,0,0,0,0,1,0,0,"No"
-0.528588653469168,1.01096851015125,-0.213648869540393,0,1,1,0,1,0,1,1,0,0,0,0,0,0,0,0,0,0,1,0,1,0,0,1,0,1,0,"No"
-1.0596875482125,-1.4994287626306,-0.939637884123317,1,0,1,1,1,0,0,0,1,1,0,1,0,1,0,1,0,1,0,1,0,0,0,0,0,0,1,"No"
0.983000508492613,-1.32463319655494,-0.362650981703701,1,0,0,1,1,0,1,0,1,1,0,1,0,1,0,1,0,1,0,1,0,0,1,1,0,0,1,"No"
-0.896272503676088,-0.943412390542308,-0.828301980644054,0,0,0,0,0,1,0,0,0,0,0,0,1,0,0,0,1,0,0,0,0,0,0,0,0,1,0,"No"
-1.26395635388301,-1.47612268715384,-0.9851521433513,0,0,0,0,1,0,0,0,1,1,0,1,0,1,0,1,0,1,0,1,0,0,0,1,0,0,1,"Yes"
0.942146747358511,1.30062973393377,1.52285424629468,0,0,1,0,1,0,1,1,0,0,0,0,1,0,1,0,0,0,1,0,1,0,0,1,1,0,0,"No"
0.165925285810569,0.942715003397901,0.504203889252628,0,0,1,1,1,0,1,0,0,0,1,0,1,0,1,0,1,0,1,0,1,0,1,1,1,0,0,"No"
0.615316658285693,-1.48777572489222,-0.57603371188847,1,0,1,0,1,0,0,0,1,1,0,1,0,1,0,1,0,1,0,1,0,1,0,0,0,0,0,"No"
-0.814564981407883,-1.48111684618457,-0.891086384995562,0,0,1,1,1,0,0,0,1,1,0,1,0,1,0,1,0,1,0,1,0,0,0,1,1,0,0,"No"
-1.26395635388301,0.694671771538156,-0.956242940217696,0,0,0,0,1,0,0,1,0,0,0,0,0,0,1,0,0,0,1,0,0,0,0,1,0,1,0,"Yes"
-0.324319847798657,0.529864523523963,-0.0681273899629571,1,1,0,0,1,0,1,1,0,0,0,0,1,0,0,0,0,0,0,0,0,0,0,1,0,1,0,"No"
1.26897683643133,1.17577575816545,1.72697006934,0,0,0,0,1,0,1,1,0,0,0,0,1,0,0,0,0,0,1,0,1,1,0,0,0,0,0,"Yes"
0.125071524676467,-0.823552573804713,-0.358039697768279,0,1,0,0,0,1,0,0,0,0,0,0,0,0,1,0,0,0,1,0,0,0,0,1,0,1,0,"No"
1.43239188096774,-0.136023347240453,0.72179884995533,0,0,0,0,1,0,0,0,0,0,1,0,1,0,0,0,1,0,0,0,0,1,0,0,1,0,0,"No"
-0.446881131200964,1.30728861264142,-0.0120160455372271,1,0,0,0,1,0,1,1,0,0,1,0,0,0,1,0,0,0,1,0,1,0,0,0,0,0,1,"No"
-0.773711220273781,0.107025725588559,-0.620683355378561,0,0,0,0,1,0,0,0,0,0,1,0,1,0,0,0,1,0,0,0,1,0,0,0,0,0,0,"No"
0.125071524676467,0.353404237771393,0.148137392681451,1,0,1,0,1,0,1,1,0,0,0,0,0,0,0,0,0,0,0,0,0,0,0,1,0,1,0,"Yes"
-0.120051042128146,-1.50608764133824,-0.727385805288098,0,0,0,0,1,0,0,0,1,1,0,1,0,1,0,1,0,1,0,1,0,0,0,0,1,0,0,"No"
1.59580692550415,-0.507255835191615,0.564505294561986,1,0,1,0,0,1,0,0,0,0,0,0,1,0,0,0,0,0,1,0,1,0,1,0,0,1,0,"Yes"
-1.01883378707839,0.81286686859884,-0.72567874344662,1,1,1,0,1,0,0,1,0,0,0,0,0,0,0,0,0,0,1,0,1,0,0,1,0,1,0,"No"
1.35068435869953,0.385033911632703,1.1915955705107,1,0,1,0,1,0,1,0,0,0,1,0,0,0,1,0,1,0,0,0,1,0,1,0,0,0,0,"No"
-1.0596875482125,0.343415919709927,-0.785824961315844,1,0,0,0,1,0,1,1,0,0,0,0,0,0,0,0,0,0,0,0,0,0,0,1,0,1,0,"Yes"
0.288486569212876,-1.31131543913965,-0.55608104101405,1,0,1,1,1,0,1,0,1,1,0,1,0,1,0,1,0,1,0,1,0,0,1,0,0,0,1,"No"
1.10556179189492,0.837837663752505,1.44315441096853,0,1,0,0,1,0,1,1,0,0,1,0,1,0,1,0,0,0,0,0,0,0,0,1,0,1,0,"No"
-0.242612325530453,0.346745359063749,-0.147982412729247,1,0,0,0,1,0,0,0,0,0,1,0,0,0,0,0,1,0,1,0,1,1,0,0,0,0,0,"No"
-1.22310259274891,-0.487279199068683,-0.946643488563669,1,1,0,0,1,0,0,0,0,0,0,0,0,0,1,0,0,0,0,0,0,0,0,0,0,0,1,"No"
1.63666068663825,0.0371074991582952,1.03454588109471,0,0,1,1,0,1,0,0,0,0,1,0,1,0,1,0,1,0,1,0,1,0,1,0,0,0,0,"No"
1.35068435869953,0.0820549304348931,0.916692105129804,1,0,1,0,1,0,1,0,0,0,1,0,1,0,1,0,0,0,0,0,0,1,0,0,1,0,0,"No"
-1.0596875482125,0.777907755383708,-0.762524675661382,1,0,0,0,1,0,1,1,0,0,0,0,0,0,0,0,1,0,0,0,1,0,0,1,0,0,0,"No"
0.00251024127416045,-1.49110516424604,-0.733548963624864,1,1,0,0,1,0,0,0,1,1,0,1,0,1,0,1,0,1,0,1,0,1,0,0,1,0,0,"No"
1.18726931416312,-0.0810875979023888,0.681383606617477,1,0,1,0,0,1,0,0,0,0,1,0,0,0,1,0,1,0,1,0,1,0,1,1,0,0,1,"No"
-0.692003698005577,1.22072318944204,-0.347996853428155,0,0,0,0,1,0,0,1,0,0,0,0,1,0,1,0,0,0,1,0,1,0,0,1,0,1,0,"Yes"
-0.814564981407883,0.731295604430199,-0.521075188446596,0,0,0,0,1,0,1,1,0,0,0,0,0,0,0,0,0,0,0,0,1,0,0,1,0,1,0,"No"
0.206779046944671,-1.1981145011097,-0.562465895693865,0,0,0,0,0,1,0,0,0,0,0,0,0,0,0,0,1,0,0,0,0,0,0,0,1,0,0,"Yes"
-0.56944241460327,-1.49110516424604,-0.842357528793367,1,0,1,1,1,0,0,0,1,1,0,1,0,1,0,1,0,1,0,1,0,1,0,0,0,0,0,"No"
-0.446881131200964,-0.630445091283032,-0.557366879803735,1,0,0,1,1,0,0,0,0,0,0,0,0,0,0,0,0,0,0,0,0,0,0,0,0,0,1,"No"
1.47324564210184,-0.272530360747158,0.756583006179736,1,0,1,1,0,1,0,0,0,0,1,0,1,0,1,0,1,0,0,0,1,0,1,1,0,0,1,"No"
-0.814564981407883,0.290144890048773,-0.626979531521156,1,1,0,0,1,0,1,1,0,0,0,0,0,0,0,0,0,0,0,0,0,0,0,1,1,0,0,"No"
-1.22310259274891,-1.33961567364714,-0.975574861331578,0,1,0,0,0,1,0,0,0,0,0,0,0,0,0,0,0,0,0,0,0,0,0,0,0,1,0,"Yes"
1.22812307529723,1.22405262879587,1.73925204674492,0,0,1,0,1,0,1,1,0,0,0,0,0,0,1,0,0,0,1,0,1,0,0,1,0,1,0,"No"
-0.120051042128146,1.13415776624267,0.275191566882896,0,1,0,0,1,0,1,1,0,0,0,0,0,0,0,0,1,0,1,0,1,0,0,0,0,1,0,"Yes"
-1.26395635388301,-1.03164253341859,-0.979232850991888,1,0,0,1,0,1,0,0,0,0,0,0,1,0,0,0,1,0,0,0,0,0,0,0,0,0,1,"No"
-1.1005413093466,0.509887887401031,-0.841625930861305,1,1,1,0,1,0,1,1,0,0,0,0,0,0,1,0,0,0,0,0,0,0,0,1,0,0,0,"Yes"
-1.26395635388301,-1.46114021006164,-0.984952616642556,0,0,0,0,1,0,0,0,1,1,0,1,0,1,0,1,0,1,0,1,0,0,0,0,0,1,0,"No"
0.165925285810569,-1.47612268715384,-0.67579706626057,0,0,1,1,1,0,0,0,1,1,0,1,0,1,0,1,0,1,0,1,0,0,1,0,0,0,0,"No"
-0.160904803262248,1.2889766961954,0.287562222825037,0,1,0,0,1,0,1,1,0,0,0,0,0,0,1,0,1,0,1,0,1,0,0,1,0,1,0,"Yes"
1.51409940323594,0.303462647464062,1.17221931012821,0,0,1,1,1,0,1,0,0,0,1,0,1,0,0,0,1,0,1,0,0,1,0,0,1,0,0,"No"
-0.365173608932759,-1.47945212650766,-0.81429077176335,1,0,0,0,1,0,0,0,1,1,0,1,0,1,0,1,0,1,0,1,0,1,0,0,0,0,0,"No"
-0.896272503676088,-1.49276988392295,-0.901794318364834,1,0,0,0,1,0,0,0,1,1,0,1,0,1,0,1,0,1,0,1,0,0,0,0,1,0,0,"No"
1.59580692550415,-1.28634464398598,-0.195181564164402,0,0,1,0,1,0,1,0,1,1,0,1,0,1,0,1,0,1,0,1,0,0,1,1,1,0,0,"No"
0.533609136017489,0.181938111049555,0.363737086296711,0,1,0,0,1,0,1,0,0,0,1,0,0,0,0,0,1,0,0,0,1,0,0,1,0,1,0,"No"
1.55495316437004,-1.3496039917086,-0.211653602452951,0,0,1,1,1,0,1,0,1,1,0,1,0,1,0,1,0,1,0,1,0,0,1,0,0,0,1,"No"
-0.406027370066861,0.671365696061401,-0.188597182775844,0,0,0,1,1,0,1,1,0,0,0,0,0,0,0,0,0,0,0,0,1,0,0,1,0,1,0,"No"
0.819585463956204,-1.38289838524682,-0.43762868492291,0,0,1,1,1,0,1,0,1,1,0,1,0,1,0,1,0,1,0,1,0,0,1,0,0,0,1,"No"
0.942146747358511,1.31727693070289,1.5522955206516,1,0,1,0,1,0,1,1,0,0,0,0,0,0,1,0,1,0,1,0,1,1,0,1,0,1,0,"Yes"
1.63666068663825,-1.4994287626306,-0.345247818774346,0,0,1,1,1,0,0,0,1,1,0,1,0,1,0,1,0,1,0,1,0,0,1,0,0,0,0,"No"
-0.896272503676088,-1.49776404295368,-0.910130100863481,1,0,1,0,1,0,0,0,1,1,0,1,0,1,0,1,0,1,0,1,0,1,0,0,0,0,0,"No"
-1.1005413093466,0.698001210891978,-0.813004932973665,1,1,0,0,1,0,0,1,0,0,0,0,1,0,0,0,0,0,0,0,1,0,0,1,0,1,0,"No"
-0.324319847798657,0.466605175801343,-0.175339741461507,0,0,1,1,1,0,1,0,0,0,1,0,0,0,1,0,0,0,1,0,1,0,1,0,1,0,0,"No"
1.63666068663825,1.73845100896138,2.75553025291635,0,0,1,1,1,0,1,1,0,0,1,0,1,0,1,0,1,0,1,0,1,0,1,1,1,0,0,"No"
-0.446881131200964,-0.700363317713296,-0.545639143256437,1,0,0,0,0,1,0,0,0,0,1,0,0,0,0,0,1,0,1,0,0,0,0,1,0,0,1,"No"
1.51409940323594,-0.126035029178987,0.896229532666371,1,0,1,0,0,1,0,0,0,0,0,0,1,0,1,0,1,0,1,0,1,1,0,1,1,0,0,"No"
0.492755374883387,-0.32247195105449,0.136121450888189,1,0,1,1,1,0,0,0,0,0,0,0,1,0,0,0,1,0,0,0,0,0,0,1,0,0,0,"No"
1.18726931416312,0.0204603023891848,0.763943324768966,0,1,1,1,1,0,1,0,0,0,0,0,0,0,1,0,0,0,1,0,0,1,0,1,0,1,0,"No"
-0.324319847798657,1.27732365845702,0.112887674136642,1,1,0,0,1,0,1,1,0,0,0,0,1,0,1,0,0,0,1,0,1,0,0,1,1,0,0,"Yes"
-1.26395635388301,0.866137898259993,-0.95395946788429,0,0,0,0,1,0,0,1,0,0,0,0,0,0,0,0,0,0,1,0,1,0,0,0,0,1,0,"Yes"
-1.1413950704807,0.847825981813972,-0.830917997492033,1,0,0,0,1,0,1,1,0,0,0,0,1,0,0,0,0,0,0,0,1,0,0,1,0,1,0,"Yes"
1.63666068663825,0.912750049213502,1.94678199347319,1,0,0,0,1,0,1,0,0,0,1,0,1,0,1,0,1,0,1,0,1,0,1,0,0,0,0,"No"
-1.26395635388301,-1.50775236101515,-0.985573366403093,1,0,0,0,1,0,0,0,1,1,0,1,0,1,0,1,0,1,0,1,0,0,0,0,1,0,0,"No"
0.533609136017489,1.58529679868556,1.23695464229855,1,0,0,0,1,0,0,1,0,0,1,0,1,0,1,0,1,0,1,0,1,1,0,0,1,0,0,"No"
-1.1822488316148,0.190261709434111,-0.89640709722874,1,0,0,0,1,0,0,1,0,0,0,0,0,0,0,0,0,0,0,0,0,0,0,1,0,0,1,"No"
1.59580692550415,-1.49776404295368,-0.366065105386657,0,0,1,0,1,0,0,0,1,1,0,1,0,1,0,1,0,1,0,1,0,0,1,0,0,0,1,"No"
1.51409940323594,0.534858682554696,1.46339528708891,1,0,1,1,1,0,0,0,0,0,1,0,1,0,0,0,1,0,1,0,1,0,1,0,0,0,0,"No"
-1.26395635388301,0.130331801065313,-0.96375844624706,1,0,1,1,1,0,0,1,0,0,0,0,0,0,0,0,0,0,0,0,0,0,0,1,0,1,0,"Yes"
1.63666068663825,1.70349189574625,2.74974397836277,0,1,1,0,1,0,1,1,0,0,1,0,1,0,1,0,1,0,1,0,1,0,1,1,1,0,0,"No"
-0.855418742541986,0.296803768756417,-0.643074686026521,1,0,0,0,1,0,0,1,0,0,1,0,0,0,0,0,0,0,0,0,0,0,0,1,0,1,0,"Yes"
1.59580692550415,0.533193962877785,1.53684328554108,1,0,0,0,1,0,1,0,0,0,1,0,1,0,1,0,1,0,0,0,1,0,1,0,0,0,0,"No"
-1.26395635388301,0.178608671695734,-0.963115526852218,0,0,0,0,1,0,0,1,0,0,0,0,0,0,0,0,0,0,0,0,0,0,0,1,0,0,1,"Yes"
0.983000508492613,1.03427458562801,1.43200308491316,0,1,1,0,1,0,1,1,0,0,1,0,1,0,1,0,1,0,0,0,0,1,0,0,0,1,0,"No"
-1.26395635388301,-1.48611100521531,-0.985285161157129,0,0,0,0,1,0,0,0,1,1,0,1,0,1,0,1,0,1,0,1,0,0,0,0,1,0,0,"No"
-1.1005413093466,0.181938111049555,-0.840539618780365,1,0,0,0,1,0,0,0,0,0,0,0,0,0,1,0,0,0,1,0,1,0,0,1,0,1,0,"Yes"
1.02385426962672,-1.50442292166133,-0.523425169682916,1,0,1,1,1,0,0,0,1,1,0,1,0,1,0,1,0,1,0,1,0,1,0,0,0,0,1,"No"
0.983000508492613,-0.948406549573041,-0.119982164602144,1,0,1,1,0,1,0,0,0,0,0,0,1,0,1,0,0,0,0,0,0,1,0,1,1,0,0,"No"
-0.977980025944292,0.979338836289944,-0.651100093644899,1,0,0,0,1,0,1,1,0,0,0,0,1,0,1,0,0,0,1,0,0,0,0,1,0,1,0,"Yes"
-0.406027370066861,-0.11438199144061,-0.363604275978812,0,0,1,1,1,0,0,0,0,0,1,0,1,0,1,0,0,0,0,0,0,0,0,0,0,0,1,"Yes"
-1.26395635388301,-1.49276988392295,-0.985373839694349,0,0,0,0,1,0,0,0,1,1,0,1,0,1,0,1,0,1,0,1,0,0,0,0,0,0,1,"No"
0.574462897151591,-1.49276988392295,-0.614365009601662,1,0,1,1,1,0,0,0,1,1,0,1,0,1,0,1,0,1,0,1,0,0,1,0,1,0,0,"No"
1.26897683643133,-1.49443460359986,-0.428428286686372,1,0,1,1,1,0,0,0,1,1,0,1,0,1,0,1,0,1,0,1,0,0,1,0,0,0,1,"No"
1.47324564210184,1.51870801160912,2.31690403819368,1,0,1,1,1,0,1,1,0,0,1,0,1,0,1,0,0,0,1,0,1,0,1,1,0,1,0,"No"
1.51409940323594,1.39052459648697,2.22567599302897,1,0,1,1,1,0,0,1,0,0,1,0,1,0,0,0,1,0,1,0,1,0,1,1,1,0,0,"No"
-0.896272503676088,0.0437663778659394,-0.701469502785657,0,0,1,1,1,0,0,0,0,0,0,0,1,0,1,0,0,0,0,0,1,1,0,1,0,0,1,"No"
1.26897683643133,1.32892996844126,1.92818167029137,1,0,0,0,1,0,1,1,0,0,1,0,1,0,1,0,1,0,1,0,0,1,0,0,1,0,0,"No"
-0.324319847798657,-0.40237849554622,-0.458445971535222,0,0,1,1,0,1,0,0,0,0,1,0,1,0,1,0,1,0,0,0,1,0,1,1,0,0,1,"No"
-0.528588653469168,-0.282518678808625,-0.535707147087837,0,0,0,0,1,0,1,0,0,0,0,0,0,0,1,0,0,0,0,0,0,0,0,1,0,0,1,"No"
-0.120051042128146,0.661377377999935,0.0997632506281347,1,0,1,0,1,0,1,1,0,0,1,0,1,0,0,0,0,0,0,0,0,0,0,1,0,1,0,"Yes"
-0.773711220273781,0.356733677125215,-0.555415951984903,1,0,1,0,1,0,1,0,0,0,0,0,0,0,1,0,0,0,1,0,1,1,0,1,0,0,1,"Yes"
0.697024180553898,1.15912856139634,1.23391740239878,0,0,1,0,1,0,0,1,0,0,0,0,1,0,1,0,0,0,1,0,1,0,0,0,0,1,0,"No"
0.451901613749285,1.49706665580928,1.14756667678115,0,1,1,0,1,0,1,1,0,0,1,0,0,0,1,0,1,0,1,0,1,1,0,1,0,0,1,"Yes"
-1.1822488316148,-1.49776404295368,-0.96763813225042,0,0,0,0,1,0,0,0,1,1,0,1,0,1,0,1,0,1,0,1,0,0,0,1,0,0,1,"Yes"
1.02385426962672,-0.330795549439045,0.395772207867308,1,0,0,0,1,0,0,0,0,0,0,0,1,0,0,0,1,0,0,0,0,1,0,1,0,0,1,"No"
-1.22310259274891,0.0604135746350498,-0.952208066774202,1,1,0,0,1,0,0,0,0,0,1,0,0,0,1,0,0,0,1,0,0,0,0,0,0,0,0,"Yes"
1.22812307529723,1.24569398459571,1.90089085046203,1,0,0,0,1,0,1,1,0,0,1,0,1,0,0,0,1,0,0,0,1,1,0,0,0,1,0,"Yes"
1.63666068663825,0.884449814706015,1.9490654658066,0,0,1,0,1,0,1,0,0,0,1,0,1,0,1,0,1,0,1,0,1,0,1,1,0,0,0,"No"
0.125071524676467,0.836172944075594,0.409473041867743,1,0,1,1,1,0,0,1,0,0,0,0,1,0,0,0,1,0,1,0,0,1,0,1,0,1,0,"No"
1.63666068663825,0.926067806628791,2.01477626188636,0,0,1,0,1,0,1,0,0,0,1,0,1,0,1,0,1,0,1,0,1,0,1,1,0,1,0,"No"
-0.160904803262248,-1.48777572489222,-0.753368616693454,0,0,1,1,1,0,0,0,1,1,0,1,0,1,0,1,0,1,0,1,0,1,0,0,0,0,1,"No"
0.983000508492613,-1.31298015881656,-0.405682241889533,1,0,1,0,1,0,1,0,1,1,0,1,0,1,0,1,0,1,0,1,0,0,1,1,1,0,0,"Yes"
-0.0383435198599417,0.508223167724119,0.0718516810382517,0,0,0,0,1,0,1,1,0,0,0,0,0,0,0,0,1,0,0,0,0,0,0,1,1,0,0,"Yes"
0.533609136017489,-1.52273483810735,-0.609576368591801,1,0,0,0,1,0,0,0,1,1,0,1,0,1,0,1,0,1,0,1,0,1,0,0,0,0,0,"No"
-1.26395635388301,-1.29300352269363,-0.982713483577759,0,0,0,0,1,0,1,0,1,1,0,1,0,1,0,1,0,1,0,1,0,0,0,1,0,0,1,"No"
-1.22310259274891,-0.49893223680706,-0.943273704149323,0,0,0,0,1,0,0,0,0,0,0,0,1,0,0,0,0,0,0,0,0,0,0,1,0,0,1,"Yes"
-1.0596875482125,-1.45281661167709,-0.945579346117033,0,0,0,0,1,0,0,0,1,1,0,1,0,1,0,1,0,1,0,1,0,0,0,1,0,0,1,"No"
1.30983059756543,-1.49443460359986,-0.429226393521349,1,0,1,1,1,0,0,0,1,1,0,1,0,1,0,1,0,1,0,1,0,0,1,1,0,0,0,"No"
0.737877941688,-0.985030382465084,-0.203827721543318,1,0,0,0,0,1,0,0,0,0,1,0,1,0,0,0,0,0,0,0,0,0,0,1,0,0,1,"No"
0.819585463956204,1.22072318944204,1.3563381230305,0,0,1,1,1,0,1,1,0,0,0,0,0,0,1,0,0,0,1,0,1,1,0,0,0,0,0,"No"
-1.1413950704807,0.186932270080289,-0.869825705697152,1,1,1,0,1,0,0,1,0,0,0,0,0,0,0,0,0,0,0,0,0,0,0,1,0,1,0,"No"
0.533609136017489,0.308456806494794,0.500545899592317,1,0,1,1,1,0,1,0,0,0,1,0,1,0,0,0,1,0,1,0,0,0,1,0,1,0,0,"No"
-0.93712626481019,0.78123719473753,-0.638840285874283,1,0,1,0,1,0,1,1,0,0,1,0,0,0,0,0,0,0,0,0,1,0,0,1,0,1,0,"No"
-1.1822488316148,0.907755890182769,-0.880156755283241,1,0,0,1,1,0,1,1,0,0,0,0,0,0,1,0,0,0,0,0,1,0,0,0,0,1,0,"Yes"
-1.26395635388301,-0.815228975420157,-0.97635079853225,0,0,1,1,0,1,0,0,0,0,0,0,0,0,0,0,1,0,1,0,0,0,0,0,0,1,0,"Yes"
1.30983059756543,1.52203745096294,2.1084207971903,0,0,1,1,1,0,1,1,0,0,1,0,1,0,0,0,1,0,1,0,1,0,1,0,0,0,0,"No"
-0.0383435198599417,0.310121526171706,-0.0110627512621158,0,1,0,0,1,0,1,1,0,0,0,0,0,0,0,0,0,0,0,0,0,0,0,1,0,1,0,"Yes"
-0.732857459139679,0.839502383429416,-0.493496163371286,0,0,0,0,1,0,0,1,0,0,0,0,0,0,0,0,0,0,1,0,1,0,0,1,0,0,1,"Yes"
-0.814564981407883,0.68468345347669,-0.560027235920324,0,0,0,0,1,0,0,1,0,0,1,0,0,0,0,0,0,0,1,0,0,1,0,1,1,0,0,"No"
1.43239188096774,-0.121040870148254,0.832380985868227,1,1,1,0,1,0,0,0,0,0,1,0,1,0,0,0,1,0,0,0,0,1,0,1,0,0,0,"No"
-0.896272503676088,-0.618792053544655,-0.775937304415854,1,0,0,0,1,0,0,0,0,0,0,0,0,0,0,0,0,0,0,0,0,0,0,0,0,0,1,"No"
-0.120051042128146,-0.200947414639984,-0.23196098747625,0,1,0,0,1,0,1,0,0,0,1,0,1,0,0,0,0,0,0,0,0,0,0,1,0,0,0,"No"
-0.324319847798657,-1.33129207526258,-0.72576742198384,0,0,0,0,1,0,1,0,1,1,0,1,0,1,0,1,0,1,0,1,0,1,0,0,0,0,0,"No"
1.39153811983363,-1.49276988392295,-0.397989378785729,1,0,1,1,1,0,0,0,1,1,0,1,0,1,0,1,0,1,0,1,0,0,1,1,0,0,1,"No"
0.778731702822102,0.724636725722554,0.897892255239239,1,0,0,0,1,0,0,1,0,0,1,0,0,0,0,0,0,0,1,0,0,1,0,0,0,0,1,"No"
0.533609136017489,-1.30132712107818,-0.497065474494377,0,0,1,0,1,0,1,0,1,1,0,1,0,1,0,1,0,1,0,1,0,0,1,0,0,0,1,"No"
0.697024180553898,-1.51774067907662,-0.586785984526352,0,0,1,0,1,0,0,0,1,1,0,1,0,1,0,1,0,1,0,1,0,1,0,0,1,0,0,"No"
-0.406027370066861,-0.465637843268839,-0.518237475255567,0,0,0,0,0,1,0,0,0,0,0,0,0,0,1,0,0,0,1,0,1,0,0,1,0,1,0,"No"
1.63666068663825,0.0337780598044728,1.03062185582274,1,0,0,0,0,1,0,0,0,0,1,0,1,0,1,0,1,0,1,0,1,0,1,1,0,0,0,"No"
0.0433640024082626,0.583135553185116,0.160064655937493,1,0,1,1,1,0,0,0,0,0,0,0,1,0,1,0,1,0,1,0,1,0,1,0,1,0,0,"No"
-0.365173608932759,0.483252372570454,-0.203229141417085,0,0,0,0,1,0,0,1,0,0,0,0,1,0,0,0,1,0,0,0,0,0,0,1,0,0,1,"No"
-0.324319847798657,1.22072318944204,0.0878138177377877,1,1,0,0,1,0,1,1,0,0,0,0,1,0,0,0,0,0,1,0,1,0,0,1,0,1,0,"Yes"
-1.26395635388301,0.498234849662653,-0.958858957065675,0,0,0,0,1,0,0,1,0,0,0,0,0,0,0,0,0,0,1,0,0,0,0,0,0,1,0,"Yes"
0.983000508492613,0.371716154217414,0.905651627245958,1,0,0,0,1,0,0,0,0,0,0,0,1,0,0,0,1,0,1,0,1,1,0,1,0,0,0,"No"
1.59580692550415,-1.45614605103091,-0.311416956825051,1,0,1,0,1,0,0,0,1,1,0,1,0,1,0,1,0,1,0,1,0,1,0,0,0,1,0,"No"
-0.732857459139679,0.52487036449323,-0.52497704408426,0,1,0,0,1,0,1,1,0,0,0,0,0,0,1,0,0,0,0,0,0,0,0,1,0,0,0,"No"
0.00251024127416045,0.648059620584647,0.23932109857755,0,0,0,0,1,0,1,1,0,0,0,0,0,0,0,0,0,0,1,0,0,1,0,0,0,1,0,"Yes"
-1.26395635388301,-1.45947549038473,-0.98493044700825,1,0,0,0,1,0,0,0,1,1,0,1,0,1,0,1,0,1,0,1,0,0,0,0,1,0,0,"No"
-1.26395635388301,0.816196307952662,-0.954624556913437,1,0,0,0,1,0,0,1,0,0,0,0,0,0,0,0,0,0,1,0,1,0,0,1,0,1,0,"Yes"
-0.692003698005577,-0.448990646499729,-0.678812136526038,0,0,1,0,1,0,1,0,0,0,0,0,0,0,0,0,0,0,0,0,0,0,0,1,0,1,0,"No"
-0.528588653469168,0.454952138062966,-0.333054519906645,1,0,0,0,1,0,0,1,0,0,0,0,1,0,1,0,0,0,0,0,0,0,0,1,0,1,0,"Yes"
-0.0383435198599417,0.864473178583082,0.304898876851477,1,0,1,0,1,0,1,1,0,0,1,0,1,0,0,0,1,0,0,0,0,0,0,1,1,0,0,"No"
-0.855418742541986,0.393357510017258,-0.62225739941421,0,0,0,0,1,0,0,1,0,0,1,0,0,0,0,0,0,0,0,0,0,0,0,0,0,1,0,"No"
1.63666068663825,1.5153785722553,2.44069927615231,0,1,0,0,1,0,1,1,0,0,1,0,1,0,0,0,1,0,1,0,1,0,1,1,0,0,0,"No"
1.59580692550415,1.16745215978089,2.08795822472687,0,1,0,0,1,0,1,1,0,0,0,0,1,0,0,0,0,0,1,0,1,0,0,1,1,0,0,"No"
0.247632808078774,0.146978997834424,0.18948376066011,1,0,1,0,1,0,1,0,0,0,0,0,0,0,1,0,1,0,0,0,1,1,0,0,1,0,0,"No"
-1.1005413093466,-0.53056191066837,-0.889844885474487,1,0,0,1,1,0,0,0,0,0,0,0,0,0,0,0,1,0,0,0,0,0,0,1,0,0,0,"No"
-1.22310259274891,-0.680386681590363,-0.953050512877788,1,1,0,0,1,0,0,0,0,0,0,0,0,0,0,0,0,0,0,0,0,0,0,1,0,1,0,"Yes"
0.819585463956204,-0.157664703040297,0.381827507889519,0,1,0,0,1,0,1,0,0,0,1,0,0,0,1,0,0,0,0,0,0,0,1,0,0,0,0,"No"
-0.977980025944292,0.371716154217414,-0.725324029297742,0,1,0,0,1,0,1,1,0,0,0,0,0,0,0,0,0,0,0,0,0,0,0,1,0,1,0,"Yes"
1.47324564210184,0.534858682554696,1.36924085019595,0,0,0,0,1,0,1,0,0,0,0,0,1,0,1,0,0,0,1,0,1,0,1,1,0,1,0,"No"
1.51409940323594,-1.46613436909237,-0.372006567380373,1,0,1,1,1,0,0,0,1,1,0,1,0,1,0,1,0,1,0,1,0,1,0,1,1,0,0,"No"
0.411047852615182,0.0604135746350498,0.215355723893941,0,0,1,0,1,0,1,0,0,0,1,0,1,0,0,0,1,0,0,0,0,0,0,1,1,0,0,"No"
-1.26395635388301,0.523205644816319,-0.958526412551101,1,1,1,0,1,0,1,1,0,0,1,0,0,0,0,0,0,0,0,0,0,0,0,1,0,1,0,"Yes"
0.0433640024082626,-0.667068924175075,-0.345624702557529,1,0,1,0,1,0,0,0,0,0,0,0,0,0,0,0,0,0,0,0,0,0,0,1,1,0,0,"No"
-1.01883378707839,-1.47279324780002,-0.927355906718396,0,0,0,0,1,0,0,0,1,1,0,1,0,1,0,1,0,1,0,1,0,0,0,0,0,0,1,"No"
1.30983059756543,0.906091170505858,1.64871126024366,1,0,1,1,1,0,1,1,0,0,1,0,1,0,1,0,0,0,0,0,0,0,0,1,0,1,0,"No"
-1.26395635388301,0.343415919709927,-0.960920733056032,0,0,0,0,1,0,0,1,0,0,0,0,0,0,1,0,0,0,0,0,0,0,0,1,0,1,0,"Yes"
1.10556179189492,-1.47778740683075,-0.465473745609879,1,0,0,0,1,0,0,0,1,1,0,1,0,1,0,1,0,1,0,1,0,0,1,1,0,0,0,"No"
-1.0596875482125,-0.473961441653394,-0.854661675832593,0,0,1,0,1,0,1,0,0,0,0,0,0,0,0,0,0,0,0,0,0,0,0,0,0,1,0,"No"
-1.1822488316148,-1.52439955778426,-0.969300854823288,0,0,0,0,1,0,0,0,1,1,0,1,0,1,0,1,0,1,0,1,0,0,0,0,0,0,1,"No"
-0.692003698005577,-1.4694638084462,-0.847456544683497,0,0,1,0,1,0,0,0,1,1,0,1,0,1,0,1,0,1,0,1,0,0,0,0,1,0,0,"No"
-0.773711220273781,0.0054778252969853,-0.605120272096514,1,0,1,1,1,0,0,0,0,0,0,0,0,0,0,0,0,0,1,0,1,1,0,1,0,1,0,"No"
-0.365173608932759,1.13582248591958,0.00310364505872227,0,0,0,0,1,0,1,1,0,0,0,0,1,0,0,0,0,0,1,0,1,0,0,1,1,0,0,"No"
-0.0383435198599417,0.827849345691039,0.250760629878884,1,1,1,0,1,0,1,1,0,0,1,0,0,0,0,0,0,0,1,0,0,0,0,0,0,1,0,"No"
-0.120051042128146,-0.19428853593234,-0.242048171084985,1,0,0,0,1,0,0,0,0,0,1,0,1,0,0,0,1,0,0,0,0,1,0,1,0,1,0,"No"
0.697024180553898,-1.46114021006164,-0.536527423557119,0,0,1,0,1,0,0,0,1,1,0,1,0,1,0,1,0,1,0,1,0,1,0,0,1,0,0,"No"
0.983000508492613,0.699665930568889,1.17973481615757,0,0,1,0,1,0,1,1,0,0,0,0,0,0,0,0,0,0,1,0,0,0,0,1,0,0,0,"No"
1.26897683643133,0.506558448047208,1.23793010620797,1,0,1,0,1,0,1,0,0,0,0,0,0,0,1,0,1,0,1,0,1,0,1,0,1,0,0,"No"
-0.324319847798657,0.508223167724119,-0.170418082645817,1,1,1,1,1,0,1,1,0,0,1,0,0,0,0,0,0,0,0,0,0,0,0,1,0,1,0,"No"
0.165925285810569,-0.349107465885066,-0.110515730753947,1,1,1,0,1,0,0,0,0,0,0,0,0,0,1,0,1,0,0,0,0,1,0,0,1,0,0,"No"
-0.93712626481019,0.54151756126234,-0.66085473273906,0,1,0,0,1,0,0,1,0,0,0,0,0,0,0,0,0,0,1,0,0,0,0,1,0,1,0,"Yes"
-1.1822488316148,-1.32629791623185,-0.964445704910513,1,0,0,0,0,1,0,0,0,0,0,0,0,0,0,0,0,0,0,0,0,0,0,0,0,1,0,"Yes"
-0.446881131200964,0.543182280939251,-0.233734558220643,0,0,1,0,1,0,0,0,0,0,1,0,0,0,1,0,1,0,1,0,1,1,0,0,0,0,1,"No"
-0.283466086664555,-1.48278156586148,-0.763522309205103,0,0,1,1,1,0,0,0,1,1,0,1,0,1,0,1,0,1,0,1,0,1,0,0,0,0,1,"No"
1.59580692550415,-1.49776404295368,-0.378945662917811,1,0,1,1,1,0,0,0,1,1,0,1,0,1,0,1,0,1,0,1,0,0,1,1,0,0,0,"No"
1.47324564210184,0.84449654246015,1.65483007931182,0,0,1,0,1,0,1,1,0,0,0,0,0,0,1,0,0,0,1,0,0,0,1,1,0,0,0,"No"
-0.446881131200964,-1.47279324780002,-0.80670875683107,1,0,0,0,1,0,0,0,1,1,0,1,0,1,0,1,0,1,0,1,0,1,0,1,0,0,1,"No"
0.942146747358511,-0.234241808178205,0.356620633684835,1,0,1,1,1,0,0,0,0,0,1,0,1,0,0,0,1,0,0,0,0,0,1,0,0,0,0,"Yes"
-1.26395635388301,-1.47612268715384,-0.9851521433513,1,0,0,1,1,0,0,0,1,1,0,1,0,1,0,1,0,1,0,1,0,0,0,1,0,0,1,"No"
-0.610296175737372,-1.50442292166133,-0.83537409398732,0,0,0,0,1,0,0,0,1,1,0,1,0,1,0,1,0,1,0,1,0,0,1,0,0,0,1,"No"
-0.0791972809940439,1.19242295493456,0.307780929311116,1,0,0,0,1,0,1,1,0,0,1,0,0,0,0,0,0,0,1,0,1,0,0,1,0,0,0,"No"
-0.406027370066861,-0.220924050762916,-0.43022402706507,1,0,1,1,1,0,0,0,0,0,1,0,1,0,0,0,1,0,0,0,0,0,0,1,0,0,1,"No"
-0.93712626481019,-0.169317740778674,-0.759110551978426,0,0,0,0,1,0,0,0,0,0,0,0,0,0,0,0,1,0,1,0,0,0,0,1,0,0,0,"No"
-1.26395635388301,-1.51108180036897,-0.985617705671703,1,0,1,1,1,0,0,0,1,1,0,1,0,1,0,1,0,1,0,1,0,0,0,0,0,0,1,"No"
-0.446881131200964,0.729630884753288,-0.192166493898935,0,0,1,0,1,0,1,1,0,0,0,0,0,0,0,0,0,0,0,0,1,0,0,1,0,1,0,"Yes"
-0.528588653469168,-0.167653021101763,-0.486623576736764,1,0,0,0,1,0,1,0,0,0,0,0,0,0,1,0,1,0,0,0,0,0,0,0,0,1,0,"No"
-1.26395635388301,-1.31464487849347,-0.983001688823723,1,1,0,0,0,1,0,0,0,0,0,0,0,0,0,0,0,0,0,0,0,0,0,1,0,1,0,"Yes"
1.55495316437004,0.145314278157513,1.16018119870064,1,0,1,1,1,0,1,0,0,0,1,0,0,0,1,0,0,0,1,0,0,0,1,0,1,0,0,"No"
1.39153811983363,1.28231781748775,1.93004391957299,0,0,0,0,1,0,1,1,0,0,1,0,1,0,1,0,1,0,0,0,1,0,0,1,0,0,0,"No"
-1.01883378707839,-1.32796263590876,-0.928043165381849,0,0,1,1,0,1,0,0,0,0,0,0,0,0,0,0,0,0,0,0,0,0,0,1,0,1,0,"No"
0.288486569212876,-0.520573592606903,-0.160175711596948,1,0,0,0,0,1,0,0,0,0,1,0,1,0,0,0,1,0,1,0,0,0,0,1,1,0,0,"Yes"
0.00251024127416045,-0.0710992798409224,-0.0871489361965708,0,0,1,1,1,0,1,0,0,0,0,0,1,0,1,0,0,0,0,0,0,0,0,0,0,0,0,"No"
-1.0596875482125,0.631412423815536,-0.782388667998583,1,0,1,1,1,0,0,1,0,0,0,0,1,0,0,0,0,0,0,0,1,0,0,1,1,0,0,"Yes"
0.206779046944671,0.47659349386281,0.325827011635313,0,0,0,0,1,0,1,0,0,0,1,0,1,0,1,0,1,0,1,0,0,0,0,1,1,0,0,"No"
1.59580692550415,-0.607139015806277,0.492742188316989,1,1,1,0,0,1,0,0,0,0,1,0,1,0,1,0,1,0,0,0,0,0,1,0,1,0,0,"No"
-0.651149936871475,1.00098019208979,-0.346267621952372,0,0,1,0,1,0,0,1,0,0,0,0,1,0,0,0,0,0,1,0,1,0,0,1,0,0,0,"No"
1.02385426962672,-0.488943918745594,0.239564964554904,0,0,1,0,0,1,0,0,0,0,1,0,0,0,1,0,1,0,0,0,1,0,0,1,0,0,0,"No"
1.39153811983363,-1.30299184075509,-0.240740162660995,1,0,0,0,1,0,1,0,1,1,0,1,0,1,0,1,0,1,0,1,0,1,0,0,0,0,0,"No"
-0.446881131200964,-1.45947549038473,-0.793628672591173,0,0,0,1,1,0,0,0,1,1,0,1,0,1,0,1,0,1,0,1,0,0,0,0,0,0,1,"No"
1.39153811983363,0.0504252565735832,0.969411495506882,1,0,1,0,1,0,1,0,0,0,1,0,1,0,1,0,0,0,0,0,0,0,1,1,1,0,0,"No"
-0.610296175737372,0.360063116479037,-0.407721848245585,0,0,1,0,1,0,1,0,0,0,0,0,1,0,0,0,0,0,1,0,1,0,0,1,0,0,0,"No"
-1.26395635388301,0.195255868464844,-0.962893830509169,1,0,0,1,1,0,0,1,0,0,0,0,0,0,0,0,0,0,0,0,0,0,0,1,0,0,1,"Yes"
-0.977980025944292,-1.44948717232326,-0.932166717362562,0,0,1,1,1,0,0,0,1,1,0,1,0,1,0,1,0,1,0,1,0,0,0,0,1,0,0,"No"
-0.201758564396351,0.158632035572801,-0.139580121327686,1,0,0,0,1,0,0,0,0,0,1,0,0,0,1,0,1,0,1,0,0,1,0,0,1,0,0,"No"
0.0842177635423648,0.807872709568106,0.336158061221402,1,0,1,0,1,0,1,1,0,0,0,0,1,0,0,0,0,0,0,0,1,0,0,0,0,0,1,"No"
-0.0791972809940439,1.07922201690461,0.345491477263769,1,0,0,0,1,0,0,1,0,0,0,0,1,0,0,0,0,0,1,0,1,1,0,1,0,0,0,"No"
0.0433640024082626,0.0604135746350498,0.00146309212015893,1,0,0,0,1,0,0,0,0,0,0,0,1,0,1,0,0,0,1,0,0,0,0,1,1,0,0,"No"
-1.26395635388301,-1.32629791623185,-0.983156876263858,1,0,0,1,0,1,0,0,0,0,0,0,0,0,0,0,0,0,0,0,0,0,0,0,0,1,0,"Yes"
-0.651149936871475,0.496570129985742,-0.433593811479416,0,0,0,1,1,0,1,1,0,0,0,0,0,0,0,0,1,0,0,0,0,1,0,1,1,0,0,"No"
-0.528588653469168,1.2889766961954,-0.101714385934897,1,0,1,1,1,0,1,1,0,0,0,0,0,0,1,0,1,0,1,0,1,0,0,0,0,1,0,"Yes"
1.55495316437004,0.503229008693386,1.55240636882313,0,0,1,1,1,0,1,0,0,0,1,0,1,0,1,0,1,0,1,0,0,0,1,0,0,0,0,"No"
-0.56944241460327,0.173614512665,-0.452460170272896,0,0,0,0,1,0,0,1,0,0,0,0,0,0,0,0,0,0,0,0,0,0,0,1,0,1,0,"No"
0.206779046944671,-0.800246498327958,-0.377438127785077,1,0,0,0,0,1,0,0,0,0,1,0,1,0,0,0,1,0,0,0,0,0,1,1,0,0,1,"No"
-1.1413950704807,0.368386714863592,-0.860071066602991,0,0,0,0,1,0,1,1,0,0,0,0,0,0,0,0,0,0,0,0,0,0,0,1,0,1,0,"No"
-0.610296175737372,0.529864523523963,-0.401359163200076,1,0,1,0,1,0,1,1,0,0,0,0,1,0,0,0,0,0,0,0,0,0,0,1,0,0,0,"No"
-0.528588653469168,-0.132693907886631,-0.418695817226516,0,0,0,1,1,0,0,0,0,0,1,0,1,0,1,0,0,0,0,0,0,0,0,1,0,1,0,"No"
-0.160904803262248,-1.47445796747693,-0.777777384063161,1,0,1,1,1,0,0,0,1,1,0,1,0,1,0,1,0,1,0,1,0,0,1,1,1,0,0,"No"
0.451901613749285,-0.152670544009564,0.135877584910835,1,0,0,0,1,0,0,0,0,0,0,0,1,0,0,0,0,0,0,0,1,0,1,1,0,1,0,"No"
0.411047852615182,-1.47612268715384,-0.623676256009724,1,0,1,0,1,0,0,0,1,1,0,1,0,1,0,1,0,1,0,1,0,0,1,0,0,1,0,"No"
-1.1822488316148,0.463275736447521,-0.886807645574714,1,0,0,0,1,0,0,1,0,0,0,0,0,0,0,0,0,0,1,0,0,0,0,1,0,1,0,"Yes"
1.26897683643133,1.11251641044283,1.7630844036227,0,0,0,0,1,0,1,1,0,0,1,0,1,0,1,0,0,0,1,0,0,0,1,0,1,0,0,"No"
-1.1822488316148,0.509887887401031,-0.878449693441762,1,1,0,0,1,0,0,1,0,0,0,0,0,0,0,0,0,0,1,0,0,0,0,1,0,1,0,"Yes"
-0.0791972809940439,1.1691168794578,0.32157044184877,0,1,0,0,1,0,1,1,0,0,0,0,1,0,0,0,0,0,1,0,1,0,0,1,0,1,0,"Yes"
1.14641555302902,1.33558884714891,1.81422974996413,0,0,0,0,1,0,1,1,0,0,0,0,1,0,1,0,0,0,1,0,1,0,1,0,0,1,0,"No"
0.533609136017489,0.976009396936122,0.868229284539268,1,1,0,0,1,0,1,1,0,0,0,0,0,0,0,0,0,0,1,0,1,0,0,1,0,0,0,"No"
1.55495316437004,0.727966165076377,1.64414431557685,0,0,1,0,1,0,0,0,0,0,1,0,1,0,1,0,1,0,1,0,1,0,1,0,1,0,0,"No"
-0.896272503676088,1.12916360721194,-0.534000085246359,1,0,1,0,1,0,1,1,0,0,0,0,0,0,1,0,0,0,1,0,1,0,0,1,0,1,0,"Yes"
-1.26395635388301,-0.470632002299572,-0.971761684231133,0,0,0,0,1,0,0,0,0,0,0,0,0,0,1,0,0,0,0,0,0,0,0,1,0,0,1,"Yes"
-0.406027370066861,0.346745359063749,-0.296252926960492,1,0,1,1,1,0,0,1,0,0,1,0,0,0,0,0,0,0,0,0,0,0,0,0,0,0,0,"No"
0.247632808078774,1.00098019208979,0.612857266980997,1,0,1,1,1,0,1,1,0,0,0,0,1,0,1,0,0,0,1,0,0,0,0,1,0,1,0,"Yes"
-1.26395635388301,1.18742879590382,-0.949680728463442,0,0,0,0,1,0,1,1,0,0,0,0,1,0,0,0,0,0,1,0,1,0,0,1,1,0,0,"Yes"
-0.120051042128146,0.985997714997588,0.162059923024935,1,0,0,0,1,0,0,1,0,0,0,0,0,0,0,0,1,0,1,0,1,0,0,1,0,1,0,"No"
-0.651149936871475,0.794554952152818,-0.363582106344507,0,0,0,0,1,0,1,1,0,0,0,0,0,0,1,0,0,0,0,0,1,0,0,1,0,1,0,"Yes"
-1.26395635388301,0.175279232341911,-0.963159866120828,1,0,0,0,1,0,0,1,0,0,0,0,0,0,0,0,0,0,0,0,0,0,0,1,0,1,0,"Yes"
-0.814564981407883,0.569817795769828,-0.613433884960855,1,0,0,0,1,0,0,1,0,0,1,0,0,0,1,0,0,0,0,0,0,0,0,0,0,0,0,"Yes"
-0.0383435198599417,-0.483949759714861,-0.318666427242757,1,0,0,0,0,1,0,0,0,0,0,0,0,0,1,0,0,0,1,0,1,1,0,1,0,1,0,"No"
-1.1413950704807,0.509887887401031,-0.850338597143135,1,0,0,0,1,0,0,1,0,0,0,0,0,0,0,0,0,0,0,0,1,0,0,1,0,1,0,"Yes"
0.656170419419795,0.165290914280445,0.529189067114263,0,0,1,0,1,0,1,0,0,0,0,0,0,0,1,0,1,0,0,0,1,1,0,1,0,0,1,"No"
-0.692003698005577,-1.304656560432,-0.816951127879939,0,0,0,0,1,0,1,0,1,1,0,1,0,1,0,1,0,1,0,1,0,0,0,1,1,0,0,"Yes"
-1.01883378707839,-0.663739484821253,-0.851136703978112,1,0,0,0,1,0,0,0,0,0,0,0,0,0,0,0,0,0,0,0,0,0,0,1,0,0,0,"No"
0.37019409148108,0.638071302523181,0.457337282332046,1,1,1,0,1,0,1,1,0,0,1,0,0,0,1,0,0,0,0,0,0,0,0,1,0,0,0,"Yes"
1.47324564210184,0.52487036449323,1.38917135143607,1,0,1,1,1,0,0,1,0,0,1,0,0,0,1,0,0,0,0,0,0,0,1,0,1,0,0,"No"
1.02385426962672,-0.374078261038732,0.375974724433022,1,0,0,0,0,1,0,0,0,0,0,0,0,0,1,0,1,0,1,0,1,0,1,0,1,0,0,"No"
-1.1822488316148,-1.4994287626306,-0.967061721758492,0,0,0,0,1,0,0,0,1,1,0,1,0,1,0,1,0,1,0,1,0,0,0,0,0,1,0,"No"
-0.528588653469168,-0.520573592606903,-0.570424794409328,1,0,1,1,1,0,0,0,0,0,1,0,0,0,0,0,0,0,0,0,0,1,0,1,0,0,0,"No"
1.10556179189492,-1.33628623429331,-0.332101225631533,0,0,0,0,1,0,1,0,1,1,0,1,0,1,0,1,0,1,0,1,0,0,1,0,0,1,0,"No"
0.411047852615182,-0.813564255743247,-0.273152168014775,1,0,1,0,0,1,0,0,0,0,1,0,0,0,0,0,0,0,1,0,0,0,0,1,0,0,0,"No"
-1.01883378707839,0.343415919709927,-0.754188893162736,0,0,0,0,1,0,1,1,0,0,0,0,0,0,0,0,0,0,0,0,0,0,0,1,0,1,0,"Yes"
1.43239188096774,-1.29799768172436,-0.202719239828072,1,0,1,0,1,0,1,0,1,1,0,1,0,1,0,1,0,1,0,1,0,0,1,0,1,0,0,"No"
-1.26395635388301,0.191926429111022,-0.962938169777779,1,0,0,0,1,0,0,1,0,0,0,0,0,0,0,0,0,0,0,0,0,0,0,1,0,1,0,"No"
1.30983059756543,-0.357431064269621,0.513337778586251,0,0,1,1,1,0,1,0,0,0,0,0,1,0,0,0,0,0,0,0,0,1,0,1,0,0,0,"No"
0.901292986224409,1.69849773671551,1.85734968868718,0,1,1,0,1,0,1,1,0,0,1,0,1,0,1,0,1,0,1,0,1,1,0,1,0,0,0,"No"
0.901292986224409,-1.3496039917086,-0.448358787926487,1,0,1,1,1,0,1,0,1,1,0,1,0,1,0,1,0,1,0,1,0,0,1,1,0,0,0,"No"
-0.56944241460327,-1.30798599978583,-0.792542360510232,0,0,0,1,1,0,1,0,1,1,0,1,0,1,0,1,0,1,0,1,0,0,1,0,1,0,0,"No"
-0.855418742541986,-1.4844462855384,-0.907070691329403,0,0,1,1,1,0,0,0,1,1,0,1,0,1,0,1,0,1,0,1,0,1,0,1,0,0,1,"No"
-0.814564981407883,0.456616857739877,-0.59097604540998,0,0,0,1,1,0,1,1,0,0,1,0,0,0,0,0,0,0,0,0,0,0,0,1,0,1,0,"Yes"
0.288486569212876,-1.46114021006164,-0.656066091729199,0,0,0,0,1,0,0,0,1,1,0,1,0,1,0,1,0,1,0,1,0,0,1,0,1,0,0,"No"
0.942146747358511,1.07256313819696,1.34873393846391,1,0,0,0,1,0,1,1,0,0,0,0,0,0,0,0,0,0,1,0,1,0,0,1,0,1,0,"Yes"
-0.610296175737372,0.992656593705232,-0.276943175480915,0,0,0,0,1,0,1,1,0,0,1,0,1,0,0,0,0,0,1,0,0,0,0,1,0,1,0,"Yes"
0.206779046944671,-1.47945212650766,-0.645735042143111,1,0,0,0,1,0,0,0,1,1,0,1,0,1,0,1,0,1,0,1,0,1,0,0,1,0,0,"No"
-0.406027370066861,-1.48777572489222,-0.81664075299967,0,0,1,1,1,0,0,0,1,1,0,1,0,1,0,1,0,1,0,1,0,0,0,0,0,0,1,"No"
0.247632808078774,0.118678763326936,0.183653146837918,0,0,0,0,1,0,1,0,0,0,0,0,1,0,0,0,1,0,0,0,1,0,0,0,1,0,0,"No"
-0.610296175737372,0.54151756126234,-0.353007190781065,1,0,0,1,1,0,0,0,0,0,0,0,1,0,1,0,1,0,1,0,1,1,0,0,0,1,0,"No"
-0.160904803262248,0.533193962877785,0.00126356541141461,0,0,0,0,1,0,0,1,0,0,0,0,0,0,0,0,0,0,0,0,1,0,0,1,0,1,0,"No"
-0.692003698005577,0.619759386077159,-0.493097109953798,0,0,0,0,1,0,0,1,0,0,0,0,1,0,0,0,0,0,1,0,0,0,0,1,0,0,0,"No"
1.63666068663825,0.76458999796842,1.87158259391093,1,0,1,1,1,0,1,0,0,0,1,0,1,0,1,0,1,0,1,0,1,0,1,1,0,0,0,"No"
-0.855418742541986,1.16412272042707,-0.49256503873048,0,1,1,0,1,0,1,1,0,0,0,0,0,0,1,0,0,0,1,0,1,0,0,1,0,1,0,"Yes"
-0.977980025944292,0.554835318677629,-0.734324900825535,1,1,0,0,1,0,1,1,0,0,0,0,0,0,1,0,0,0,0,0,0,0,0,1,0,1,0,"Yes"
-1.26395635388301,-1.48611100521531,-0.985285161157129,1,0,1,1,1,0,0,0,1,1,0,1,0,1,0,1,0,1,0,1,0,0,0,0,0,0,0,"Yes"
-0.0791972809940439,-1.46114021006164,-0.733814999236523,1,0,1,0,1,0,0,0,1,1,0,1,0,1,0,1,0,1,0,1,0,1,0,0,1,0,0,"No"
-0.896272503676088,0.356733677125215,-0.674688584545325,1,1,1,0,1,0,0,1,0,0,1,0,0,0,0,0,0,0,0,0,0,0,0,0,0,1,0,"No"
-0.365173608932759,1.1541344023656,-0.0246970763596362,1,0,1,0,1,0,1,1,0,0,1,0,1,0,1,0,0,0,1,0,0,0,0,1,0,1,0,"Yes"
0.00251024127416045,0.959362200167011,0.326868984447644,1,0,0,0,1,0,0,1,0,0,1,0,1,0,1,0,0,0,0,0,1,0,0,1,1,0,0,"No"
-0.773711220273781,0.305127367140973,-0.569959232088925,1,0,0,0,1,0,0,1,0,0,1,0,0,0,0,0,0,0,0,0,0,0,0,1,1,0,0,"No"
0.288486569212876,0.528199803847052,0.425413008932974,0,0,0,0,1,0,0,1,0,0,0,0,0,0,1,0,1,0,0,0,0,0,1,1,0,1,0,"Yes"
0.492755374883387,0.784566634091352,0.767556975160667,0,0,0,0,1,0,0,1,0,0,0,0,1,0,1,0,0,0,1,0,0,0,0,1,1,0,0,"No"
-0.93712626481019,-0.512249994222348,-0.795535261141395,1,1,0,0,1,0,0,0,0,0,0,0,0,0,0,0,1,0,0,0,0,0,0,0,0,0,1,"No"
1.43239188096774,-1.49609932327677,-0.402112930766443,0,0,1,0,1,0,0,0,1,1,0,1,0,1,0,1,0,1,0,1,0,0,1,0,0,0,1,"No"
-0.93712626481019,0.491575970955009,-0.700937431562339,1,0,1,1,1,0,1,1,0,0,0,0,0,0,1,0,0,0,0,0,0,0,0,1,0,0,0,"Yes"
-0.692003698005577,0.504893728370297,-0.501144687206481,0,0,0,0,1,0,1,1,0,0,0,0,1,0,0,0,0,0,0,0,0,0,0,1,0,1,0,"Yes"
1.59580692550415,1.35057132424111,2.35570089822728,0,0,1,0,1,0,1,1,0,0,0,0,1,0,1,0,0,0,1,0,1,0,1,1,0,0,0,"No"
-1.26395635388301,-0.518908872929992,-0.972404603625976,1,0,0,0,1,0,0,0,0,0,0,0,0,0,0,0,1,0,0,0,0,0,0,0,1,0,0,"No"
-0.0791972809940439,1.18076991719618,0.35650978551331,0,0,1,1,1,0,1,1,0,0,0,0,0,0,1,0,0,0,1,0,1,0,0,1,0,1,0,"Yes"
-1.26395635388301,0.158632035572801,-0.963381562463877,1,0,0,0,1,0,0,1,0,0,0,0,0,0,0,0,0,0,0,0,0,0,0,1,0,1,0,"Yes"
-0.610296175737372,-0.492273358099416,-0.623299372226541,1,0,1,0,0,1,0,0,0,0,0,0,1,0,0,0,0,0,1,0,1,0,0,1,0,0,1,"No"
-1.1822488316148,0.706324809276533,-0.873439356088853,0,0,0,0,1,0,0,1,0,0,0,0,0,0,0,0,1,0,0,0,1,0,0,0,0,1,0,"Yes"
-1.26395635388301,-0.46730256294575,-0.971717344962523,0,1,0,0,1,0,1,0,0,0,0,0,0,0,0,0,0,0,0,0,0,0,0,0,0,0,1,"Yes"
0.00251024127416045,0.489911251278098,0.145388358027642,0,1,1,0,1,0,1,1,0,0,0,0,0,0,1,0,0,0,0,0,0,0,0,0,0,0,1,"No"
-1.26395635388301,0.531529243200874,-0.958415564379577,1,0,1,0,1,0,0,1,0,0,0,0,0,0,0,0,0,0,1,0,0,0,0,1,0,1,0,"Yes"
-1.26395635388301,-0.680386681590363,-0.974555058153552,0,0,0,0,1,0,0,0,0,0,0,0,0,0,0,0,0,0,0,0,0,0,0,0,0,0,0,"No"
-0.406027370066861,0.656383218969202,-0.171349207286623,0,0,0,0,1,0,0,1,0,0,0,0,1,0,0,0,0,0,0,0,1,0,0,1,0,0,1,"Yes"
1.63666068663825,-1.27635632592452,-0.112644015647219,0,0,1,1,1,0,1,0,1,1,0,1,0,1,0,1,0,1,0,1,0,0,1,1,0,0,0,"No"
-0.93712626481019,-1.4694638084462,-0.928708254410996,0,0,0,0,1,0,0,0,1,1,0,1,0,1,0,1,0,1,0,1,0,0,0,1,1,0,0,"No"
-0.487734892335066,1.45211922453268,-0.017026382890137,1,0,0,0,1,0,0,1,0,0,1,0,1,0,1,0,1,0,1,0,1,0,0,1,0,0,0,"No"
-0.528588653469168,-1.47778740683075,-0.822360518650337,1,0,1,1,1,0,0,0,1,1,0,1,0,1,0,1,0,1,0,1,0,0,1,0,0,0,1,"No"
-1.22310259274891,0.105361005911648,-0.942409088411431,1,0,0,0,1,0,0,1,0,0,0,0,0,0,0,0,0,0,0,0,0,0,0,1,0,1,0,"Yes"
0.860439225090306,-0.32247195105449,0.356332428438871,1,0,0,0,0,1,0,0,0,0,0,0,0,0,1,0,1,0,1,0,1,1,0,0,1,0,0,"No"
-0.93712626481019,0.857814299875438,-0.653649601589964,1,0,1,1,1,0,1,1,0,0,0,0,0,0,1,0,0,0,1,0,0,1,0,1,0,1,0,"No"
-0.977980025944292,-0.294171716547002,-0.796022993096103,0,0,1,1,1,0,1,0,0,0,0,0,1,0,0,0,0,0,0,0,0,0,0,0,0,1,0,"No"
1.59580692550415,1.66520334317729,2.59746076032233,0,0,1,1,1,0,1,1,0,0,1,0,1,0,1,0,1,0,1,0,1,0,1,0,0,0,0,"No"
-0.896272503676088,0.514882046431763,-0.625804540902996,0,0,0,0,1,0,1,1,0,0,0,0,1,0,0,0,0,0,0,0,0,0,0,1,0,0,0,"Yes"
-1.26395635388301,-1.4844462855384,-0.985262991522824,1,0,0,0,1,0,0,0,1,1,0,1,0,1,0,1,0,1,0,1,0,0,0,0,0,0,1,"Yes"
1.59580692550415,0.0737313320503379,1.08500396877269,0,0,1,0,0,1,0,0,0,0,1,0,1,0,1,0,1,0,1,0,1,1,0,0,0,0,0,"No"
1.47324564210184,1.18909351558073,2.00069854410274,1,0,1,0,1,0,0,1,0,0,0,0,1,0,0,0,1,0,1,0,1,1,0,1,0,1,0,"No"
-0.242612325530453,0.686348173153601,-0.025495183194613,1,0,0,0,1,0,0,1,0,0,0,0,1,0,1,0,1,0,0,0,0,1,0,1,0,1,0,"No"
-0.406027370066861,-0.525567751637637,-0.526528918485604,0,0,0,0,1,0,0,0,0,0,1,0,0,0,0,0,0,0,0,0,0,0,0,1,1,0,0,"Yes"
-0.487734892335066,0.173614512665,-0.311150921213392,0,0,1,0,1,0,0,1,0,0,0,0,0,0,0,0,0,0,0,0,0,0,0,1,0,0,0,"No"
1.14641555302902,1.38386571777933,1.84857051350244,0,0,1,0,1,0,1,1,0,0,0,0,1,0,1,0,0,0,1,0,1,0,0,1,0,1,0,"No"
1.63666068663825,-1.46613436909237,-0.358948652774781,1,0,1,1,1,0,0,0,1,1,0,1,0,1,0,1,0,1,0,1,0,0,1,0,0,1,0,"No"
1.63666068663825,1.37054796036404,2.38888884078173,0,1,1,0,1,0,1,1,0,0,0,0,1,0,1,0,0,0,1,0,1,1,0,1,1,0,0,"No"
-1.1413950704807,-1.30965071946274,-0.94894913053138,1,0,0,0,1,0,1,0,1,1,0,1,0,1,0,1,0,1,0,1,0,0,0,0,0,0,1,"No"
-0.896272503676088,-0.121040870148254,-0.714992979711653,0,0,0,0,1,0,0,0,0,0,0,0,0,0,0,0,1,0,0,0,1,0,0,1,0,0,1,"No"
-0.0383435198599417,0.551505879323807,0.176669712031871,1,0,0,0,1,0,1,1,0,0,0,0,1,0,0,0,0,0,0,0,0,0,0,1,0,1,0,"No"
1.59580692550415,-1.51441123972279,-0.385596553209284,0,0,1,0,1,0,0,0,1,1,0,1,0,1,0,1,0,1,0,1,0,0,1,0,1,0,0,"No"
1.59580692550415,0.849490701490882,1.80407605745248,0,0,1,0,1,0,1,0,0,0,1,0,1,0,1,0,1,0,1,0,1,0,1,0,0,1,0,"No"
1.51409940323594,0.31678040487935,1.23657775851537,1,1,0,0,1,0,1,0,0,0,1,0,0,0,1,0,1,0,0,0,1,0,1,0,1,0,0,"No"
-1.26395635388301,0.681354014122868,-0.956420297292135,0,1,0,0,1,0,1,1,0,0,0,0,0,0,0,0,0,0,0,0,1,0,0,1,0,1,0,"Yes"
1.63666068663825,1.80337507636091,2.85117005530774,0,0,1,1,1,0,1,1,0,0,1,0,1,0,1,0,1,0,1,0,1,0,1,1,0,0,0,"No"
-0.242612325530453,0.709654248630356,-0.0202409798643492,0,0,1,0,1,0,0,1,0,0,0,0,0,0,0,0,1,0,0,0,1,0,0,0,1,0,0,"No"
0.0433640024082626,1.01263322982816,0.339660863441578,0,0,1,0,1,0,1,1,0,0,0,0,0,0,1,0,1,0,0,0,1,0,0,1,1,0,0,"No"
1.02385426962672,1.22238790911896,1.56850152332849,0,1,0,0,1,0,1,1,0,0,1,0,0,0,1,0,1,0,0,0,1,0,1,0,1,0,0,"No"
0.288486569212876,-1.34460983267787,-0.588603894539355,0,0,1,1,1,0,1,0,1,1,0,1,0,1,0,1,0,1,0,1,0,1,0,1,0,0,1,"No"
-0.855418742541986,-1.47445796747693,-0.884923226658797,0,0,0,0,1,0,0,0,1,1,0,1,0,1,0,1,0,1,0,1,0,0,0,0,0,0,0,"No"
-0.446881131200964,1.27232949942629,-0.0585057686746256,0,0,1,1,1,0,0,1,0,0,0,0,1,0,1,0,1,0,1,0,1,0,0,1,0,1,0,"Yes"
1.47324564210184,0.689677612507423,1.47113248946133,0,0,1,1,1,0,1,0,0,0,0,0,1,0,1,0,1,0,1,0,1,0,1,0,0,0,0,"No"
-0.56944241460327,0.832843504721772,-0.270070588846392,1,0,0,0,1,0,1,1,0,0,0,0,0,0,1,0,0,0,1,0,0,1,0,1,1,0,0,"No"
0.819585463956204,-0.453984805530462,0.163412270717534,0,0,1,1,1,0,0,0,0,0,0,0,0,0,1,0,0,0,0,0,0,1,0,1,0,0,0,"No"
0.533609136017489,1.30062973393377,1.11103111944665,1,0,0,0,1,0,1,1,0,0,0,0,0,0,1,0,1,0,1,0,1,0,0,1,0,0,0,"No"
1.43239188096774,-1.28135048495525,-0.213959244420662,0,0,0,0,1,0,1,0,1,1,0,1,0,1,0,1,0,1,0,1,0,0,1,1,0,0,1,"No"
-1.1822488316148,-0.981700943111261,-0.949303844680258,1,0,1,0,0,1,0,0,0,0,1,0,0,0,0,0,1,0,0,0,0,0,0,0,0,0,1,"No"
1.26897683643133,0.0887138091425373,0.883260296597998,1,0,1,0,1,0,1,0,0,0,0,0,1,0,0,0,1,0,0,0,1,0,1,0,0,0,1,"No"
-0.855418742541986,-1.31797431784729,-0.860802664535053,0,0,1,1,1,0,1,0,1,1,0,1,0,1,0,1,0,1,0,1,0,0,1,0,0,0,1,"No"
0.942146747358511,0.439969660970767,0.922810924197959,1,0,0,0,1,0,1,0,0,0,0,0,0,0,1,0,0,0,1,0,1,0,1,1,0,0,0,"No"
-0.283466086664555,-0.315813072346845,-0.344072828156186,1,0,1,1,1,0,1,0,0,0,0,0,0,0,0,0,1,0,0,0,0,1,0,1,0,0,1,"No"
1.63666068663825,1.7717454024996,2.85664595498105,1,0,1,0,1,0,1,1,0,0,1,0,1,0,1,0,1,0,1,0,1,1,0,1,0,0,0,"Yes"
1.63666068663825,-1.34627455235478,-0.206465908025602,0,0,1,0,1,0,1,0,1,1,0,1,0,1,0,1,0,1,0,1,0,0,1,1,1,0,0,"No"
1.35068435869953,-0.64376284869832,0.30676112613309,0,0,0,1,0,1,0,0,0,0,0,0,1,0,0,0,1,0,1,0,0,0,1,0,0,0,1,"No"
0.901292986224409,0.496570129985742,0.943606041175966,0,1,0,0,1,0,1,1,0,0,0,0,1,0,0,0,0,0,0,0,0,0,0,1,0,1,0,"Yes"
1.63666068663825,0.0054778252969853,1.13626016328564,0,0,1,0,1,0,1,0,0,0,1,0,1,0,0,0,1,0,0,0,0,0,1,0,0,0,0,"No"
-1.22310259274891,-1.46114021006164,-0.976461646703775,0,0,0,0,1,0,0,0,1,1,0,1,0,1,0,1,0,1,0,1,0,0,0,1,0,0,0,"No"
-1.1413950704807,1.00430963144361,-0.8068417746369,1,1,0,0,1,0,0,1,0,0,0,0,0,0,1,0,0,0,1,0,1,0,0,1,0,1,0,"No"
-1.1822488316148,0.501564289016475,-0.882506736519561,1,0,1,0,1,0,1,1,0,0,0,0,0,0,0,0,1,0,0,0,0,0,0,1,0,0,0,"Yes"
1.63666068663825,1.70515661542316,2.70028352422851,1,0,1,0,1,0,1,1,0,0,1,0,1,0,1,0,1,0,1,0,1,0,1,0,1,0,0,"No"
-1.0596875482125,-0.503926395837793,-0.854639506198288,0,0,0,0,1,0,0,0,0,0,1,0,0,0,0,0,0,0,0,0,0,0,0,1,0,1,0,"No"
0.819585463956204,0.639736022200092,0.92638023532105,1,0,0,0,1,0,0,1,0,0,0,0,0,0,1,0,0,0,0,0,1,0,0,1,1,0,0,"No"
1.51409940323594,1.02428626756654,1.83560127743406,1,1,1,0,1,0,1,1,0,0,0,0,1,0,1,0,0,0,0,0,1,0,0,1,0,0,0,"No"
-0.977980025944292,1.0026449117667,-0.665887239726275,1,0,0,0,1,0,0,1,0,0,0,0,0,0,1,0,0,0,1,0,1,0,0,1,0,1,0,"Yes"
-0.977980025944292,0.315115685202439,-0.728028724682941,0,1,0,0,1,0,0,1,0,0,0,0,0,0,1,0,0,0,0,0,0,0,0,1,0,0,0,"No"
1.14641555302902,1.73179213025373,2.13156589540463,1,0,0,0,1,0,1,1,0,0,1,0,1,0,1,0,1,0,1,0,1,1,0,1,1,0,0,"No"
-0.814564981407883,-0.345778026531244,-0.687968195493966,0,0,1,0,1,0,0,0,0,0,1,0,0,0,0,0,1,0,0,0,0,0,0,0,0,0,0,"No"
-0.406027370066861,0.0154661433584514,-0.361165616205272,1,0,0,0,1,0,1,0,0,0,1,0,1,0,1,0,0,0,0,0,0,0,0,0,0,0,1,"No"
-1.1005413093466,0.929397245982613,-0.793406976248124,1,0,0,0,1,0,1,1,0,0,0,0,0,0,1,0,0,0,1,0,0,0,0,1,0,1,0,"Yes"
-1.22310259274891,-1.52606427746117,-0.970564523978668,0,0,0,0,1,0,0,0,1,1,0,1,0,1,0,1,0,1,0,1,0,0,0,0,0,0,0,"No"
0.329340330346978,-1.47945212650766,-0.649459540706336,0,0,1,1,1,0,0,0,1,1,0,1,0,1,0,1,0,1,0,1,0,0,1,0,0,0,0,"No"
0.492755374883387,-1.4844462855384,-0.612436251417134,1,0,1,1,1,0,0,0,1,1,0,1,0,1,0,1,0,1,0,1,0,1,0,0,0,0,0,"No"
1.59580692550415,0.213567784910865,1.22819763674811,1,1,1,0,1,0,0,0,0,0,1,0,1,0,0,0,1,0,1,0,0,1,0,1,0,0,0,"No"
-1.26395635388301,0.180273391372645,-0.963093357217913,1,0,1,1,1,0,0,1,0,0,0,0,0,0,0,0,0,0,0,0,0,0,0,1,0,1,0,"Yes"
-1.26395635388301,-1.33795095397022,-0.983312063703992,0,0,0,0,0,1,0,0,0,0,0,0,0,0,0,0,0,0,0,0,0,0,0,0,0,0,1,"No"
-1.1822488316148,0.0221250220660957,-0.901062720432772,1,0,0,0,1,0,1,0,0,0,0,0,0,0,0,0,1,0,1,0,0,0,0,1,0,0,1,"No"
-0.773711220273781,-0.46730256294575,-0.7233287622103,1,0,0,0,1,0,0,0,0,0,0,0,0,0,0,0,1,0,0,0,0,0,0,1,0,0,1,"No"
-1.1413950704807,-0.64376284869832,-0.92524979145943,1,0,1,1,1,0,0,0,0,0,0,0,0,0,0,0,0,0,0,0,0,0,0,0,0,0,1,"No"
-1.22310259274891,0.190261709434111,-0.930282298446645,1,0,0,0,1,0,0,1,0,0,0,0,0,0,0,0,0,0,0,0,0,0,0,1,0,1,0,"No"
1.63666068663825,1.47709001968635,2.49758655777871,1,0,1,0,1,0,1,1,0,0,1,0,1,0,0,0,1,0,1,0,1,0,1,1,1,0,0,"No"
0.206779046944671,-1.26969744721687,-0.58993407259765,0,0,1,1,1,0,1,0,1,1,0,1,0,1,0,1,0,1,0,1,0,0,0,0,0,0,1,"No"
-0.692003698005577,0.719642566691822,-0.430933455362827,0,0,0,0,1,0,0,1,0,0,1,0,0,0,0,0,0,0,1,0,0,0,0,0,0,1,0,"Yes"
-0.365173608932759,-1.49609932327677,-0.782144802021229,0,0,0,0,1,0,0,0,1,1,0,1,0,1,0,1,0,1,0,1,0,1,0,1,1,0,0,"No"
-0.0791972809940439,-0.445661207145907,-0.301773165902415,0,0,1,1,0,1,0,0,0,0,0,0,0,0,0,0,1,0,1,0,1,0,0,0,1,0,0,"Yes"
0.411047852615182,-1.51607595939971,-0.656332127340858,0,0,1,1,1,0,0,0,1,1,0,1,0,1,0,1,0,1,0,1,0,1,0,1,0,1,0,"No"
0.00251024127416045,0.338421760679193,0.018112487483147,0,0,0,0,1,0,1,0,0,0,1,0,0,0,0,0,0,0,1,0,1,1,0,0,0,0,1,"No"
-0.406027370066861,0.373380873894325,-0.27800731792755,0,0,1,1,1,0,1,1,0,0,0,0,0,0,0,0,0,0,0,0,0,0,0,1,0,0,0,"No"
0.411047852615182,-1.31464487849347,-0.507662559692124,1,0,1,0,0,1,0,0,0,0,0,0,0,0,0,0,0,0,0,0,0,0,0,1,1,0,0,"No"
-0.977980025944292,-0.670398363528897,-0.830385926268715,0,0,0,0,1,0,0,0,0,0,0,0,0,0,0,0,0,0,0,0,0,0,0,0,0,0,1,"No"
-1.22310259274891,-1.50109348230751,-0.98014180599839,0,0,0,0,1,0,0,0,1,1,0,1,0,1,0,1,0,1,0,1,0,0,0,0,0,0,1,"Yes"
1.55495316437004,0.81286686859884,1.79622800690854,0,0,1,1,1,0,1,0,0,0,1,0,1,0,1,0,1,0,1,0,1,0,1,1,0,0,0,"No"
-0.406027370066861,-1.47945212650766,-0.802363508507308,1,0,0,1,1,0,0,0,1,1,0,1,0,1,0,1,0,1,0,1,0,0,0,0,1,0,0,"No"
1.43239188096774,-0.94674182989613,0.0852864794270277,0,0,1,1,0,1,0,0,0,0,1,0,1,0,0,0,0,0,0,0,0,0,1,0,0,0,0,"No"
-0.283466086664555,-1.51108180036897,-0.758201596971925,0,0,0,0,1,0,0,0,1,1,0,1,0,1,0,1,0,1,0,1,0,0,0,1,1,0,0,"No"
-0.487734892335066,-1.50941708069206,-0.827747739786431,0,0,1,0,1,0,0,0,1,1,0,1,0,1,0,1,0,1,0,1,0,0,0,0,0,0,0,"No"
-0.283466086664555,1.18742879590382,0.0645800409862408,0,0,0,0,1,0,1,1,0,0,0,0,1,0,0,0,0,0,1,0,1,0,0,1,0,1,0,"Yes"
-0.773711220273781,-0.685380840621096,-0.701779877665926,1,0,0,1,1,0,0,0,0,0,0,0,0,0,0,0,0,0,0,0,0,0,0,0,0,0,1,"No"
-0.283466086664555,1.27232949942629,0.185382378313701,0,1,0,0,1,0,1,1,0,0,1,0,1,0,0,0,0,0,1,0,1,0,0,1,0,0,1,"Yes"
0.451901613749285,1.17910519751927,0.873239621892178,1,0,0,0,1,0,1,1,0,0,0,0,0,0,0,0,1,0,1,0,1,1,0,1,0,1,0,"Yes"
-0.528588653469168,-1.4844462855384,-0.826727936608405,1,0,0,1,1,0,0,0,1,1,0,1,0,1,0,1,0,1,0,1,0,0,0,1,0,1,0,"No"
-0.896272503676088,1.17411103848854,-0.55477303259006,1,0,1,0,1,0,0,1,0,0,0,0,1,0,0,0,1,0,1,0,1,0,0,1,0,1,0,"Yes"
-1.22310259274891,0.985997714997588,-0.908201342678953,0,0,0,1,1,0,1,1,0,0,0,0,0,0,0,0,0,0,1,0,1,0,0,1,0,0,0,"Yes"
1.63666068663825,0.726301445399466,1.69236327019003,0,0,1,0,1,0,1,0,0,0,1,0,1,0,0,0,1,0,1,0,1,0,1,1,0,0,0,"No"
-0.56944241460327,-0.205941573670717,-0.566301242428614,1,1,0,0,1,0,1,0,0,0,1,0,1,0,0,0,0,0,0,0,0,0,0,1,1,0,0,"No"
-0.201758564396351,0.789560793122085,0.100051455874099,0,1,0,0,1,0,1,1,0,0,0,0,0,0,1,0,0,0,0,0,1,0,0,0,1,0,0,"Yes"
1.51409940323594,1.31394749134906,2.2257868412005,1,0,0,0,1,0,0,1,0,0,0,0,1,0,1,0,1,0,1,0,1,1,0,1,0,0,0,"Yes"
0.574462897151591,1.47542530000943,1.15823027088181,0,0,1,0,1,0,1,1,0,0,0,0,1,0,1,0,1,0,1,0,1,0,1,1,1,0,0,"No"
1.63666068663825,1.4254837097021,2.44160823115881,0,1,0,0,1,0,1,1,0,0,1,0,1,0,1,0,1,0,0,0,1,0,1,1,0,0,0,"No"
-0.406027370066861,1.0026449117667,-0.145078190635303,1,0,1,0,1,0,0,1,0,0,0,0,0,0,1,0,0,0,1,0,1,0,0,1,1,0,0,"Yes"
-1.22310259274891,-1.48777572489222,-0.968680105062751,0,0,0,0,1,0,0,0,1,1,0,1,0,1,0,1,0,1,0,1,0,0,0,0,0,1,0,"No"
-0.0383435198599417,0.0604135746350498,-0.0985662978636,1,0,1,0,1,0,0,0,0,0,0,0,0,0,1,0,1,0,0,0,1,0,0,1,1,0,0,"No"
0.819585463956204,-1.29799768172436,-0.402423305646711,1,0,0,1,1,0,1,0,1,1,0,1,0,1,0,1,0,1,0,1,0,0,1,0,1,0,0,"No"
-0.773711220273781,-1.48944044456913,-0.882395888348037,1,0,1,1,1,0,0,0,1,1,0,1,0,1,0,1,0,1,0,1,0,0,0,1,0,0,1,"No"
1.63666068663825,1.00098019208979,1.99759479530005,1,0,1,0,1,0,0,1,0,0,0,0,0,0,1,0,0,0,1,0,1,0,0,1,0,1,0,"No"
1.39153811983363,0.531529243200874,1.34037598633096,0,1,1,0,1,0,1,0,0,0,0,0,1,0,1,0,0,0,1,0,1,0,1,1,0,0,0,"Yes"
0.697024180553898,1.40051291454844,1.30013810006755,0,0,1,0,1,0,1,1,0,0,1,0,1,0,1,0,1,0,0,0,1,0,1,0,1,0,0,"No"
-1.22310259274891,-0.623786212575388,-0.947308577592816,0,0,0,0,1,0,0,0,0,0,0,0,0,0,0,0,0,0,0,0,0,0,0,1,0,0,1,"No"
-0.446881131200964,1.32393580941053,0.0131908286674568,1,1,0,0,1,0,1,1,0,0,0,0,1,0,1,0,0,0,1,0,1,0,0,1,0,1,0,"No"
0.901292986224409,-0.304160034608468,0.321393084774331,1,1,0,0,0,1,0,0,0,0,0,0,1,0,1,0,0,0,1,0,1,1,0,1,0,1,0,"No"
-1.26395635388301,-0.11438199144061,-0.967017382489882,1,0,0,0,1,0,1,0,0,0,1,0,1,0,0,0,0,0,0,0,0,0,0,0,0,1,0,"No"
-1.0596875482125,0.478258213539721,-0.774673635260474,1,0,0,0,1,0,0,1,0,0,1,0,1,0,0,0,0,0,0,0,0,0,0,1,0,1,0,"No"
-1.26395635388301,-0.670398363528897,-0.974422040347723,0,0,0,0,1,0,0,0,0,0,0,0,0,0,0,0,0,0,0,0,0,0,0,1,0,0,1,"Yes"
0.697024180553898,1.4854136180709,1.35161599092355,1,0,0,1,1,0,1,1,0,0,1,0,1,0,1,0,0,0,1,0,1,1,0,1,1,0,0,"No"
0.983000508492613,1.07422785787387,1.3202237887478,0,1,0,0,1,0,1,1,0,0,1,0,1,0,0,0,0,0,0,0,1,0,0,1,0,1,0,"No"
-1.0596875482125,-0.800246498327958,-0.897692936018425,0,0,1,1,0,1,0,0,0,0,0,0,1,0,1,0,1,0,0,0,0,0,1,0,0,0,1,"No"
0.737877941688,1.45378394420959,1.41411219002909,1,0,1,1,1,0,1,1,0,0,1,0,1,0,1,0,0,0,1,0,1,1,0,1,0,1,0,"No"
1.06470803076082,1.34724188488728,1.66837572587212,1,0,1,1,1,0,1,1,0,0,0,0,0,0,1,0,1,0,1,0,1,1,0,1,0,0,0,"No"
1.35068435869953,0.86114373922926,1.64755843925981,0,0,1,1,1,0,1,0,0,0,1,0,1,0,1,0,1,0,1,0,1,0,1,1,0,0,1,"No"
1.30983059756543,1.24902342394953,1.97132377864873,1,1,0,0,1,0,1,1,0,0,0,0,0,0,1,0,1,0,1,0,1,1,0,0,0,1,0,"No"
1.14641555302902,0.185267550403378,0.879070235714369,0,0,0,0,1,0,0,0,0,0,0,0,1,0,1,0,1,0,1,0,0,1,0,1,1,0,0,"No"
0.737877941688,0.514882046431763,0.798151070501444,0,0,1,1,1,0,1,0,0,0,1,0,1,0,1,0,1,0,0,0,1,1,0,1,0,0,0,"No"
-1.26395635388301,-0.084417037256211,-0.966618329072394,1,0,0,0,1,0,1,0,0,0,0,0,0,0,1,0,1,0,0,0,0,0,0,0,0,0,1,"Yes"
1.14641555302902,-1.46779908876929,-0.46259169315024,1,0,1,0,1,0,0,0,1,1,0,1,0,1,0,1,0,1,0,1,0,0,1,1,0,0,0,"No"
1.51409940323594,-0.320807231377578,0.678568063060754,0,0,1,1,0,1,0,0,0,0,0,0,1,0,1,0,0,0,1,0,1,0,1,1,1,0,0,"No"
-0.0383435198599417,1.06590425948932,0.281931135711589,1,1,0,0,1,0,1,1,0,0,0,0,0,0,1,0,1,0,1,0,0,0,0,1,0,0,0,"No"
-0.528588653469168,-1.48777572489222,-0.835529281427455,1,0,1,1,1,0,0,0,1,1,0,1,0,1,0,1,0,1,0,1,0,1,0,0,0,0,1,"No"
-0.814564981407883,0.666371537030668,-0.568518205859105,1,0,1,0,1,0,0,1,0,0,1,0,1,0,1,0,0,0,0,0,0,0,0,1,0,1,0,"No"
0.492755374883387,0.688012892830512,0.64826217296594,1,0,0,0,1,0,1,0,0,0,0,0,1,0,1,0,1,0,1,0,1,1,0,1,0,0,0,"No"
0.983000508492613,0.554835318677629,1.05452072160344,0,0,1,1,1,0,1,0,0,0,1,0,1,0,1,0,1,0,1,0,0,0,1,0,1,0,0,"No"
1.63666068663825,1.69516829736169,2.69168170611821,0,0,1,0,1,0,1,1,0,0,1,0,1,0,1,0,1,0,1,0,1,0,1,1,0,0,0,"No"
-0.855418742541986,0.479922933216632,-0.582086022053711,0,0,0,0,1,0,1,1,0,0,1,0,0,0,0,0,0,0,0,0,0,0,0,1,0,0,0,"No"
-0.324319847798657,-0.848523368958378,-0.563463529237586,1,1,1,0,0,1,0,0,0,0,1,0,0,0,0,0,0,0,0,0,1,0,0,0,0,0,0,"Yes"
-0.692003698005577,1.00098019208979,-0.424349073974269,0,1,1,0,1,0,0,1,0,0,0,0,1,0,0,0,0,0,1,0,1,0,0,1,0,1,0,"No"
0.983000508492613,-0.169317740778674,0.50863781611361,1,0,1,0,1,0,1,0,0,0,0,0,1,0,1,0,0,0,0,0,0,0,1,0,1,0,0,"No"
1.30983059756543,-1.48278156586148,-0.462924237664814,1,1,0,0,1,0,0,0,1,1,0,1,0,1,0,1,0,1,0,1,0,0,1,1,0,0,0,"No"
0.0842177635423648,1.19408767461147,0.519899990340505,0,0,1,0,1,0,1,1,0,0,0,0,0,0,1,0,0,0,1,0,1,0,0,1,0,1,0,"No"
-1.22310259274891,0.39668694937108,-0.922101703388133,1,0,0,0,1,0,1,1,0,0,0,0,0,0,0,0,0,0,0,0,0,0,0,1,0,1,0,"Yes"
0.125071524676467,-1.46446964941546,-0.659812759926729,1,0,0,0,1,0,0,0,1,1,0,1,0,1,0,1,0,1,0,1,0,1,0,0,0,0,0,"No"
-0.406027370066861,-1.47445796747693,-0.786999951934004,1,0,0,0,1,0,0,0,1,1,0,1,0,1,0,1,0,1,0,1,0,1,0,0,1,0,0,"No"
-0.855418742541986,-1.379568945893,-0.885410958613505,1,0,0,0,1,0,1,0,1,1,0,1,0,1,0,1,0,1,0,1,0,0,0,0,1,0,0,"Yes"
-0.365173608932759,-1.4694638084462,-0.780814623962934,1,0,0,0,1,0,0,0,1,1,0,1,0,1,0,1,0,1,0,1,0,1,0,0,0,0,1,"No"
1.47324564210184,-1.30965071946274,-0.227859605129841,1,0,1,0,1,0,1,0,1,1,0,1,0,1,0,1,0,1,0,1,0,0,1,0,0,0,0,"No"
0.0433640024082626,0.887779254059837,0.320107245984646,1,0,1,0,1,0,0,1,0,0,0,0,0,0,0,0,0,0,1,0,1,0,0,0,0,1,0,"No"
-0.0383435198599417,0.261844655541286,-0.0380653658454976,1,0,0,0,1,0,0,0,0,0,1,0,1,0,1,0,1,0,1,0,0,0,0,1,0,0,0,"No"
0.983000508492613,-1.49443460359986,-0.527726078738069,0,0,0,0,1,0,0,0,1,1,0,1,0,1,0,1,0,1,0,1,0,0,1,0,0,0,0,"No"
-1.26395635388301,0.478258213539721,-0.959124992677334,1,0,0,0,1,0,0,1,0,0,0,0,0,0,0,0,0,0,1,0,0,0,0,1,0,1,0,"Yes"
1.39153811983363,0.35007479841757,1.2285966901656,1,0,1,1,1,0,0,0,0,0,1,0,1,0,1,0,1,0,1,0,0,1,0,1,0,1,0,"No"
0.0842177635423648,0.151973156865157,0.014631854897276,1,1,0,0,1,0,0,1,0,0,0,0,0,0,0,0,0,0,0,0,0,0,0,0,1,0,0,"No"
-1.22310259274891,-0.647092288052142,-0.950456665664114,1,0,0,0,1,0,0,0,0,0,0,0,0,0,0,0,0,0,0,0,0,0,0,1,0,1,0,"Yes"
0.206779046944671,-0.958394867634507,-0.41022701692204,1,0,0,0,0,1,0,0,0,0,0,0,0,0,0,0,0,0,1,0,0,0,1,0,1,0,0,"No"
1.59580692550415,1.61692647254687,2.55003991254413,0,0,0,0,1,0,1,1,0,0,1,0,1,0,1,0,1,0,1,0,1,0,1,1,1,0,0,"No"
-1.0596875482125,-1.49443460359986,-0.952252406042812,0,0,1,1,1,0,0,0,1,1,0,1,0,1,0,1,0,1,0,1,0,1,0,0,0,0,1,"No"
0.860439225090306,0.884449814706015,1.16186609090782,0,0,1,0,1,0,1,1,0,0,0,0,0,0,0,0,1,0,0,0,1,1,0,1,0,1,0,"No"
-1.1005413093466,0.145314278157513,-0.838278316081264,0,0,1,0,1,0,0,1,0,0,0,0,0,0,0,0,0,0,0,0,0,0,0,1,0,1,0,"No"
-1.22310259274891,-0.434008169407529,-0.947042541981158,0,0,0,1,1,0,0,0,0,0,0,0,1,0,0,0,0,0,0,0,0,0,0,0,0,0,1,"No"
-0.93712626481019,0.181938111049555,-0.702600154135208,1,0,0,0,1,0,0,1,0,0,0,0,0,0,0,0,0,0,0,0,0,0,0,0,0,0,1,"No"
-1.1005413093466,0.471599334832077,-0.805090373526812,1,0,0,0,1,0,0,1,0,0,0,0,0,0,0,0,0,0,0,0,1,0,0,0,0,0,1,"No"
1.59580692550415,0.153637876542068,1.2150732132396,0,1,1,1,1,0,1,0,0,0,1,0,1,0,0,0,0,0,1,0,0,1,0,0,0,1,0,"No"
-1.26395635388301,-1.4994287626306,-0.985462518231568,0,0,0,0,1,0,0,0,1,1,0,1,0,1,0,1,0,1,0,1,0,0,0,1,0,0,1,"No"
-0.56944241460327,0.534858682554696,-0.35036900429878,1,0,0,0,1,0,1,1,0,0,0,0,1,0,0,0,0,0,0,0,0,0,0,1,0,1,0,"Yes"
1.63666068663825,1.30062973393377,2.39108363457792,1,0,0,0,1,0,1,1,0,0,0,0,1,0,1,0,0,0,1,0,1,0,1,1,0,1,0,"No"
-1.26395635388301,0.216897224264687,-0.962605625263205,0,0,0,0,1,0,0,1,0,0,0,0,0,0,0,0,0,0,0,0,0,0,0,0,0,0,1,"Yes"
-0.0383435198599417,0.674695135415223,0.173499454326269,0,1,1,0,1,0,1,1,0,0,0,0,0,0,0,0,0,0,0,0,1,0,0,1,0,1,0,"No"
-1.1822488316148,-1.4844462855384,-0.972116398380012,1,0,1,0,1,0,0,0,1,1,0,1,0,1,0,1,0,1,0,1,0,0,0,0,0,0,0,"No"
1.35068435869953,1.38719515713315,2.10066142518358,0,1,1,0,1,0,1,1,0,0,0,0,1,0,1,0,0,0,1,0,1,1,0,1,0,1,0,"Yes"
0.697024180553898,1.1541344023656,1.18771588450734,1,0,1,0,1,0,0,1,0,0,0,0,0,0,1,0,1,0,1,0,1,1,0,1,1,0,0,"No"
-1.22310259274891,-1.50608764133824,-0.973579594244136,1,0,0,0,1,0,0,0,1,1,0,1,0,1,0,1,0,1,0,1,0,0,0,0,0,0,1,"No"
0.860439225090306,-1.45781077070782,-0.541072198589626,0,0,1,0,1,0,0,0,1,1,0,1,0,1,0,1,0,1,0,1,0,1,0,0,0,0,0,"Yes"
0.942146747358511,1.00430963144361,1.34525330587804,0,0,1,0,1,0,0,1,0,0,1,0,0,0,0,0,0,0,1,0,1,1,0,1,0,1,0,"No"
-0.896272503676088,-1.49110516424604,-0.906893334254963,0,0,1,1,1,0,0,0,1,1,0,1,0,1,0,1,0,1,0,1,0,0,0,1,0,0,0,"No"
-1.26395635388301,0.979338836289944,-0.952451932751556,1,1,0,0,1,0,1,1,0,0,0,0,0,0,0,0,0,0,1,0,1,0,0,1,0,1,0,"Yes"
1.63666068663825,0.54151756126234,1.58852070310583,0,0,1,1,1,0,1,0,0,0,1,0,1,0,1,0,1,0,0,0,1,0,1,0,0,0,0,"No"
0.247632808078774,0.902761731152036,0.54845447932523,1,0,1,0,1,0,1,1,0,0,1,0,0,0,0,0,0,0,1,0,0,0,0,0,0,0,0,"No"
0.819585463956204,-1.33295679493949,-0.40395301041375,1,0,1,1,1,0,1,0,1,1,0,1,0,1,0,1,0,1,0,1,0,0,1,0,0,0,1,"No"
1.43239188096774,-1.50275820198442,-0.46385536230562,1,0,0,0,1,0,0,0,1,1,0,1,0,1,0,1,0,1,0,1,0,1,0,1,0,0,1,"No"
0.0842177635423648,1.71680965316153,0.755895747516284,0,0,0,1,1,0,1,1,0,0,1,0,1,0,1,0,1,0,1,0,1,0,1,1,1,0,0,"No"
-1.26395635388301,-1.47445796747693,-0.985129973716995,0,0,1,0,1,0,0,0,1,1,0,1,0,1,0,1,0,1,0,1,0,0,0,1,0,0,0,"No"
-0.692003698005577,0.841167103106327,-0.362318437189127,0,1,0,0,1,0,1,1,0,0,0,0,1,0,0,0,0,0,0,0,1,0,0,0,0,1,0,"Yes"
-1.1413950704807,-0.618792053544655,-0.908290021216173,0,0,0,0,1,0,0,0,0,0,0,0,0,0,0,0,0,0,0,0,0,0,0,1,0,0,1,"Yes"
0.942146747358511,0.346745359063749,0.874281594704509,0,0,1,1,1,0,1,0,0,0,1,0,1,0,0,0,1,0,1,0,0,1,0,1,1,0,0,"No"
-1.26395635388301,-1.48777572489222,-0.985307330791434,0,0,0,0,1,0,0,0,1,1,0,1,0,1,0,1,0,1,0,1,0,0,0,0,0,0,1,"No"
1.30983059756543,0.523205644816319,1.23068063579026,1,1,1,0,1,0,0,1,0,0,1,0,0,0,1,0,0,0,0,0,0,1,0,0,1,0,0,"No"
0.860439225090306,-1.49276988392295,-0.527526552029325,1,0,0,1,1,0,0,0,1,1,0,1,0,1,0,1,0,1,0,1,0,0,1,0,0,0,0,"Yes"
1.06470803076082,0.656383218969202,1.18576495668851,0,0,1,0,1,0,1,0,0,0,1,0,0,0,1,0,1,0,1,0,1,0,1,1,0,1,0,"No"
0.983000508492613,-0.350772185561977,0.318222827068729,1,0,1,0,0,1,0,0,0,0,0,0,0,0,1,0,1,0,1,0,1,1,0,1,0,0,0,"No"
1.63666068663825,1.34224772585655,2.35771833494903,1,0,1,1,1,0,0,1,0,0,1,0,0,0,1,0,1,0,1,0,1,0,1,1,1,0,0,"No"
-0.977980025944292,1.36222436197948,-0.626314442492009,0,1,0,0,1,0,1,1,0,0,0,0,1,0,1,0,0,0,1,0,1,0,0,1,0,1,0,"Yes"
-0.651149936871475,0.546511720293073,-0.412333132181007,0,0,0,1,1,0,0,1,0,0,0,0,0,0,0,0,0,0,1,0,0,0,0,1,0,1,0,"Yes"
0.288486569212876,-0.781934581881937,-0.286010555911623,0,0,0,0,0,1,0,0,0,0,0,0,1,0,1,0,1,0,0,0,0,0,0,0,0,0,0,"No"
0.901292986224409,0.331762881971549,0.864327428901604,1,0,1,0,1,0,0,0,0,0,1,0,1,0,0,0,0,0,1,0,1,0,1,1,0,0,0,"No"
-0.56944241460327,-0.811899536066335,-0.678457422377159,0,0,0,0,0,1,0,0,0,0,1,0,1,0,0,0,1,0,0,0,0,1,0,1,0,0,1,"No"
0.00251024127416045,0.196920588141755,-0.0178909986280285,1,0,1,0,1,0,0,0,0,0,1,0,1,0,0,0,1,0,0,0,1,1,0,0,0,0,1,"No"
0.37019409148108,-1.49276988392295,-0.636335117197828,0,0,0,0,1,0,0,0,1,1,0,1,0,1,0,1,0,1,0,1,0,1,0,1,0,0,1,"No"
1.43239188096774,-1.32962735558567,-0.275635167056925,1,0,1,1,1,0,1,0,1,1,0,1,0,1,0,1,0,1,0,1,0,0,1,0,0,0,0,"No"
1.35068435869953,1.32060637005671,2.02668135550809,1,0,1,0,1,0,1,1,0,0,1,0,0,0,1,0,0,0,1,0,1,0,0,1,0,1,0,"No"
-1.26395635388301,0.173614512665,-0.963182035755133,0,0,1,1,1,0,0,1,0,0,0,0,0,0,0,0,0,0,0,0,0,0,0,1,0,1,0,"Yes"
1.43239188096774,1.50206081484001,2.2623445681693,0,0,1,0,1,0,1,1,0,0,0,0,1,0,1,0,1,0,1,0,1,1,0,1,1,0,0,"No"
-1.01883378707839,0.305127367140973,-0.752415322418343,1,1,0,0,1,0,1,1,0,0,0,0,0,0,0,0,0,0,0,0,0,0,0,0,0,0,1,"Yes"
-0.324319847798657,0.999315472412876,0.0182011660203668,0,0,0,0,1,0,0,1,0,0,1,0,0,0,0,0,0,0,1,0,1,0,0,1,0,1,0,"No"
-0.93712626481019,-0.334124988792867,-0.775072688677962,1,1,0,0,1,0,1,0,0,0,1,0,0,0,0,0,0,0,0,0,0,0,0,0,0,1,0,"Yes"
1.51409940323594,-1.47778740683075,-0.383800812830586,1,0,1,1,1,0,0,0,1,1,0,1,0,1,0,1,0,1,0,1,0,0,1,0,0,0,0,"No"
0.206779046944671,-1.47445796747693,-0.659192010166192,0,0,0,1,1,0,0,0,1,1,0,1,0,1,0,1,0,1,0,1,0,1,0,0,0,0,0,"No"
0.206779046944671,0.388363350986525,0.265791641937614,0,1,0,0,1,0,1,1,0,0,0,0,0,0,0,0,0,0,0,0,0,0,0,1,0,1,0,"Yes"
0.37019409148108,-0.440667048115173,-0.0740466823223683,1,0,0,0,0,1,0,0,0,0,0,0,0,0,1,0,0,0,1,0,1,1,0,1,0,1,0,"No"
0.901292986224409,1.18076991719618,1.35569520363565,0,0,0,0,1,0,0,1,0,0,1,0,1,0,0,0,0,0,1,0,1,1,0,1,1,0,0,"No"
-1.1822488316148,0.193591148787933,-0.903368362400483,0,1,0,0,1,0,0,1,0,0,0,0,0,0,0,0,0,0,0,0,0,0,0,1,0,1,0,"Yes"
-0.56944241460327,-0.605474296129366,-0.633918627058593,1,0,1,1,0,1,0,0,0,0,0,0,1,0,1,0,0,0,1,0,0,1,0,0,1,0,0,"No"
-0.487734892335066,-1.32130375720111,-0.769796315713393,0,0,0,0,0,1,0,0,0,0,0,0,0,0,0,0,0,0,0,0,0,0,0,0,1,0,0,"No"
1.26897683643133,1.46210754259415,2.10602647668537,1,1,1,0,1,0,1,1,0,0,1,0,1,0,1,0,0,0,1,0,1,0,1,0,1,0,0,"No"
-0.773711220273781,-0.800246498327958,-0.732373973006703,1,0,1,1,0,1,0,0,0,0,1,0,1,0,0,0,1,0,0,0,0,0,1,0,0,0,1,"No"
0.656170419419795,-0.187629657224695,0.242801731163421,0,1,1,0,1,0,0,0,0,0,0,0,1,0,0,0,0,0,0,0,1,1,0,1,0,0,0,"No"
-1.22310259274891,0.211903065233954,-0.932964824197539,0,0,0,0,1,0,0,1,0,0,0,0,0,0,0,0,0,0,0,0,0,0,0,1,0,1,0,"Yes"
1.59580692550415,1.61692647254687,2.5322820354659,1,0,1,0,1,0,1,1,0,0,0,0,1,0,1,0,1,0,1,0,1,1,0,1,0,0,0,"No"
-0.651149936871475,-0.0511226437179902,-0.521008679543681,0,0,0,0,1,0,1,0,0,0,0,0,0,0,0,0,0,0,0,0,1,0,0,1,0,0,0,"No"
0.206779046944671,1.16245800075016,0.673912439856722,0,0,1,0,1,0,1,1,0,0,0,0,0,0,1,0,0,0,1,0,1,0,0,1,0,1,0,"Yes"
-0.651149936871475,0.531529243200874,-0.440377719576719,1,0,0,0,1,0,1,1,0,0,0,0,1,0,0,0,0,0,0,0,0,0,0,1,0,0,1,"No"
0.656170419419795,-0.00617521244139179,0.351721144503449,1,0,0,1,1,0,1,0,0,0,1,0,1,0,1,0,0,0,0,0,0,1,0,1,0,0,0,"No"
1.63666068663825,0.676359855092135,1.69517881374676,0,0,1,0,1,0,1,0,0,0,1,0,0,0,1,0,1,0,1,0,1,0,1,1,0,0,0,"No"
-1.01883378707839,-1.50775236101515,-0.929861075394851,0,0,0,0,1,0,0,0,1,1,0,1,0,1,0,1,0,1,0,1,0,0,0,0,0,0,1,"No"
0.247632808078774,0.643065461553914,0.439623744522422,0,0,0,0,1,0,0,1,0,0,1,0,1,0,1,0,0,0,0,0,0,0,0,1,1,0,0,"Yes"
0.656170419419795,1.76009236476122,1.41743763517483,0,1,1,0,1,0,1,1,0,0,1,0,1,0,1,0,1,0,1,0,1,0,0,0,0,1,0,"Yes"
-0.0791972809940439,0.335092321325371,0.0294855098815665,0,0,0,0,1,0,0,0,0,0,1,0,1,0,1,0,1,0,1,0,0,1,0,0,1,0,0,"No"
-0.0383435198599417,-0.184300217870873,-0.159311095859056,1,0,1,0,1,0,1,0,0,0,0,0,0,0,0,0,0,0,1,0,0,0,0,1,1,0,0,"No"
0.574462897151591,0.150308437188246,0.449267535445058,0,1,0,0,1,0,1,0,0,0,0,0,0,0,1,0,1,0,0,0,1,1,0,1,1,0,0,"No"
0.737877941688,-1.46613436909237,-0.520742643932022,1,0,1,0,1,0,0,0,1,1,0,1,0,1,0,1,0,1,0,1,0,0,1,0,0,0,1,"No"
-0.160904803262248,0.398351669047991,-0.078347591377521,1,0,1,0,1,0,0,1,0,0,0,0,0,0,0,0,1,0,0,0,0,0,0,0,0,0,0,"No"
1.39153811983363,-0.0694345601640115,0.839918661531896,0,0,0,0,0,1,0,0,0,0,1,0,1,0,1,0,1,0,1,0,1,0,1,1,0,0,0,"No"
-0.977980025944292,-1.17147898627912,-0.895742008199593,1,1,0,0,0,1,0,0,0,0,0,0,0,0,1,0,0,0,0,0,0,0,0,1,0,1,0,"Yes"
0.37019409148108,1.00930379047434,0.712044210861169,0,0,1,1,1,0,0,1,0,0,0,0,0,0,1,0,0,0,1,0,1,0,0,1,0,0,0,"No"
1.63666068663825,1.56698488223954,2.56314216641833,1,1,1,0,1,0,1,1,0,0,0,0,1,0,1,0,1,0,1,0,1,0,1,1,0,0,0,"No"
-1.01883378707839,-1.48777572489222,-0.917357401646881,0,0,0,0,1,0,0,0,1,1,0,1,0,1,0,1,0,1,0,1,0,1,0,0,0,0,1,"No"
0.247632808078774,-1.4694638084462,-0.647730309230553,0,0,1,1,1,0,0,0,1,1,0,1,0,1,0,1,0,1,0,1,0,0,0,0,0,0,1,"No"
0.615316658285693,1.62691479060834,1.36374278088834,1,0,1,1,1,0,1,1,0,0,1,0,1,0,1,0,1,0,1,0,1,1,0,1,0,0,0,"No"
-1.1413950704807,0.0337780598044728,-0.883238334451623,1,0,1,0,1,0,1,0,0,0,0,0,0,0,1,0,0,0,1,0,0,0,0,0,0,1,0,"No"
-0.487734892335066,0.658047938646113,-0.220321929466172,1,1,0,0,1,0,1,1,0,0,0,0,0,0,0,0,0,0,1,0,0,0,0,1,0,1,0,"No"
0.492755374883387,0.68468345347669,0.633342009078735,0,1,1,0,1,0,0,1,0,0,1,0,1,0,0,0,1,0,0,0,0,0,0,1,0,1,0,"No"
-0.692003698005577,-1.14484347144854,-0.785891470218759,1,0,1,1,0,1,0,0,0,0,1,0,0,0,0,0,0,0,0,0,0,0,0,1,0,0,0,"No"
-1.1822488316148,-1.30965071946274,-0.968015016033603,0,0,0,0,0,1,0,0,0,0,0,0,0,0,0,0,0,0,0,0,0,0,0,0,0,1,0,"Yes"
-1.1413950704807,0.648059620584647,-0.846237214796727,0,0,0,1,1,0,1,1,0,0,0,0,1,0,1,0,0,0,0,0,0,0,0,0,0,0,0,"Yes"
0.206779046944671,0.702995369922711,0.411933871275588,1,1,1,0,1,0,1,1,0,0,0,0,0,0,0,0,0,0,1,0,0,0,0,1,0,1,0,"Yes"
-1.26395635388301,0.336757041002282,-0.961009411593251,0,0,0,0,1,0,0,1,0,0,0,0,1,0,0,0,0,0,0,0,0,0,0,1,0,1,0,"Yes"
-0.324319847798657,-0.274195080424069,-0.381716867205924,0,0,0,0,1,0,0,0,0,0,1,0,0,0,0,0,1,0,0,0,0,0,0,0,1,0,0,"No"
-1.1005413093466,0.872796776967637,-0.792165476727049,0,0,0,0,1,0,1,1,0,0,0,0,1,0,0,0,0,0,1,0,0,0,0,1,0,1,0,"Yes"
0.0433640024082626,1.43047786873284,0.622257191926279,0,0,0,0,1,0,1,1,0,0,0,0,1,0,1,0,0,0,1,0,1,0,0,0,0,1,0,"No"
1.06470803076082,-1.48944044456913,-0.480305230959864,0,0,1,1,1,0,0,0,1,1,0,1,0,1,0,1,0,1,0,1,0,0,1,1,0,0,1,"No"
1.63666068663825,1.04259818401256,2.08928840278516,0,0,1,1,1,0,1,1,0,0,1,0,1,0,0,0,0,0,1,0,0,0,1,1,0,0,0,"No"
-0.0791972809940439,0.691342332184334,0.127830007658152,0,0,0,0,1,0,0,0,0,0,1,0,1,0,1,0,1,0,1,0,1,1,0,0,0,0,0,"Yes"
1.63666068663825,0.673030415738312,1.72903184533036,1,1,1,0,1,0,0,1,0,0,1,0,1,0,0,0,1,0,0,0,0,0,1,1,1,0,0,"No"
0.165925285810569,0.874461496644548,0.418828627544415,1,1,0,0,1,0,1,1,0,0,1,0,0,0,0,0,0,0,1,0,0,0,0,1,0,1,0,"Yes"
1.63666068663825,0.331762881971549,1.41377964551452,0,0,1,1,1,0,1,0,0,0,1,0,1,0,0,0,1,0,1,0,0,0,1,0,0,0,1,"No"
-0.406027370066861,-0.845193929604556,-0.61729140132991,0,0,1,1,0,1,0,0,0,0,0,0,1,0,0,0,0,0,1,0,0,0,0,0,0,1,0,"No"
-1.22310259274891,0.498234849662653,-0.926846005129383,0,0,0,0,1,0,1,1,0,0,0,0,1,0,0,0,0,0,0,0,0,0,0,0,0,1,0,"No"
-0.692003698005577,-1.49776404295368,-0.861379075026981,0,0,0,0,1,0,0,0,1,1,0,1,0,1,0,1,0,1,0,1,0,0,0,0,0,0,1,"No"
1.55495316437004,-0.846858649281467,0.199814810246198,1,0,1,0,0,1,0,0,0,0,1,0,0,0,1,0,1,0,0,0,0,0,1,1,1,0,0,"No"
1.59580692550415,-1.48111684618457,-0.377992368642699,0,0,1,1,1,0,0,0,1,1,0,1,0,1,0,1,0,1,0,1,0,0,1,0,0,0,0,"No"
0.288486569212876,1.17744047784236,0.676306760361653,0,0,1,1,1,0,1,1,0,0,0,0,0,0,0,0,1,0,1,0,1,0,0,1,1,0,0,"No"
1.18726931416312,-0.159329422717208,0.620483621181886,0,0,1,1,1,0,1,0,0,0,1,0,1,0,0,0,0,0,0,0,0,0,0,0,0,1,0,"No"
0.819585463956204,-0.493938077776327,0.130113479991558,0,0,0,0,1,0,0,0,0,0,1,0,0,0,0,0,0,0,0,0,0,0,0,1,0,0,0,"No"
-1.26395635388301,-0.960059587311418,-0.978279556716777,0,0,0,0,0,1,0,0,0,0,0,0,0,0,0,0,0,0,1,0,0,0,0,1,0,1,0,"Yes"
1.30983059756543,1.46210754259415,2.05678771889416,1,0,1,0,1,0,1,1,0,0,1,0,0,0,1,0,1,0,1,0,1,1,0,1,0,0,1,"No"
-0.0791972809940439,-1.51607595939971,-0.711445838222867,1,0,1,0,1,0,0,0,1,1,0,1,0,1,0,1,0,1,0,1,0,0,1,0,0,0,1,"No"
-1.1413950704807,-0.618792053544655,-0.913610733449352,0,1,1,1,1,0,0,0,0,0,0,0,0,0,0,0,0,0,0,0,0,0,0,0,0,1,0,"Yes"
1.26897683643133,0.646394900907736,1.36895264494999,1,1,1,0,1,0,0,0,0,0,1,0,1,0,1,0,1,0,1,0,1,1,0,1,0,0,0,"No"
-1.26395635388301,-0.667068924175075,-0.974377701079113,0,0,0,0,1,0,0,0,0,0,0,0,0,0,0,0,0,0,0,0,0,0,0,1,1,0,0,"No"
-0.692003698005577,1.29397085522613,-0.311394787190747,1,0,1,0,1,0,1,1,0,0,0,0,0,0,1,0,1,0,1,0,1,0,0,1,0,1,0,"No"
-1.1413950704807,-0.245894845916582,-0.894921731730311,0,0,0,1,0,1,0,0,0,0,1,0,1,0,1,0,0,0,1,0,1,0,0,1,0,0,1,"No"
1.63666068663825,1.53701992805514,2.4429162395828,0,0,1,0,1,0,1,1,0,0,1,0,1,0,1,0,0,0,1,0,1,0,1,1,0,1,0,"No"
0.533609136017489,-1.32796263590876,-0.473432644325342,1,1,1,0,1,0,1,0,1,1,0,1,0,1,0,1,0,1,0,1,0,1,0,0,1,0,0,"No"
0.533609136017489,1.08088673658152,0.950168252930219,0,1,0,0,1,0,1,1,0,0,1,0,1,0,0,0,1,0,1,0,0,0,0,1,0,1,0,"No"
0.165925285810569,0.391692790340346,0.161505682167312,0,0,0,0,1,0,0,0,0,0,1,0,1,0,1,0,1,0,1,0,0,1,0,1,0,0,1,"No"
-1.1413950704807,-0.455649525207373,-0.89410145526103,1,0,1,1,1,0,1,0,0,0,0,0,0,0,0,0,0,0,0,0,0,0,0,1,0,1,0,"Yes"
-0.896272503676088,-1.33795095397022,-0.88155344224445,1,0,1,1,1,0,1,0,1,1,0,1,0,1,0,1,0,1,0,1,0,0,0,1,0,0,1,"No"
-0.487734892335066,-1.48278156586148,-0.8167737708055,1,0,1,1,1,0,0,0,1,1,0,1,0,1,0,1,0,1,0,1,0,0,1,0,0,0,1,"No"
-1.1413950704807,0.546511720293073,-0.84300044818821,1,0,0,0,1,0,0,1,0,0,0,0,0,0,0,0,0,0,1,0,0,0,0,1,0,1,0,"Yes"
-1.1413950704807,-0.302495314931557,-0.893325518060358,0,0,0,0,1,0,0,0,0,0,0,0,0,0,0,0,0,0,1,0,0,0,0,0,1,0,0,"No"
-1.1005413093466,-0.452320085853551,-0.858474852933038,1,0,0,0,0,1,0,0,0,0,0,0,1,0,0,0,0,0,1,0,1,0,0,1,0,0,1,"Yes"
-1.22310259274891,1.18576407622691,-0.906117397054292,1,0,0,0,1,0,0,1,0,0,1,0,1,0,0,0,0,0,1,0,1,0,0,0,0,1,0,"No"
-0.120051042128146,-1.50442292166133,-0.748380448974849,0,0,0,0,1,0,0,0,1,1,0,1,0,1,0,1,0,1,0,1,0,0,1,0,0,0,1,"No"
-1.26395635388301,0.160296755249712,-0.963359392829572,1,0,0,0,1,0,0,1,0,0,0,0,0,0,0,0,0,0,0,0,0,0,0,0,0,0,1,"Yes"
-0.977980025944292,0.994321313382143,-0.664712249108115,0,1,0,0,1,0,0,1,0,0,0,0,0,0,1,0,0,0,1,0,1,0,0,1,1,0,0,"Yes"
1.10556179189492,1.00430963144361,1.48782622409292,0,0,1,0,1,0,1,1,0,0,1,0,1,0,0,0,0,0,1,0,0,0,0,1,0,1,0,"No"
-1.26395635388301,-1.47945212650766,-0.985196482619909,0,0,1,1,1,0,0,0,1,1,0,1,0,1,0,1,0,1,0,1,0,0,0,1,1,0,0,"Yes"
0.737877941688,1.03593930530492,1.14155870588452,1,1,0,0,1,0,1,1,0,0,0,0,0,0,0,0,0,0,1,0,1,0,0,1,0,1,0,"Yes"
-0.610296175737372,0.331762881971549,-0.45505401748657,0,0,1,1,1,0,0,0,0,0,1,0,1,0,0,0,0,0,1,0,1,0,0,0,0,0,1,"No"
0.615316658285693,0.300133208110239,0.567786400439113,1,0,1,0,1,0,0,0,0,0,0,0,1,0,1,0,0,0,1,0,1,0,1,0,0,1,0,"No"
-0.242612325530453,0.345080639386838,-0.180527435888856,0,0,0,0,1,0,1,1,0,0,0,0,0,0,0,0,0,0,0,0,0,0,0,1,0,0,0,"Yes"
-1.0596875482125,-0.553867986145124,-0.858851736716221,0,0,0,0,0,1,0,0,0,0,0,0,0,0,1,0,0,0,1,0,1,0,0,1,0,1,0,"Yes"
-0.528588653469168,-0.482285040037949,-0.590443974186663,1,0,1,1,1,0,1,0,0,0,0,0,0,0,0,0,0,0,0,0,0,0,0,0,1,0,0,"No"
-1.1822488316148,-0.0328107272719686,-0.9251167736536,0,0,0,0,1,0,1,0,0,0,0,0,0,0,0,0,1,0,1,0,0,0,0,1,0,1,0,"Yes"
-1.22310259274891,-1.48944044456913,-0.971074425567681,0,0,1,0,1,0,0,0,1,1,0,1,0,1,0,1,0,1,0,1,0,0,0,0,0,0,0,"No"
-0.56944241460327,-1.4994287626306,-0.821540242181056,0,0,0,0,1,0,0,0,1,1,0,1,0,1,0,1,0,1,0,1,0,0,0,1,0,0,1,"No"
1.59580692550415,-1.31630959817038,-0.16334596930255,0,0,1,0,1,0,1,0,1,1,0,1,0,1,0,1,0,1,0,1,0,0,1,0,1,0,0,"No"
-0.773711220273781,0.9726799575823,-0.435012668074931,1,1,1,0,1,0,1,1,0,0,1,0,1,0,0,0,0,0,0,0,1,0,0,0,1,0,0,"No"
1.63666068663825,1.3039591732876,2.26312050536997,1,0,1,0,1,0,1,1,0,0,0,0,1,0,1,0,0,0,1,0,1,0,1,1,0,0,0,"No"
-1.26395635388301,-0.682051401267274,-0.974577227787857,0,0,0,0,1,0,0,0,0,0,0,0,0,0,0,0,0,0,0,0,0,0,0,1,0,1,0,"Yes"
-0.406027370066861,-1.29799768172436,-0.750796939114084,0,1,1,0,1,0,1,0,1,1,0,1,0,1,0,1,0,1,0,1,0,1,0,0,0,0,0,"No"
1.18726931416312,1.32560052908744,1.84579930921432,0,1,1,0,1,0,1,1,0,0,0,0,1,0,1,0,0,0,1,0,1,1,0,1,1,0,0,"Yes"
0.329340330346978,-0.841864490250734,-0.26811966102756,0,1,1,0,0,1,0,0,0,0,0,0,1,0,0,0,0,0,1,0,0,0,0,1,0,1,0,"Yes"
0.411047852615182,-0.164323581747941,0.130556872677656,0,0,0,0,1,0,0,0,0,0,1,0,1,0,1,0,0,0,0,0,0,0,0,0,0,0,0,"No"
-0.814564981407883,0.498234849662653,-0.569249803791167,0,0,0,0,1,0,1,1,0,0,0,0,0,0,0,0,1,0,0,0,0,0,0,1,1,0,0,"No"
1.59580692550415,-1.33628623429331,-0.226773293048901,1,0,1,0,1,0,1,0,1,1,0,1,0,1,0,1,0,1,0,1,0,0,1,0,0,0,0,"No"
-0.242612325530453,-1.51108180036897,-0.790347566714046,0,0,1,0,1,0,0,0,1,1,0,1,0,1,0,1,0,1,0,1,0,1,0,0,0,0,1,"No"
-1.01883378707839,-1.15816122886383,-0.904587692287253,0,0,0,1,0,1,0,0,0,0,1,0,0,0,0,0,0,0,0,0,0,0,0,0,0,0,1,"No"
-1.0596875482125,-0.635439250313765,-0.867675251169576,0,0,1,1,1,0,0,0,0,0,0,0,0,0,0,0,0,0,0,0,0,0,0,0,0,0,1,"No"
1.06470803076082,1.39385403584079,1.73089409461197,0,0,0,0,1,0,0,1,0,0,1,0,1,0,1,0,0,0,1,0,1,1,0,1,0,1,0,"Yes"
0.778731702822102,-1.14983763047928,-0.315983901491863,1,0,1,0,0,1,0,0,0,0,0,0,1,0,0,0,0,0,0,0,0,0,0,1,1,0,0,"No"
1.63666068663825,0.0354427794813842,1.07407433906037,1,0,1,1,0,1,0,0,0,0,1,0,1,0,1,0,1,0,1,0,1,0,1,1,0,0,0,"No"
-1.01883378707839,0.35007479841757,-0.748956859466777,0,0,0,0,1,0,1,1,0,0,0,0,0,0,0,0,0,0,0,0,0,0,0,1,0,0,0,"Yes"
-1.22310259274891,-0.662074765144342,-0.952584950557385,1,1,0,0,1,0,0,0,0,0,0,0,0,0,0,0,0,0,0,0,0,0,0,1,0,1,0,"Yes"
1.22812307529723,1.53701992805514,2.13327295724611,1,1,0,0,1,0,1,1,0,0,0,0,1,0,1,0,1,0,1,0,1,1,0,1,0,0,0,"No"
-0.528588653469168,-0.319142511700668,-0.530120399242999,1,0,0,0,1,0,0,0,0,0,0,0,0,0,1,0,1,0,0,0,0,0,0,1,1,0,0,"Yes"
1.51409940323594,-0.687045560298007,0.318355844874558,0,0,1,1,0,1,0,0,0,0,1,0,0,0,1,0,0,0,0,0,1,0,1,1,1,0,0,"No"
0.288486569212876,1.33558884714891,0.839231402868444,0,0,1,0,1,0,0,1,0,0,1,0,0,0,1,0,1,0,1,0,1,1,0,1,1,0,0,"Yes"
-0.692003698005577,-0.295836436223913,-0.595166106293609,0,0,0,0,1,0,1,0,0,0,1,0,0,0,0,0,0,0,0,0,0,0,0,1,0,0,1,"Yes"
-0.283466086664555,-1.46446964941546,-0.754033705722601,1,0,0,0,1,0,0,0,1,1,0,1,0,1,0,1,0,1,0,1,0,0,0,0,0,0,1,"No"
-1.0596875482125,-1.49609932327677,-0.942320409874211,0,0,0,0,1,0,0,0,1,1,0,1,0,1,0,1,0,1,0,1,0,0,1,0,1,0,0,"No"
1.18726931416312,0.801213830860463,1.36527248565537,0,0,0,0,1,0,1,0,0,0,0,0,1,0,1,0,1,0,1,0,1,0,1,0,1,0,0,"No"
0.451901613749285,0.995986033059054,0.8489638723283,0,1,1,0,1,0,1,1,0,0,1,0,1,0,0,0,0,0,1,0,0,0,0,1,0,1,0,"No"
-0.814564981407883,-1.48111684618457,-0.894988240633226,0,0,0,0,1,0,0,0,1,1,0,1,0,1,0,1,0,1,0,1,0,0,0,0,0,0,1,"No"
-0.365173608932759,-0.996683420203461,-0.65340573561261,1,1,0,0,0,1,0,0,0,0,0,0,0,0,0,0,0,0,0,0,1,0,0,1,0,0,0,"No"
0.0842177635423648,0.0138014236815405,-0.0375111249878748,0,0,0,0,1,0,1,0,0,0,0,0,0,0,0,0,1,0,1,0,0,0,0,0,0,0,1,"No"
-1.1005413093466,-1.48944044456913,-0.946222265511876,0,0,0,0,1,0,0,0,1,1,0,1,0,1,0,1,0,1,0,1,0,0,0,0,1,0,0,"Yes"
1.63666068663825,-1.49443460359986,-0.382337616966462,0,0,1,1,1,0,0,0,1,1,0,1,0,1,0,1,0,1,0,1,0,0,1,0,1,0,0,"No"
0.37019409148108,-1.48944044456913,-0.634783242796485,0,0,0,0,1,0,0,0,1,1,0,1,0,1,0,1,0,1,0,1,0,0,1,1,0,0,1,"No"
-0.365173608932759,0.574811954800561,-0.191213199623823,0,0,1,1,1,0,1,1,0,0,1,0,0,0,0,0,0,0,0,0,0,1,0,0,1,0,0,"No"
1.59580692550415,1.48874305742472,2.45672792175476,1,0,1,1,1,0,0,1,0,0,1,0,1,0,1,0,1,0,1,0,1,0,1,0,1,0,0,"No"
-1.0596875482125,0.173614512665,-0.826594918802576,1,0,1,1,1,0,0,1,0,0,0,0,0,0,0,0,0,0,0,0,0,0,0,1,0,1,0,"No"
-0.365173608932759,-1.4844462855384,-0.79668808212525,1,0,1,1,1,0,0,0,1,1,0,1,0,1,0,1,0,1,0,1,0,1,0,1,1,0,0,"No"
1.63666068663825,1.50871969354765,2.38638367210527,0,0,0,0,1,0,0,1,0,0,1,0,1,0,1,0,1,0,1,0,1,0,1,1,0,1,0,"No"
-1.01883378707839,-0.475626161330305,-0.83668210241131,0,0,1,0,1,0,0,0,0,0,1,0,0,0,0,0,0,0,0,0,0,0,0,1,0,0,0,"No"
-1.0596875482125,0.995986033059054,-0.738980524029567,1,0,0,1,1,0,0,1,0,0,0,0,0,0,1,0,0,0,1,0,1,0,0,0,0,0,1,"Yes"
-0.93712626481019,1.2290467878266,-0.592040187856616,1,0,1,1,1,0,0,1,0,0,0,0,1,0,0,0,1,0,1,0,1,0,0,1,0,1,0,"No"
-0.814564981407883,0.817861027629573,-0.525220910061614,0,0,0,0,1,0,1,1,0,0,0,0,1,0,0,0,0,0,0,0,1,0,0,1,0,1,0,"No"
-1.26395635388301,-1.50442292166133,-0.985529027134483,0,0,0,0,1,0,0,0,1,1,0,1,0,1,0,1,0,1,0,1,0,0,0,1,0,0,1,"No"
0.656170419419795,-1.15483178951001,-0.378369252425883,0,1,1,1,0,1,0,0,0,0,0,0,1,0,0,0,0,0,0,0,0,1,0,0,0,0,0,"No"
-0.487734892335066,0.473264054508988,-0.266390429551777,1,0,0,0,1,0,0,1,0,0,0,0,0,0,0,0,0,0,1,0,0,0,0,0,0,1,0,"No"
-0.651149936871475,0.691342332184334,-0.384399392956819,0,1,1,0,1,0,1,1,0,0,0,0,0,0,0,0,0,0,0,0,1,0,0,1,1,0,0,"Yes"
-1.22310259274891,0.501564289016475,-0.92642478207759,0,0,0,0,1,0,0,1,0,0,0,0,0,0,0,0,0,0,1,0,0,0,0,1,0,0,1,"Yes"
-1.22310259274891,0.499899569339564,-0.90764710182133,0,1,0,0,1,0,0,1,0,0,0,0,0,0,0,0,0,0,0,0,1,0,0,1,0,1,0,"Yes"
-0.487734892335066,1.07256313819696,-0.184185425549167,1,0,1,1,1,0,1,1,0,0,0,0,1,0,0,0,1,0,1,0,0,0,0,0,0,0,1,"No"
-0.487734892335066,-1.46280492973855,-0.809014398798781,1,0,1,0,1,0,0,0,1,1,0,1,0,1,0,1,0,1,0,1,0,1,0,0,0,0,1,"No"
-0.528588653469168,0.866137898259993,-0.25809898632174,1,1,0,0,1,0,1,1,0,0,1,0,0,0,0,0,0,0,1,0,0,0,0,1,0,1,0,"Yes"
-0.406027370066861,1.33225940779508,-0.0272909235733107,1,0,1,0,1,0,0,1,0,0,1,0,1,0,0,0,1,0,1,0,1,0,0,1,0,1,0,"No"
0.125071524676467,0.514882046431763,0.263286473261159,0,0,0,0,1,0,1,1,0,0,0,0,0,0,0,0,1,0,0,0,0,0,0,0,1,0,0,"No"
-1.26395635388301,-0.647092288052142,-0.974111665467454,0,0,0,0,1,0,0,0,0,0,0,0,0,0,0,0,0,0,0,0,0,0,0,0,0,0,1,"No"
0.288486569212876,0.28515073101804,0.216708071586541,1,0,0,0,1,0,1,1,0,0,0,0,0,0,0,0,0,0,0,0,0,0,0,1,1,0,0,"No"
-1.26395635388301,-1.47778740683075,-0.985174312985605,0,0,0,0,1,0,0,0,1,1,0,1,0,1,0,1,0,1,0,1,0,0,0,1,0,0,0,"Yes"
0.983000508492613,1.35723020294875,1.57508590471705,1,0,0,0,1,0,1,1,0,0,1,0,0,0,0,0,1,0,1,0,1,0,0,1,0,0,1,"No"
-0.56944241460327,-0.630445091283032,-0.662827830192197,1,0,0,1,1,0,0,0,0,0,0,0,0,0,0,0,0,0,0,0,0,0,0,1,1,0,0,"No"
1.47324564210184,-0.337454428146689,0.635315106531872,0,0,0,0,1,0,0,0,0,0,1,0,0,0,1,0,0,0,0,0,0,1,0,1,1,0,0,"No"
-0.0791972809940439,-0.525567751637637,-0.312747134883346,0,0,0,0,1,0,0,0,0,0,1,0,0,0,0,0,0,0,0,0,0,0,0,1,0,0,1,"No"
0.942146747358511,0.388363350986525,0.847966238784579,0,1,1,1,1,0,1,0,0,0,1,0,0,0,1,0,1,0,1,0,0,1,0,0,0,1,0,"No"
0.288486569212876,-0.289177557516269,-0.0256060313661376,0,0,1,0,0,1,0,0,0,0,1,0,0,0,1,0,0,0,1,0,1,0,0,0,0,1,0,"Yes"
-1.22310259274891,-0.805240657358691,-0.959923099512311,1,0,0,0,0,1,0,0,0,0,0,0,1,0,1,0,1,0,0,0,0,0,0,1,1,0,0,"Yes"
0.492755374883387,-0.342448587177422,0.0657772012387059,1,0,1,0,0,1,0,0,0,0,0,0,1,0,1,0,0,0,1,0,1,0,1,0,0,0,0,"No"
-0.0791972809940439,0.0570841352812275,-0.141265013534859,0,0,1,1,1,0,0,0,0,0,1,0,0,0,0,0,1,0,0,0,1,0,0,0,0,0,0,"No"
1.59580692550415,-1.454481331354,-0.332056886362924,0,0,1,0,1,0,0,0,1,1,0,1,0,1,0,1,0,1,0,1,0,0,1,1,0,0,0,"No"
-1.1413950704807,0.358398396802126,-0.84421977807498,0,0,0,0,1,0,1,1,0,0,0,0,0,0,0,0,0,0,0,0,0,0,0,0,0,1,0,"Yes"
-1.26395635388301,0.358398396802126,-0.960721206347288,1,0,1,0,1,0,0,1,0,0,0,0,0,0,1,0,0,0,0,0,0,0,0,0,1,0,0,"No"
-0.365173608932759,1.32726524876435,-0.0253843350230885,1,1,1,0,1,0,1,1,0,0,0,0,1,0,1,0,0,0,1,0,1,0,0,1,0,1,0,"No"
0.0433640024082626,0.9726799575823,0.391249602469106,0,0,1,1,1,0,0,1,0,0,0,0,0,0,1,0,0,0,1,0,1,1,0,1,0,1,0,"Yes"
1.43239188096774,1.18742879590382,1.97172283206622,0,0,1,1,1,0,1,1,0,0,1,0,0,0,1,0,1,0,0,0,1,1,0,1,0,0,0,"No"
-0.692003698005577,1.03593930530492,-0.350723718447659,1,0,0,0,1,0,1,1,0,0,0,0,1,0,0,0,1,0,0,0,1,0,0,0,0,1,0,"No"
0.860439225090306,0.170285073311178,0.65954651682714,1,0,1,1,1,0,0,0,0,0,1,0,1,0,0,0,1,0,1,0,0,0,1,1,0,0,1,"No"
-0.446881131200964,-1.49110516424604,-0.838899065841801,1,0,1,1,1,0,0,0,1,1,0,1,0,1,0,1,0,1,0,1,0,1,0,0,0,0,1,"No"
0.329340330346978,0.225220822649242,0.268296810614069,0,0,1,1,1,0,0,0,0,0,1,0,1,0,0,0,1,0,0,0,1,0,0,1,0,0,1,"No"
-0.406027370066861,-1.45947549038473,-0.793562163688258,0,0,1,1,1,0,0,0,1,1,0,1,0,1,0,1,0,1,0,1,0,1,0,0,0,0,0,"No"
0.288486569212876,-0.798581778651047,-0.331480475870996,1,0,0,0,0,1,0,0,0,0,0,0,0,0,0,0,1,0,0,0,1,0,0,1,0,1,0,"No"
0.533609136017489,-1.47112852812311,-0.581576120464698,1,0,0,0,1,0,0,0,1,1,0,1,0,1,0,1,0,1,0,1,0,1,0,1,0,1,0,"Yes"
-0.977980025944292,-0.3391191478236,-0.783474980079523,1,0,1,1,1,0,0,0,0,0,0,0,0,0,0,0,0,0,1,0,0,0,0,1,0,1,0,"No"
-1.01883378707839,1.0026449117667,-0.695683228232076,1,1,1,0,1,0,1,1,0,0,1,0,1,0,0,0,0,0,0,0,1,0,0,1,1,0,0,"Yes"
-1.0596875482125,-1.13485515338708,-0.90159479165609,1,0,0,0,0,1,0,0,0,0,0,0,1,0,0,0,0,0,0,0,0,0,0,1,1,0,0,"Yes"
1.35068435869953,0.841167103106327,1.59734421755918,0,0,0,0,1,0,1,1,0,0,1,0,1,0,0,0,1,0,0,0,0,1,0,1,0,1,0,"No"
0.942146747358511,-0.650421727405965,0.0977679835406926,0,0,0,0,1,0,0,0,0,0,0,0,0,0,0,0,0,0,0,0,0,1,0,0,0,0,0,"No"
1.59580692550415,0.741283922491665,1.78319226193725,1,0,1,1,1,0,1,0,0,0,1,0,1,0,1,0,1,0,1,0,1,0,1,0,0,0,0,"No"
-1.1822488316148,0.41333414614019,-0.888714234124936,1,1,0,0,1,0,1,1,0,0,0,0,0,0,0,0,0,0,0,0,0,0,0,1,0,1,0,"Yes"
-1.26395635388301,0.356733677125215,-0.960743375981592,0,0,0,0,1,0,0,1,0,0,0,0,0,0,1,0,0,0,0,0,0,0,0,0,0,1,0,"Yes"
-0.610296175737372,1.40051291454844,-0.252733934819952,1,0,0,0,1,0,1,1,0,0,1,0,1,0,1,0,1,0,1,0,0,0,0,1,0,0,0,"No"
1.63666068663825,1.51704329193221,2.50033559243252,0,0,1,0,1,0,1,1,0,0,1,0,0,0,1,0,1,0,1,0,1,0,1,1,1,0,0,"No"
0.329340330346978,1.15246968268869,0.807018924223408,0,1,1,0,1,0,0,1,0,0,0,0,1,0,0,0,1,0,1,0,1,1,0,1,1,0,0,"Yes"
0.819585463956204,-0.170982460455585,0.355423473432369,0,0,0,0,1,0,0,0,0,0,0,0,0,0,1,0,0,0,0,0,1,0,0,1,0,1,0,"No"
0.615316658285693,-0.199282694963073,0.213404796075109,0,0,1,0,1,0,0,0,0,0,0,0,1,0,0,0,0,0,1,0,0,0,0,1,0,0,0,"No"
1.39153811983363,0.042101658189028,0.822471159333932,1,0,1,1,1,0,0,0,0,0,1,0,1,0,1,0,1,0,0,0,0,0,1,0,0,0,1,"No"
-0.977980025944292,0.296803768756417,-0.713817989093493,0,0,0,0,1,0,1,1,0,0,0,0,0,0,0,0,0,0,0,0,0,0,0,1,0,1,0,"No"
-1.01883378707839,-1.48278156586148,-0.921037560941497,0,0,0,0,1,0,0,0,1,1,0,1,0,1,0,1,0,1,0,1,0,0,0,0,0,0,1,"Yes"
1.59580692550415,1.63357366931598,2.62696854358217,0,0,1,1,1,0,1,1,0,0,1,0,1,0,1,0,1,0,1,0,1,0,1,0,1,0,0,"No"
0.737877941688,0.626418264784803,0.829853647557467,0,1,0,0,1,0,1,1,0,0,1,0,1,0,0,0,0,0,0,0,0,0,0,1,0,1,0,"No"
0.574462897151591,0.0354427794813842,0.356953178199408,1,0,1,0,1,0,0,0,0,0,1,0,1,0,1,0,1,0,0,0,0,0,1,0,0,0,1,"No"
1.39153811983363,-0.107723112732965,0.865192044639495,0,0,0,0,0,1,0,0,0,0,1,0,0,0,1,0,1,0,1,0,1,0,1,1,0,0,0,"No"
0.411047852615182,0.709654248630356,0.659613025730055,0,0,1,0,1,0,1,1,0,0,0,0,0,0,1,0,1,0,0,0,0,0,0,1,1,0,0,"No"
-1.1005413093466,0.368386714863592,-0.817017636782854,0,0,0,0,1,0,0,1,0,0,0,0,0,0,0,0,1,0,0,0,0,0,0,1,0,0,1,"No"
-1.01883378707839,-0.493938077776327,-0.847234848340448,1,0,1,1,1,0,0,0,0,0,1,0,0,0,0,0,0,0,0,0,0,1,0,1,0,1,0,"Yes"
-0.120051042128146,0.210238345557043,-0.123041574136222,1,0,0,0,1,0,1,0,0,0,0,0,1,0,1,0,0,0,0,0,1,1,0,0,1,0,0,"No"
-0.201758564396351,-0.490608638422505,-0.401691707714649,0,0,1,1,1,0,0,0,0,0,0,0,1,0,0,0,0,0,0,0,0,0,0,0,0,0,1,"No"
-0.692003698005577,0.356733677125215,-0.485359907581384,0,1,0,0,1,0,0,1,0,0,0,0,1,0,0,0,0,0,0,0,0,0,0,1,1,0,0,"Yes"
-0.283466086664555,-1.48111684618457,-0.778619830166748,0,0,1,1,1,0,0,0,1,1,0,1,0,1,0,1,0,1,0,1,0,0,1,0,0,0,1,"No"
-0.855418742541986,0.979338836289944,-0.515754476213417,0,0,1,0,1,0,1,1,0,0,0,0,0,0,0,0,0,0,1,0,1,0,0,1,0,1,0,"Yes"
1.02385426962672,1.28065309781084,1.63330336440175,1,0,1,0,1,0,1,1,0,0,1,0,1,0,1,0,1,0,1,0,0,0,0,1,0,1,0,"No"
1.43239188096774,1.79005731894562,2.46617218596865,1,0,0,0,1,0,1,1,0,0,1,0,1,0,1,0,1,0,1,0,1,1,0,1,0,0,0,"Yes"
0.615316658285693,1.1691168794578,1.11074291420069,0,1,1,0,1,0,1,1,0,0,0,0,0,0,1,0,0,0,1,0,1,0,0,0,0,1,0,"No"
-0.773711220273781,0.576476674477472,-0.537924110518328,0,0,0,0,1,0,0,1,0,0,0,0,0,0,0,0,0,0,1,0,0,0,0,1,0,0,1,"No"
-0.977980025944292,-1.13651987306399,-0.893724571477846,1,0,0,0,0,1,0,0,0,0,1,0,0,0,0,0,0,0,0,0,0,0,0,1,0,1,0,"Yes"
1.59580692550415,0.0537546959274056,1.08651150390542,1,0,1,1,1,0,1,0,0,0,1,0,0,0,0,0,0,0,1,0,0,1,0,1,0,1,0,"No"
-1.26395635388301,-1.49276988392295,-0.985373839694349,0,0,0,0,1,0,0,0,1,1,0,1,0,1,0,1,0,1,0,1,0,0,0,0,0,1,0,"No"
0.942146747358511,1.72846269089991,1.83584514341142,1,1,0,0,1,0,1,1,0,0,1,0,1,0,1,0,1,0,1,0,1,0,0,1,0,1,0,"No"
0.737877941688,-1.3196390375242,-0.434813141366187,1,0,1,1,1,0,1,0,1,1,0,1,0,1,0,1,0,1,0,1,0,0,1,0,0,0,1,"No"
-1.26395635388301,0.821190466983395,-0.954558048010522,1,0,0,0,1,0,0,1,0,0,0,0,0,0,0,0,0,0,1,0,1,0,0,1,0,1,0,"No"
1.39153811983363,1.33059468811817,2.01165034344936,0,0,0,0,1,0,1,1,0,0,1,0,1,0,1,0,1,0,1,0,0,1,0,1,0,0,0,"No"
0.697024180553898,0.752936960230042,0.932410375851986,0,0,1,1,1,0,0,0,0,0,1,0,1,0,1,0,1,0,1,0,1,1,0,1,0,0,1,"No"
1.39153811983363,-1.29466824237054,-0.233911915295082,1,0,1,1,1,0,1,0,1,1,0,1,0,1,0,1,0,1,0,1,0,1,0,1,1,0,0,"No"
-0.855418742541986,0.719642566691822,-0.598092498021857,1,0,0,1,1,0,1,1,0,0,0,0,0,0,0,0,0,0,0,0,1,0,0,0,0,1,0,"No"
-0.160904803262248,-1.14817291080237,-0.634605885722045,1,0,0,0,0,1,0,0,0,0,0,0,0,0,0,0,1,0,0,0,0,0,0,1,1,0,0,"No"
1.35068435869953,1.15746384171942,1.82032639939798,1,0,1,0,1,0,1,1,0,0,1,0,1,0,1,0,0,0,1,0,0,0,1,1,0,1,0,"No"
1.22812307529723,-1.51108180036897,-0.495912653510521,0,0,0,0,1,0,0,0,1,1,0,1,0,1,0,1,0,1,0,1,0,0,1,1,1,0,0,"No"
-0.610296175737372,1.3189416503798,-0.221075697032539,0,0,1,1,1,0,1,1,0,0,1,0,0,0,1,0,0,0,1,0,1,0,0,1,0,1,0,"Yes"
-0.0791972809940439,0.992656593705232,0.175583399950931,0,0,0,0,1,0,0,1,0,0,0,0,0,0,0,0,1,0,1,0,1,1,0,1,0,0,0,"No"
-0.610296175737372,-0.282518678808625,-0.574260141144077,1,0,0,0,1,0,0,0,0,0,1,0,1,0,0,0,0,0,0,0,0,1,0,0,0,0,1,"No"
-0.651149936871475,0.122008202680758,-0.499814509148186,0,0,1,1,1,0,0,0,0,0,1,0,1,0,0,0,1,0,0,0,1,0,1,0,0,0,0,"No"
1.63666068663825,-1.32629791623185,-0.205956006436589,1,0,0,0,1,0,1,0,1,1,0,1,0,1,0,1,0,1,0,1,0,0,1,0,0,0,0,"No"
-0.93712626481019,0.388363350986525,-0.690473364170421,1,0,0,0,1,0,1,1,0,0,0,0,0,0,0,0,0,0,0,0,0,0,0,1,0,1,0,"No"
-0.365173608932759,-0.347442746208155,-0.412200114375177,1,0,0,1,1,0,0,0,0,0,0,0,1,0,0,0,1,0,0,0,0,0,0,0,0,1,0,"No"
-0.977980025944292,-1.50275820198442,-0.923542729617952,1,0,0,1,1,0,0,0,1,1,0,1,0,1,0,1,0,1,0,1,0,0,0,0,0,0,0,"No"
-0.528588653469168,-0.986695102141995,-0.723572628187654,1,0,1,1,0,1,0,0,0,0,1,0,1,0,0,0,0,0,0,0,0,0,0,1,0,0,1,"No"
-1.01883378707839,-0.364089942977266,-0.814845012620973,0,0,0,0,1,0,1,0,0,0,1,0,0,0,0,0,0,0,0,0,0,0,0,1,0,1,0,"No"
-1.26395635388301,0.168620353634267,-0.963248544658047,1,1,0,0,1,0,0,1,0,0,0,0,0,0,0,0,0,0,0,0,0,0,0,1,0,1,0,"Yes"
1.18726931416312,1.31228277167215,1.82737634310694,1,0,0,0,1,0,1,1,0,0,1,0,0,0,1,0,0,0,1,0,1,1,0,0,0,1,0,"No"
1.02385426962672,0.191926429111022,0.834708797470242,0,0,1,0,1,0,0,0,0,0,1,0,1,0,0,0,1,0,1,0,0,0,1,1,1,0,0,"No"
-0.93712626481019,0.539852841585429,-0.677947520788147,1,0,0,0,1,0,0,1,0,0,0,0,0,0,0,0,0,0,0,0,1,0,0,1,0,1,0,"Yes"
-0.814564981407883,-0.622121492898477,-0.769796315713393,0,0,1,0,1,0,0,0,0,0,0,0,0,0,0,0,0,0,0,0,0,0,0,0,0,0,0,"No"
-1.1413950704807,-0.65874532579052,-0.918909276048225,1,0,1,1,1,0,0,0,0,0,0,0,0,0,0,0,0,0,0,0,0,0,0,0,0,1,0,"No"
-1.01883378707839,0.523205644816319,-0.760595917476855,0,0,0,0,1,0,0,1,0,0,0,0,0,0,0,0,0,0,1,0,0,0,0,1,0,0,1,"Yes"
-0.487734892335066,-1.47279324780002,-0.819811010705273,0,0,1,0,1,0,0,0,1,1,0,1,0,1,0,1,0,1,0,1,0,1,0,0,0,0,1,"No"
-0.242612325530453,-0.625450932252299,-0.485559434290128,0,0,0,1,0,1,0,0,0,0,1,0,0,0,0,0,1,0,0,0,1,0,0,0,0,0,1,"No"
0.165925285810569,0.649724340261558,0.345624495069599,1,1,1,0,1,0,1,1,0,0,0,0,0,0,0,0,0,0,0,0,1,0,0,1,0,1,0,"Yes"
-1.1822488316148,0.158632035572801,-0.909287654759894,1,0,0,0,1,0,0,0,0,0,0,0,0,0,0,0,1,0,1,0,1,0,0,1,0,1,0,"Yes"
1.47324564210184,-0.00783993211830321,1.0186945925667,0,0,0,0,0,1,0,0,0,0,1,0,1,0,1,0,1,0,1,0,1,0,1,0,1,0,0,"No"
1.63666068663825,0.872796776967637,1.8425182033372,1,0,1,1,1,0,1,0,0,0,1,0,1,0,1,0,1,0,1,0,1,0,1,1,1,0,0,"No"
1.47324564210184,0.66970097638449,1.53810695469646,0,0,1,0,1,0,1,1,0,0,1,0,1,0,0,0,0,0,0,0,0,0,1,1,0,0,0,"No"
0.737877941688,0.206908906203221,0.548055425907742,0,0,0,1,1,0,0,0,0,0,1,0,0,0,1,0,1,0,1,0,0,1,0,1,1,0,0,"No"
-1.26395635388301,-0.936753511834663,-0.977969181836508,0,1,0,0,0,1,0,0,0,0,0,0,0,0,0,0,0,0,1,0,0,0,0,1,0,1,0,"Yes"
0.37019409148108,1.32560052908744,0.838832349450956,0,1,0,0,1,0,1,1,0,0,0,0,1,0,1,0,0,0,1,0,1,0,0,1,0,1,0,"No"
-1.26395635388301,-0.342448587177422,-0.970054622389655,1,0,0,0,1,0,1,0,0,0,0,0,1,0,0,0,0,0,0,0,0,0,0,0,0,1,0,"No"
-0.365173608932759,0.882785095029103,-0.0194207033950673,0,0,1,1,1,0,1,0,0,0,1,0,1,0,1,0,1,0,1,0,1,0,1,1,1,0,0,"No"
1.14641555302902,-1.48611100521531,-0.466537888056514,1,0,0,1,1,0,0,0,1,1,0,1,0,1,0,1,0,1,0,1,0,0,1,0,0,0,1,"No"
1.63666068663825,-1.26969744721687,-0.145255547709743,0,0,1,0,1,0,1,0,1,1,0,1,0,1,0,1,0,1,0,1,0,0,1,0,1,0,0,"No"
0.615316658285693,0.52487036449323,0.702223062864094,0,1,1,0,1,0,1,1,0,0,1,0,0,0,0,0,0,0,0,0,0,0,0,0,0,1,0,"Yes"
0.778731702822102,1.56199072320881,1.5346484917449,0,0,0,0,1,0,1,1,0,0,0,0,1,0,1,0,1,0,1,0,1,1,0,1,0,1,0,"No"
1.55495316437004,1.3955187555177,2.28564485382376,0,0,1,1,1,0,1,1,0,0,0,0,1,0,1,0,0,0,1,0,1,1,0,1,0,1,0,"No"
1.10556179189492,1.54867296579352,1.91239689066628,1,0,1,1,1,0,1,1,0,0,1,0,1,0,0,0,1,0,1,0,1,0,1,1,0,0,1,"No"
0.247632808078774,-1.32296847687802,-0.570358285506413,1,1,1,0,0,1,0,0,0,0,0,0,0,0,0,0,0,0,0,0,0,0,0,1,0,1,0,"No"
1.63666068663825,1.51038441322457,2.48756588307289,1,0,1,0,1,0,1,1,0,0,1,0,1,0,0,0,1,0,1,0,1,0,1,1,1,0,0,"No"
-0.977980025944292,0.676359855092135,-0.654957610013954,0,0,1,0,1,0,1,1,0,0,0,0,0,0,0,0,0,0,0,0,1,0,0,1,0,1,0,"Yes"
1.63666068663825,-0.868500005081311,0.230963146444599,1,0,1,1,0,1,0,0,0,0,1,0,1,0,1,0,0,0,0,0,0,0,1,0,1,0,0,"No"
-1.22310259274891,0.298468488433328,-0.929661548686107,0,0,1,1,1,0,0,1,0,0,0,0,1,0,0,0,0,0,0,0,0,0,0,1,0,0,0,"Yes"
-0.977980025944292,-1.47945212650766,-0.924850738041941,0,0,1,0,1,0,0,0,1,1,0,1,0,1,0,1,0,1,0,1,0,0,0,0,0,0,0,"Yes"
0.656170419419795,-0.99501870052655,-0.282707280400192,0,0,1,0,0,1,0,0,0,0,0,0,1,0,1,0,0,0,0,0,0,1,0,0,0,0,1,"Yes"
-0.896272503676088,-1.3346215146164,-0.874348311095354,0,0,0,0,1,0,1,0,1,1,0,1,0,1,0,1,0,1,0,1,0,0,0,1,0,0,1,"No"
-1.30481011501711,-1.49443460359986,-0.994130845244789,1,0,1,1,1,0,0,0,1,1,0,1,0,1,0,1,0,1,0,1,0,1,0,1,0,0,1,"No"
-1.26395635388301,-1.46446964941546,-0.984996955911165,1,0,0,0,1,0,0,0,1,1,0,1,0,1,0,1,0,1,0,1,0,0,0,0,0,0,1,"No"
-0.120051042128146,-0.219259331086005,-0.225066231207423,0,0,0,0,1,0,0,0,0,0,1,0,0,0,1,0,1,0,0,0,0,1,0,0,1,0,0,"No"
1.35068435869953,1.42714842937901,2.13067911003243,0,1,1,1,1,0,1,1,0,0,0,0,1,0,1,0,0,0,1,0,1,1,0,1,0,1,0,"No"
-0.977980025944292,0.0304486204506509,-0.740000327207593,0,0,0,0,1,0,1,0,0,0,1,0,1,0,1,0,0,0,0,0,0,0,0,1,0,0,0,"No"
1.18726931416312,-1.30299184075509,-0.311926858414064,1,0,1,0,1,0,1,0,1,1,0,1,0,1,0,1,0,1,0,1,0,0,1,0,0,0,0,"No"
1.63666068663825,1.32726524876435,2.31313520036185,1,0,1,1,1,0,1,1,0,0,0,0,1,0,1,0,0,0,1,0,1,1,0,1,1,0,0,"No"
-0.814564981407883,-1.44615773296944,-0.858430513664428,1,0,1,1,1,0,0,0,1,1,0,1,0,1,0,1,0,1,0,1,0,0,0,1,0,1,0,"No"
-1.01883378707839,1.05258650207403,-0.710492543947756,1,0,0,0,1,0,1,1,0,0,0,0,0,0,0,0,0,0,1,0,1,0,0,0,0,1,0,"No"
-0.93712626481019,-0.672063083205808,-0.839763681579693,1,0,0,0,1,0,0,0,0,0,0,0,0,0,0,0,0,0,0,0,0,0,0,1,0,0,1,"No"
0.451901613749285,1.43047786873284,1.01616725425594,0,1,1,0,1,0,1,1,0,0,0,0,0,0,1,0,1,0,1,0,1,1,0,1,0,1,0,"Yes"
1.06470803076082,0.990991874028321,1.47275087276558,1,0,1,1,1,0,1,1,0,0,0,0,0,0,1,0,1,0,0,0,1,0,1,0,0,0,0,"No"
-0.651149936871475,1.13748720559649,-0.290222786429556,1,1,1,0,1,0,1,1,0,0,0,0,0,0,1,0,0,0,1,0,1,0,0,1,0,1,0,"Yes"
-1.22310259274891,-1.47445796747693,-0.976284289629335,1,0,1,1,1,0,0,0,1,1,0,1,0,1,0,1,0,1,0,1,0,0,0,0,0,0,1,"No"
-0.977980025944292,1.21739375008822,-0.620395150132597,0,0,1,0,1,0,0,1,0,0,0,0,1,0,1,0,0,0,1,0,1,0,0,0,0,1,0,"Yes"
0.329340330346978,1.37054796036404,0.880777297555848,0,0,1,0,1,0,1,1,0,0,1,0,0,0,1,0,0,0,1,0,1,1,0,0,0,0,0,"No"
-0.93712626481019,0.551505879323807,-0.646311452635038,1,0,0,0,1,0,1,1,0,0,1,0,0,0,0,0,0,0,0,0,0,0,0,1,0,1,0,"No"
0.37019409148108,0.831178785044861,0.659613025730055,1,0,0,0,1,0,0,1,0,0,0,0,1,0,0,0,1,0,1,0,0,1,0,1,0,1,0,"No"
-0.242612325530453,-0.327466110085223,-0.3703216751732,0,0,0,0,1,0,0,0,0,0,0,0,1,0,1,0,0,0,0,0,0,0,0,1,1,0,0,"No"
1.47324564210184,1.37054796036404,2.25261209870944,1,0,1,1,1,0,0,1,0,0,0,0,1,0,1,0,1,0,1,0,1,1,0,0,1,0,0,"No"
-0.487734892335066,0.802878550537374,-0.213116798317076,1,0,0,0,1,0,1,1,0,0,0,0,0,0,1,0,0,0,1,0,0,0,0,1,0,1,0,"Yes"
-0.528588653469168,0.769584156999153,-0.228857238673562,1,0,0,0,1,0,0,1,0,0,0,0,0,0,0,0,1,0,0,0,1,1,0,1,1,0,0,"No"
1.55495316437004,-1.47945212650766,-0.368415086622978,0,0,1,1,1,0,0,0,1,1,0,1,0,1,0,1,0,1,0,1,0,0,1,1,1,0,0,"No"
-0.201758564396351,0.997650752735965,0.213936867298427,0,0,0,0,1,0,1,1,0,0,0,0,0,0,0,0,0,0,1,0,1,0,0,1,0,0,1,"Yes"
-0.814564981407883,-1.48278156586148,-0.876831310137504,0,0,1,0,1,0,0,0,1,1,0,1,0,1,0,1,0,1,0,1,0,0,1,1,0,1,0,"No"
-1.1005413093466,0.148643717511335,-0.852910274722505,0,1,0,0,1,0,0,1,0,0,0,0,0,0,0,0,0,0,0,0,0,0,0,1,0,0,1,"Yes"
1.59580692550415,1.42881314905592,2.42600080860815,1,1,1,0,1,0,1,1,0,0,1,0,1,0,1,0,0,0,1,0,1,0,0,1,0,1,0,"No"
0.125071524676467,0.280156571987307,0.101603330275442,1,1,0,0,1,0,0,0,0,0,0,0,0,0,1,0,1,0,1,0,1,1,0,1,0,1,0,"No"
1.55495316437004,1.67019750220803,2.4830876169433,1,0,1,1,1,0,1,1,0,0,1,0,1,0,1,0,1,0,1,0,1,0,1,0,1,0,0,"No"
-0.0383435198599417,0.38170447227888,-0.00634061915516974,0,0,0,0,1,0,1,1,0,0,0,0,0,0,0,0,0,0,0,0,0,0,0,1,0,1,0,"No"
0.819585463956204,1.05425122175094,1.21850950655686,1,0,1,1,1,0,1,1,0,0,0,0,0,0,1,0,1,0,0,0,1,0,1,1,0,0,0,"Yes"
0.206779046944671,1.21572903041131,0.665953541141259,1,1,0,0,1,0,1,1,0,0,0,0,0,0,1,0,0,0,1,0,1,0,0,1,0,1,0,"Yes"
1.51409940323594,1.33558884714891,2.20731953582451,1,0,0,0,1,0,1,1,0,0,0,0,1,0,0,0,1,0,1,0,1,1,0,1,0,0,0,"Yes"
-0.0791972809940439,0.443299100324589,0.0484848864808752,1,1,1,0,1,0,1,1,0,0,0,0,0,0,0,0,0,0,0,0,0,0,0,0,0,0,1,"No"
0.0433640024082626,0.867802617936904,0.331435929114456,0,0,0,0,1,0,1,1,0,0,1,0,0,0,0,0,0,0,0,0,1,0,0,1,0,1,0,"No"
0.901292986224409,1.52703160999368,1.70069905268868,1,1,1,0,1,0,1,1,0,0,0,0,1,0,1,0,1,0,1,0,1,0,1,1,0,1,0,"No"
0.942146747358511,-0.657080606113609,0.105061793227009,1,1,0,0,0,1,0,0,0,0,1,0,1,0,0,0,0,0,1,0,0,0,0,1,0,1,0,"No"
1.39153811983363,0.809537429245018,1.66626961061315,0,0,0,0,1,0,1,1,0,0,0,0,1,0,0,0,0,0,1,0,0,1,0,1,0,0,0,"No"
0.206779046944671,-0.19428853593234,-0.0172924185017959,1,0,1,1,1,0,0,0,0,0,1,0,0,0,1,0,1,0,0,0,0,1,0,1,0,0,1,"No"
-0.93712626481019,-1.48944044456913,-0.912923474785899,1,1,1,0,1,0,0,0,1,1,0,1,0,1,0,1,0,1,0,1,0,1,0,0,1,0,0,"No"
1.51409940323594,0.742948642168576,1.75228779171621,1,0,1,1,1,0,1,0,0,0,1,0,0,0,1,0,1,0,1,0,1,0,1,0,0,0,0,"No"
-0.896272503676088,-0.164323581747941,-0.71082508846233,1,0,0,0,1,0,0,0,0,0,0,0,1,0,0,0,0,0,1,0,0,0,0,1,0,0,1,"No"
-1.0596875482125,0.849490701490882,-0.762990237981786,0,0,0,0,1,0,1,1,0,0,0,0,1,0,0,0,0,0,1,0,0,0,0,1,0,1,0,"Yes"
1.39153811983363,1.44878978517886,2.19029325667834,0,1,1,0,1,0,1,1,0,0,0,0,1,0,1,0,1,0,1,0,1,1,0,1,1,0,0,"No"
0.574462897151591,-0.255883163978048,0.140998770435269,1,0,1,1,1,0,0,0,0,0,1,0,0,0,1,0,1,0,0,0,0,1,0,0,0,0,1,"No"
-1.0596875482125,0.822855186660306,-0.738027229754456,0,0,0,0,1,0,0,1,0,0,0,0,0,0,0,0,0,0,1,0,1,0,0,0,0,1,0,"Yes"
0.983000508492613,1.49873137548619,1.64538581509793,0,0,1,1,1,0,1,1,0,0,1,0,0,0,1,0,1,0,1,0,1,0,0,1,0,0,1,"No"
1.63666068663825,0.0720666123734269,1.11655135838858,0,0,1,1,1,0,1,0,0,0,1,0,1,0,0,0,1,0,0,0,0,0,1,0,1,0,0,"No"
-1.1822488316148,1.01929210853581,-0.864283297120924,0,0,1,0,1,0,1,1,0,0,0,0,0,0,0,0,0,0,1,0,1,0,0,1,0,1,0,"Yes"
-0.528588653469168,-0.525567751637637,-0.571289410147219,0,0,0,1,1,0,0,0,0,0,0,0,0,0,0,0,1,0,0,0,0,0,0,0,0,0,1,"No"
-0.977980025944292,0.330098162294638,-0.723705645993483,1,0,1,0,1,0,0,1,0,0,1,0,0,0,0,0,0,0,0,0,0,0,0,1,0,1,0,"Yes"
1.18726931416312,1.6818505399464,2.10680241388604,0,0,0,0,1,0,1,1,0,0,1,0,1,0,1,0,1,0,1,0,1,1,0,1,0,0,1,"No"
1.59580692550415,-0.16265886207103,0.833822012098046,0,0,1,1,0,1,0,0,0,0,1,0,1,0,0,0,1,0,1,0,1,0,1,0,0,0,0,"No"
1.47324564210184,0.727966165076377,1.56111903510496,0,0,1,0,1,0,1,1,0,0,0,0,1,0,1,0,0,0,0,0,0,1,0,0,1,0,0,"No"
0.574462897151591,-1.02831309406477,-0.312259402928638,1,0,0,0,0,1,0,0,0,0,0,0,0,0,1,0,1,0,0,0,0,1,0,0,1,0,0,"No"
0.0433640024082626,0.516546766108674,0.160153334474713,1,0,0,0,1,0,1,1,0,0,1,0,0,0,0,0,0,0,0,0,0,1,0,0,0,0,0,"No"
0.737877941688,1.4704311409787,1.41433388637214,0,1,1,0,1,0,1,1,0,0,1,0,1,0,1,0,0,0,1,0,1,0,0,0,0,0,0,"No"
1.02385426962672,-0.781934581881937,0.00716068813652104,0,0,0,0,0,1,0,0,0,0,1,0,0,0,1,0,1,0,0,0,0,1,0,1,1,0,0,"No"
0.901292986224409,-1.47279324780002,-0.509790844585396,0,0,1,1,1,0,0,0,1,1,0,1,0,1,0,1,0,1,0,1,0,0,1,1,0,0,0,"No"
-0.160904803262248,1.22238790911896,0.252778066600631,0,1,1,0,1,0,1,1,0,0,0,0,0,0,0,0,1,0,1,0,1,0,0,1,1,0,0,"Yes"
-1.26395635388301,0.514882046431763,-0.958637260722626,0,0,1,1,1,0,0,1,0,0,0,0,0,0,0,0,0,0,1,0,0,0,0,1,0,0,1,"Yes"
-0.120051042128146,0.819525747306484,0.202297809288348,1,0,1,1,1,0,1,1,0,0,0,0,0,0,1,0,0,0,0,0,1,0,0,1,0,1,0,"Yes"
-0.773711220273781,0.195255868464844,-0.617646115478788,1,1,1,0,1,0,0,1,0,0,0,0,0,0,0,0,0,0,0,0,0,0,0,0,0,0,0,"No"
0.451901613749285,0.473264054508988,0.540140866460889,0,0,1,0,1,0,0,0,0,0,1,0,0,0,1,0,1,0,1,0,1,0,1,1,0,1,0,"No"
1.18726931416312,-1.47612268715384,-0.427120278262382,0,0,1,0,1,0,0,0,1,1,0,1,0,1,0,1,0,1,0,1,0,0,1,0,1,0,0,"No"
0.451901613749285,0.0554194156043165,0.294966880682877,1,0,1,0,1,0,1,0,0,0,1,0,1,0,0,0,1,0,0,0,0,0,0,0,0,0,0,"No"
-1.0596875482125,-1.50109348230751,-0.929262495268619,0,0,1,0,1,0,0,0,1,1,0,1,0,1,0,1,0,1,0,1,0,0,0,0,0,0,0,"Yes"
-1.26395635388301,-0.443996487468996,-0.971406970082255,1,0,0,0,1,0,0,0,0,0,0,0,0,0,0,0,1,0,0,0,0,0,0,0,0,0,1,"Yes"
0.983000508492613,0.836172944075594,1.2019709593654,1,0,1,0,1,0,0,1,0,0,0,0,0,0,0,0,0,0,1,0,1,0,0,0,0,0,1,"No"
1.55495316437004,-0.00118105341065895,1.00330886635909,0,0,1,0,0,1,0,0,0,0,1,0,1,0,1,0,1,0,1,0,1,0,1,0,0,0,0,"No"
-1.0596875482125,-0.497267517130149,-0.875589810616429,0,0,0,0,1,0,0,0,0,0,0,0,0,0,0,0,1,0,0,0,0,0,0,1,0,0,0,"Yes"
0.00251024127416045,0.300133208110239,0.0331434995418768,0,0,1,1,1,0,0,0,0,0,1,0,1,0,1,0,1,0,0,0,1,0,1,0,0,0,1,"No"
0.206779046944671,-0.104393673379143,0.0267143055934526,1,0,0,1,1,0,0,0,0,0,1,0,1,0,0,0,1,0,0,0,0,0,1,0,1,0,0,"No"
1.51409940323594,1.39218931616388,2.22130857507091,0,0,1,0,1,0,0,1,0,0,1,0,1,0,0,0,1,0,1,0,1,1,0,1,1,0,0,"No"
-0.242612325530453,0.576476674477472,-0.0725169775553294,0,0,1,0,1,0,0,0,0,0,0,0,1,0,1,0,1,0,1,0,1,0,0,0,0,0,0,"No"
-0.324319847798657,-0.332460269115956,-0.443326280939272,1,0,0,0,1,0,1,0,0,0,0,0,0,0,0,0,1,0,0,0,0,1,0,0,0,0,0,"No"
-0.692003698005577,-1.4844462855384,-0.866411582014196,1,0,1,1,1,0,0,0,1,1,0,1,0,1,0,1,0,1,0,1,0,0,0,1,0,1,0,"Yes"
-0.0791972809940439,-1.49443460359986,-0.728427778100429,0,0,1,1,1,0,0,0,1,1,0,1,0,1,0,1,0,1,0,1,0,0,1,0,0,0,1,"No"
0.942146747358511,0.0487605368966723,0.540938973295865,0,0,1,0,1,0,1,0,0,0,1,0,1,0,0,0,1,0,0,0,0,1,0,1,1,0,0,"No"
0.492755374883387,-0.350772185561977,0.059015462775708,1,0,1,1,0,1,0,0,0,0,1,0,1,0,1,0,1,0,0,0,1,0,1,1,1,0,0,"No"
0.615316658285693,-0.189294376901606,0.253154950383815,0,0,0,0,1,0,0,0,0,0,1,0,1,0,0,0,1,0,0,0,0,1,0,1,0,0,1,"No"
-0.773711220273781,0.791225512798996,-0.451950268683883,0,0,1,1,1,0,0,1,0,0,0,0,0,0,0,0,0,0,1,0,1,0,0,0,0,1,0,"Yes"
0.697024180553898,1.44379562614812,1.35283532081032,0,0,1,1,1,0,1,1,0,0,0,0,1,0,1,0,1,0,1,0,1,0,1,1,0,0,0,"Yes"
1.30983059756543,1.07589257755078,1.80560576221952,0,0,1,0,1,0,0,1,0,0,1,0,0,0,0,0,1,0,1,0,1,1,0,1,0,0,1,"No"
-0.0791972809940439,0.694671771538156,0.118762627227443,1,0,1,1,1,0,1,1,0,0,0,0,0,0,0,0,0,0,1,0,0,0,0,0,0,1,0,"No"
0.247632808078774,0.649724340261558,0.419249850596209,0,0,0,0,1,0,1,0,0,0,1,0,1,0,1,0,0,0,1,0,1,1,0,0,0,0,0,"No"
0.206779046944671,0.0054778252969853,0.0457136821927614,0,0,0,0,1,0,0,0,0,0,0,0,0,0,0,0,0,0,1,0,1,0,0,1,0,1,0,"Yes"
0.819585463956204,0.0554194156043165,0.4824111387309,0,0,1,0,0,1,0,0,0,0,1,0,1,0,1,0,1,0,1,0,1,0,1,0,1,0,0,"No"
1.59580692550415,0.410004706786368,1.45459394226986,1,0,0,1,1,0,0,0,0,0,1,0,1,0,1,0,1,0,1,0,0,0,1,1,1,0,0,"No"
1.39153811983363,0.33342760164846,1.13344461972892,1,0,0,0,1,0,1,0,0,0,1,0,1,0,1,0,0,0,0,0,1,0,1,1,1,0,0,"No"
1.63666068663825,1.74344516799211,2.81656325615777,1,0,1,0,1,0,1,1,0,0,1,0,1,0,1,0,1,0,1,0,1,0,1,1,1,0,0,"No"
-0.283466086664555,-0.796917058974136,-0.563796073752159,1,0,0,1,0,1,0,0,0,0,1,0,0,0,0,0,0,0,1,0,0,1,0,1,1,0,0,"No"
0.860439225090306,0.170285073311178,0.640236765347562,1,0,1,1,1,0,1,0,0,0,1,0,1,0,0,0,0,0,0,0,1,0,1,0,0,0,0,"No"
-0.242612325530453,1.13415776624267,0.1307563993864,1,0,0,0,1,0,0,1,0,0,0,0,0,0,1,0,1,0,1,0,1,0,0,1,0,1,0,"No"
-1.26395635388301,0.824519906337217,-0.954513708741913,0,0,0,1,1,0,0,1,0,0,0,0,0,0,0,0,0,0,1,0,1,0,0,1,0,1,0,"No"
0.656170419419795,1.02595098724345,0.976882662267637,1,0,0,0,1,0,1,1,0,0,1,0,0,0,0,0,1,0,0,0,1,0,0,1,0,1,0,"No"
-0.242612325530453,-0.971712625049795,-0.560226762629069,0,0,1,0,0,1,0,0,0,0,1,0,0,0,1,0,0,0,0,0,0,1,0,0,1,0,0,"No"
1.14641555302902,-1.48611100521531,-0.436276337230311,1,0,1,0,1,0,0,0,1,1,0,1,0,1,0,1,0,1,0,1,0,0,1,0,0,0,1,"No"
-0.56944241460327,-1.50941708069206,-0.847212678706143,1,0,0,0,1,0,0,0,1,1,0,1,0,1,0,1,0,1,0,1,0,0,0,0,0,0,1,"No"
-0.896272503676088,-1.16315538789456,-0.864926216515767,0,1,0,0,0,1,0,0,0,0,0,0,0,0,0,0,1,0,0,0,0,0,0,1,0,1,0,"Yes"
-1.1005413093466,0.663042097676846,-0.79294141392772,1,0,1,1,1,0,1,1,0,0,1,0,0,0,1,0,0,0,0,0,0,0,0,1,0,1,0,"Yes"
-1.1413950704807,-1.47112852812311,-0.956553315097964,0,0,0,1,1,0,0,0,1,1,0,1,0,1,0,1,0,1,0,1,0,1,0,1,0,0,1,"No"
-0.56944241460327,0.869467337613815,-0.285921877374404,1,0,0,0,1,0,1,1,0,0,0,0,0,0,1,0,0,0,0,0,1,0,0,1,1,0,0,"Yes"
1.22812307529723,-1.4844462855384,-0.439845648353401,1,0,0,1,1,0,0,0,1,1,0,1,0,1,0,1,0,1,0,1,0,0,1,0,0,0,0,"No"
1.39153811983363,-0.160994142394119,0.778021042552585,0,0,1,1,1,0,0,0,0,0,1,0,0,0,0,0,0,0,1,0,0,0,1,1,0,1,0,"No"
1.35068435869953,0.596453310600405,1.31820635202605,0,0,1,1,1,0,1,0,0,0,1,0,1,0,0,0,1,0,1,0,1,0,1,1,0,0,0,"No"
0.0842177635423648,-1.47279324780002,-0.695638888963466,0,0,0,0,1,0,0,0,1,1,0,1,0,1,0,1,0,1,0,1,0,0,0,0,0,0,1,"No"
-0.651149936871475,0.872796776967637,-0.354669913353933,1,0,1,1,1,0,1,1,0,0,0,0,0,0,1,0,0,0,1,0,0,0,0,1,0,0,0,"No"
0.901292986224409,1.31061805199524,1.50618268129739,0,0,0,0,1,0,1,1,0,0,1,0,0,0,1,0,0,0,1,0,1,1,0,1,0,0,0,"Yes"
0.737877941688,1.34391244553346,1.32142094900026,0,1,0,0,1,0,1,1,0,0,0,0,0,0,1,0,1,0,1,0,1,0,0,1,0,1,0,"No"
1.59580692550415,1.35390076359493,2.23897777361192,1,0,1,0,1,0,0,1,0,0,0,0,1,0,1,0,1,0,1,0,1,0,1,1,0,1,0,"No"
-0.896272503676088,0.338421760679193,-0.639571883806345,0,0,0,0,1,0,1,1,0,0,0,0,0,0,0,0,0,0,0,0,0,0,0,1,0,1,0,"Yes"
-0.56944241460327,-1.35959230977007,-0.805910649996093,1,0,0,0,1,0,1,0,1,1,0,1,0,1,0,1,0,1,0,1,0,1,0,0,0,0,1,"No"
-1.1413950704807,-0.109387832409877,-0.883548709331892,1,0,0,0,1,0,0,0,0,0,0,0,0,0,0,0,1,0,1,0,0,0,0,1,0,1,0,"No"
1.06470803076082,0.373380873894325,0.963780408393435,0,0,1,1,1,0,1,0,0,0,1,0,0,0,1,0,1,0,1,0,0,0,1,0,0,0,1,"No"
0.983000508492613,1.11251641044283,1.3428146461045,0,0,1,0,1,0,1,1,0,0,1,0,0,0,0,0,0,0,1,0,1,1,0,1,0,1,0,"No"
-1.22310259274891,0.521540925139408,-0.930038432469291,1,0,0,0,1,0,0,1,0,0,0,0,0,0,0,0,0,0,1,0,0,0,0,1,0,1,0,"Yes"
0.165925285810569,0.671365696061401,0.358283356257703,1,0,0,0,1,0,1,1,0,0,0,0,0,0,0,0,0,0,0,0,1,0,0,1,0,1,0,"Yes"
0.860439225090306,0.694671771538156,1.0087847660324,1,0,0,0,1,0,1,1,0,0,0,0,0,0,0,0,0,0,1,0,0,0,0,0,0,0,0,"Yes"
-1.1413950704807,-1.13485515338708,-0.941633151210759,1,0,0,0,0,1,0,0,0,0,0,0,0,0,0,0,1,0,0,0,0,0,0,0,0,1,0,"No"
-1.26395635388301,-1.48777572489222,-0.985307330791434,1,0,1,1,1,0,0,0,1,1,0,1,0,1,0,1,0,1,0,1,0,0,0,0,0,0,1,"Yes"
-0.814564981407883,1.16079328107325,-0.461993113024008,1,1,0,0,1,0,1,1,0,0,0,0,0,0,1,0,0,0,1,0,1,0,0,1,0,1,0,"Yes"
-1.0596875482125,-0.510585274545437,-0.880799674678083,0,0,0,0,0,1,0,0,0,0,0,0,0,0,0,0,1,0,1,0,1,1,0,1,0,0,1,"No"
1.26897683643133,-0.840199770573823,0.0678168075947579,1,0,1,1,0,1,0,0,0,0,0,0,1,0,1,0,1,0,0,0,0,0,1,0,0,0,0,"No"
-1.26395635388301,0.200250027495577,-0.962827321606254,0,0,0,0,1,0,0,1,0,0,0,0,0,0,0,0,0,0,0,0,0,0,0,1,0,1,0,"Yes"
0.656170419419795,1.34890660456419,1.25987804416983,0,0,1,0,1,0,1,1,0,0,0,0,1,0,0,0,1,0,1,0,1,0,0,1,1,0,0,"No"
-1.1005413093466,0.546511720293073,-0.821385054740921,0,0,0,0,1,0,0,1,0,0,0,0,0,0,0,0,0,0,1,0,0,0,0,1,1,0,0,"Yes"
-1.22310259274891,-1.49276988392295,-0.976705512681128,1,0,0,0,1,0,0,0,1,1,0,1,0,1,0,1,0,1,0,1,0,0,0,0,0,0,1,"No"
0.0433640024082626,0.193591148787933,0.0727162967761431,0,0,0,0,1,0,0,1,0,0,0,0,0,0,0,0,0,0,0,0,0,0,0,1,0,0,0,"No"
-0.0383435198599417,-1.4694638084462,-0.711002445536769,1,0,0,0,1,0,0,0,1,1,0,1,0,1,0,1,0,1,0,1,0,0,1,0,0,0,1,"No"
0.901292986224409,0.719642566691822,1.01179983629787,0,0,1,1,1,0,1,0,0,0,0,0,1,0,1,0,1,0,1,0,1,0,0,1,0,1,0,"No"
0.0842177635423648,1.30562389296451,0.54479648966492,1,0,0,1,1,0,1,1,0,0,1,0,1,0,0,0,0,0,1,0,1,1,0,1,0,1,0,"No"
1.59580692550415,1.08588089561225,2.06984563349975,1,0,1,1,1,0,1,1,0,0,1,0,0,0,0,0,0,0,1,0,1,0,1,1,0,1,0,"No"
1.26897683643133,-0.0344754469488798,0.785736075290694,0,0,1,1,1,0,0,0,0,0,1,0,1,0,1,0,1,0,0,0,0,0,1,0,0,0,1,"No"
0.778731702822102,-1.3196390375242,-0.423041065550279,0,0,0,0,1,0,1,0,1,1,0,1,0,1,0,1,0,1,0,1,0,0,1,0,0,0,0,"No"
-0.242612325530453,0.817861027629573,0.0157625062468266,0,1,0,0,1,0,1,1,0,0,0,0,1,0,0,0,0,0,1,0,0,0,0,1,0,1,0,"Yes"
1.30983059756543,1.14581080398105,1.83285224278025,0,0,1,0,1,0,0,1,0,0,1,0,0,0,1,0,0,0,1,0,1,0,1,1,0,0,0,"No"
-1.26395635388301,-1.32463319655494,-0.983134706629553,0,1,1,0,0,1,0,0,0,0,0,0,0,0,0,0,0,0,0,0,0,0,0,1,0,1,0,"Yes"
1.18726931416312,0.698001210891978,1.33445669397155,1,1,1,0,1,0,1,1,0,0,0,0,1,0,0,0,1,0,0,0,0,1,0,1,0,0,0,"No"
-0.692003698005577,0.979338836289944,-0.32662532595822,0,0,0,0,1,0,0,1,0,0,0,0,0,0,1,0,0,0,1,0,1,0,0,1,1,0,0,"No"
1.30983059756543,1.36721852101022,2.06665320615985,1,0,0,0,1,0,1,1,0,0,0,0,1,0,0,0,1,0,1,0,1,1,0,1,1,0,0,"Yes"
1.02385426962672,1.01263322982816,1.46040238645775,0,0,1,1,1,0,0,1,0,0,0,0,1,0,0,0,0,0,1,0,1,1,0,1,0,1,0,"No"
-0.732857459139679,-0.106058393056054,-0.632521940097384,1,0,1,1,1,0,0,0,0,0,1,0,1,0,0,0,0,0,0,0,1,0,1,1,0,0,0,"No"
-0.56944241460327,0.531529243200874,-0.368215559914234,1,1,0,0,1,0,1,1,0,0,0,0,1,0,0,0,0,0,0,0,0,0,0,1,1,0,0,"No"
1.55495316437004,1.65521502511583,2.66133147675478,1,0,1,0,1,0,1,1,0,0,1,0,1,0,1,0,1,0,1,0,1,0,1,0,1,0,0,"No"
0.247632808078774,-1.48278156586148,-0.665355168502957,0,0,0,0,1,0,0,0,1,1,0,1,0,1,0,1,0,1,0,1,0,0,1,0,0,0,1,"No"
-0.0383435198599417,0.671365696061401,0.164631600604305,0,0,0,0,1,0,1,1,0,0,1,0,0,0,1,0,0,0,0,0,0,0,0,1,1,0,0,"No"
-0.93712626481019,0.827849345691039,-0.615872544734396,0,0,1,0,1,0,0,1,0,0,0,0,0,0,0,0,0,0,1,0,1,0,0,0,0,1,0,"Yes"
1.63666068663825,0.496570129985742,1.51622552563751,0,0,1,1,1,0,1,0,0,0,1,0,1,0,1,0,1,0,0,0,1,0,1,1,0,0,0,"No"
-0.896272503676088,0.251856337479819,-0.641966204311276,1,0,0,0,1,0,1,0,0,0,0,0,0,0,0,0,0,0,1,0,1,0,0,1,1,0,0,"Yes"
-1.22310259274891,0.393357510017258,-0.922833301320194,0,0,0,0,1,0,0,0,0,0,0,0,0,0,1,0,1,0,1,0,1,0,0,0,0,1,0,"Yes"
0.0433640024082626,1.02262154788963,0.458046710629803,1,0,0,1,1,0,1,1,0,0,1,0,0,0,1,0,0,0,0,0,1,0,0,1,0,0,0,"No"
-1.26395635388301,-0.335789708469778,-0.969965943852436,0,0,0,1,1,0,0,0,0,0,1,0,0,0,0,0,1,0,0,0,0,0,0,0,0,1,0,"No"
-0.487734892335066,-0.0993995143484102,-0.473432644325342,0,1,0,0,1,0,1,0,0,0,0,0,0,0,0,0,0,0,0,0,1,0,0,1,0,0,1,"Yes"
0.00251024127416045,1.05092178239712,0.344582522257268,1,1,0,0,1,0,1,1,0,0,0,0,0,0,0,0,0,0,1,0,1,0,0,1,1,0,0,"Yes"
-0.528588653469168,-0.49893223680706,-0.567188027800811,0,0,1,1,1,0,0,0,0,0,0,0,0,0,1,0,0,0,0,0,0,0,0,1,0,0,0,"No"
1.55495316437004,0.0237897417430066,1.11630749241122,0,0,1,0,1,0,1,0,0,0,1,0,0,0,1,0,1,0,0,0,0,0,1,0,1,0,0,"Yes"
-0.242612325530453,-0.637103969990676,-0.447361154382766,1,0,0,0,1,0,0,0,0,0,0,0,0,0,0,0,0,0,0,0,0,0,0,0,0,1,0,"No"
0.533609136017489,1.43713674744048,1.17086696243561,1,0,1,0,1,0,1,1,0,0,0,0,1,0,1,0,0,0,1,0,1,0,0,1,0,0,0,"No"
-1.26395635388301,-1.49609932327677,-0.985418178962958,1,0,0,0,1,0,0,0,1,1,0,1,0,1,0,1,0,1,0,1,0,0,0,0,0,0,1,"Yes"
0.37019409148108,1.23237622718042,0.748646277098578,0,0,1,1,1,0,1,1,0,0,1,0,1,0,1,0,0,0,0,0,1,1,0,1,0,0,0,"No"
1.43239188096774,1.28398253716466,2.0632834217455,1,0,1,1,1,0,0,1,0,0,0,0,1,0,1,0,1,0,1,0,1,0,1,0,0,0,0,"No"
-1.26395635388301,0.668036256707579,-0.956597654366574,1,0,0,0,1,0,1,1,0,0,0,0,0,0,0,0,0,0,1,0,0,0,0,1,0,0,1,"Yes"
1.59580692550415,1.03427458562801,2.04619063369641,0,0,1,0,1,0,1,1,0,0,1,0,1,0,0,0,0,0,1,0,0,1,0,0,0,0,1,"No"
0.206779046944671,0.35007479841757,0.184761628553164,0,0,1,1,1,0,0,0,0,0,1,0,1,0,0,0,0,0,1,0,1,1,0,0,0,0,0,"No"
1.14641555302902,-0.107723112732965,0.675774689138335,1,0,1,0,1,0,0,0,0,0,1,0,1,0,0,0,1,0,0,0,0,0,1,1,0,0,1,"No"
-1.26395635388301,0.165290914280445,-0.963292883926657,0,1,1,0,1,0,0,1,0,0,0,0,0,0,0,0,0,0,0,0,0,0,0,1,0,1,0,"Yes"
-1.0596875482125,-1.49443460359986,-0.936689322760764,0,0,0,0,1,0,0,0,1,1,0,1,0,1,0,1,0,1,0,1,0,0,0,0,1,0,0,"No"
-0.855418742541986,-0.452320085853551,-0.736209319741453,0,0,1,1,1,0,0,0,0,0,1,0,0,0,0,0,0,0,0,0,0,0,0,0,0,0,0,"No"
-1.01883378707839,-0.452320085853551,-0.837147664731713,1,0,0,0,1,0,0,0,0,0,1,0,0,0,0,0,0,0,0,0,0,0,0,1,0,0,1,"Yes"
0.0842177635423648,-1.48278156586148,-0.693067211384096,1,0,1,0,1,0,0,0,1,1,0,1,0,1,0,1,0,1,0,1,0,0,1,0,1,0,0,"No"
1.30983059756543,0.185267550403378,0.992578763355514,1,0,1,0,1,0,1,0,0,0,0,0,1,0,0,0,1,0,0,0,1,1,0,1,0,0,1,"No"
-0.283466086664555,-1.45947549038473,-0.772700537807336,1,0,0,0,1,0,0,0,1,1,0,1,0,1,0,1,0,1,0,1,0,0,1,1,0,0,1,"No"
0.0433640024082626,0.479922933216632,0.14840342829311,1,0,0,0,1,0,0,1,0,0,0,0,1,0,1,0,0,0,0,0,0,0,0,1,1,0,0,"No"
1.59580692550415,0.827849345691039,1.85921193796879,0,1,1,0,1,0,0,1,0,0,0,0,1,0,1,0,0,0,0,0,1,0,1,0,1,0,0,"No"
-0.120051042128146,0.320109844233172,-0.110338373679508,0,0,0,0,1,0,1,1,0,0,0,0,0,0,0,0,0,0,0,0,0,0,0,1,0,1,0,"No"
-0.324319847798657,0.546511720293073,-0.141109826094724,1,0,1,1,1,0,1,0,0,0,1,0,0,0,0,0,1,0,1,0,1,0,0,0,0,0,0,"No"
-1.26395635388301,0.666371537030668,-0.956619824000879,0,0,0,0,1,0,1,1,0,0,0,0,0,0,0,0,0,0,1,0,0,0,0,1,0,1,0,"No"
0.901292986224409,-0.319142511700668,0.377127545416877,1,0,0,1,1,0,1,0,0,0,0,0,1,0,0,0,0,0,0,0,0,0,0,1,1,0,0,"Yes"
-0.93712626481019,0.148643717511335,-0.705260510251797,0,0,0,0,1,0,0,1,0,0,0,0,0,0,0,0,0,0,0,0,0,0,0,0,0,1,0,"No"
-1.26395635388301,-0.638768689667587,-0.974000817295929,0,0,0,0,1,0,0,0,0,0,0,0,0,0,0,0,0,0,0,0,0,0,0,1,0,0,1,"No"
-1.26395635388301,0.301797927787151,-0.961474973913655,1,1,0,0,1,0,1,1,0,0,0,0,0,0,0,0,0,0,0,0,0,0,0,1,0,1,0,"Yes"
1.51409940323594,1.15746384171942,2.04596893735336,1,0,1,1,1,0,1,1,0,0,0,0,0,0,0,0,1,0,1,0,1,0,1,1,0,1,0,"No"
-1.26395635388301,-0.460643684238106,-0.971628666425304,1,0,0,0,1,0,0,0,0,0,1,0,0,0,0,0,0,0,0,0,0,0,0,1,0,0,1,"No"
0.901292986224409,0.74960752087622,1.10542220196751,1,0,0,0,1,0,1,0,0,0,1,0,0,0,1,0,1,0,1,0,1,0,1,0,0,0,0,"No"
0.0433640024082626,-1.47945212650766,-0.691670524422886,1,0,0,1,1,0,0,0,1,1,0,1,0,1,0,1,0,1,0,1,0,1,0,1,0,0,1,"No"
0.533609136017489,1.13582248591958,1.01257577349854,1,1,1,0,1,0,1,1,0,0,0,0,1,0,1,0,1,0,1,0,0,1,0,1,0,0,0,"No"
-1.0596875482125,-0.295836436223913,-0.84530609015592,1,0,0,0,1,0,0,0,0,0,1,0,1,0,0,0,0,0,0,0,0,0,0,1,0,0,0,"No"
-0.446881131200964,0.0254544614199176,-0.362562303166481,1,0,0,0,1,0,0,0,0,0,1,0,0,0,1,0,0,0,1,0,0,0,0,0,0,0,0,"No"
1.35068435869953,-1.30798599978583,-0.218836563967743,0,0,1,1,1,0,1,0,1,1,0,1,0,1,0,1,0,1,0,1,0,0,1,1,0,0,0,"No"
-1.0596875482125,0.658047938646113,-0.783563658616743,0,1,1,0,1,0,1,1,0,0,0,0,0,0,0,0,0,0,0,0,1,0,0,1,0,1,0,"Yes"
-0.977980025944292,0.678024574769046,-0.697767173856737,0,0,0,0,1,0,0,1,0,0,1,0,0,0,0,0,0,0,1,0,0,0,0,0,0,1,0,"Yes"
-0.855418742541986,0.308456806494794,-0.583438369746311,1,0,0,0,1,0,0,1,0,0,0,0,0,0,0,0,1,0,0,0,0,0,0,1,0,1,0,"Yes"
-0.692003698005577,0.49324069063192,-0.481524560846634,1,1,0,0,1,0,0,1,0,0,0,0,0,0,0,0,0,0,0,0,1,0,0,1,0,1,0,"Yes"
1.14641555302902,-0.136023347240453,0.643961263910787,1,0,1,1,1,0,0,0,0,0,1,0,1,0,1,0,0,0,0,0,0,0,1,0,0,0,0,"No"
-0.814564981407883,-1.14317875177163,-0.830585452977459,0,0,1,1,0,1,0,0,0,0,0,0,0,0,0,0,1,0,0,0,0,1,0,0,1,0,0,"No"
-0.160904803262248,-0.155999983363386,-0.260448967558061,0,0,0,0,1,0,0,0,0,0,1,0,1,0,0,0,1,0,0,0,0,1,0,1,0,1,0,"No"
1.55495316437004,-1.31298015881656,-0.133572150431055,1,0,1,0,1,0,1,0,1,1,0,1,0,1,0,1,0,1,0,1,0,0,1,0,0,0,0,"No"
-1.1005413093466,-0.618792053544655,-0.895830686736813,0,0,0,1,1,0,0,0,0,0,0,0,0,0,0,0,0,0,0,0,0,0,0,0,0,0,1,"Yes"
-0.56944241460327,1.22238790911896,-0.198396161138615,1,0,0,0,1,0,0,1,0,0,0,0,1,0,1,0,0,0,1,0,1,0,0,0,1,0,0,"No"
1.55495316437004,0.411669426463279,1.35132778567759,1,0,1,0,1,0,1,0,0,0,1,0,0,0,0,0,1,0,1,0,1,0,1,1,1,0,0,"No"
-0.93712626481019,-0.309154193639201,-0.77190243097236,0,0,1,1,1,0,1,0,0,0,0,0,1,0,0,0,0,0,0,0,0,0,0,1,0,0,1,"No"
1.43239188096774,0.927732526305702,1.72867713118148,0,1,0,0,1,0,0,1,0,0,1,0,1,0,0,0,1,0,1,0,0,0,1,1,0,0,0,"No"
-1.26395635388301,-0.537220789376014,-0.97264846960333,0,0,0,0,1,0,0,0,0,0,1,0,0,0,0,0,0,0,0,0,0,0,0,1,0,0,0,"No"
-0.56944241460327,-1.50608764133824,-0.857011657068913,0,0,1,1,1,0,0,0,1,1,0,1,0,1,0,1,0,1,0,1,0,0,1,0,0,0,1,"No"
-1.1413950704807,-0.427349290699885,-0.904964576070436,1,0,0,0,1,0,1,0,0,0,0,0,0,0,0,0,0,0,0,0,0,0,0,0,1,0,0,"Yes"
1.59580692550415,0.736289763460932,1.74574774959626,1,1,1,1,1,0,0,1,0,0,1,0,1,0,1,0,0,0,0,0,0,1,0,1,0,0,0,"No"
-0.0791972809940439,0.992656593705232,0.264527972782234,1,0,1,1,1,0,1,1,0,0,1,0,1,0,0,0,0,0,1,0,0,0,0,1,0,1,0,"Yes"
-1.26395635388301,-0.295836436223913,-0.969433872629118,1,0,1,0,1,0,0,0,0,0,1,0,0,0,1,0,0,0,0,0,0,0,0,0,0,0,1,"No"
0.942146747358511,0.654718499292291,1.04097507504314,0,0,0,0,1,0,1,1,0,0,1,0,0,0,1,0,0,0,0,0,0,1,0,1,1,0,0,"No"
1.10556179189492,0.00214838594316341,0.662140364040814,1,0,0,0,1,0,0,0,0,0,0,0,0,0,1,0,1,0,1,0,0,0,0,1,0,1,0,"No"
-1.26395635388301,0.185267550403378,-0.963026848314998,0,0,0,0,1,0,0,1,0,0,0,0,0,0,0,0,0,0,0,0,0,0,0,1,0,0,1,"Yes"
0.533609136017489,-0.330795549439045,0.138161057244241,1,0,1,1,1,0,0,0,0,0,1,0,0,0,0,0,1,0,0,0,0,0,1,0,0,0,0,"No"
0.901292986224409,-1.32629791623185,-0.39903135159806,0,0,1,1,1,0,1,0,1,1,0,1,0,1,0,1,0,1,0,1,0,1,0,1,0,0,0,"No"
0.778731702822102,-1.35293343106242,-0.454810151509216,1,0,1,1,1,0,1,0,1,1,0,1,0,1,0,1,0,1,0,1,0,1,0,1,0,0,1,"No"
-1.22310259274891,-1.48278156586148,-0.975197977548395,1,0,0,0,1,0,0,0,1,1,0,1,0,1,0,1,0,1,0,1,0,0,0,0,0,0,1,"No"
1.39153811983363,0.917744208244236,1.69145431518353,0,0,0,0,1,0,1,1,0,0,0,0,0,0,1,0,0,0,1,0,0,1,0,1,0,0,0,"No"
1.47324564210184,-0.65874532579052,0.328797742632171,1,0,1,1,0,1,0,0,0,0,1,0,1,0,0,0,0,0,1,0,0,1,0,0,0,0,1,"No"
-0.0383435198599417,-1.454481331354,-0.688478097082979,0,0,0,0,1,0,0,0,1,1,0,1,0,1,0,1,0,1,0,1,0,0,1,0,1,0,0,"No"
-0.446881131200964,1.02595098724345,-0.0962163166272794,0,1,0,0,1,0,1,1,0,0,0,0,0,0,0,0,0,0,1,0,1,0,0,1,0,0,0,"No"
-0.446881131200964,0.52487036449323,-0.219435144093975,1,0,0,1,1,0,1,1,0,0,1,0,0,0,0,0,0,0,0,0,0,0,0,0,0,1,0,"No"
0.942146747358511,0.683018733799779,1.07117011696642,0,0,1,1,1,0,1,0,0,0,1,0,0,0,1,0,1,0,1,0,1,0,1,1,0,0,0,"No"
-0.93712626481019,-0.99501870052655,-0.862842270891105,1,0,0,0,0,1,0,0,0,0,0,0,0,0,0,0,0,0,1,0,0,0,0,1,1,0,0,"Yes"
-1.26395635388301,0.549841159646895,-0.958171698402223,0,0,0,0,1,0,0,1,0,0,0,0,0,0,0,0,0,0,0,0,1,0,0,1,0,1,0,"Yes"
-1.26395635388301,-1.46613436909237,-0.98501912554547,0,0,1,1,1,0,0,0,1,1,0,1,0,1,0,1,0,1,0,1,0,0,0,0,0,0,1,"Yes"
1.18726931416312,1.39884819487153,1.85617469806902,0,0,0,0,1,0,1,1,0,0,0,0,0,0,1,0,1,0,1,0,1,0,1,1,0,1,0,"Yes"
-0.446881131200964,0.731295604430199,-0.170639778988866,1,1,1,0,1,0,0,1,0,0,0,0,0,0,1,0,0,0,1,0,0,0,0,0,0,0,0,"No"
-1.1413950704807,-0.73865187028225,-0.929218156000009,1,0,0,0,0,1,0,0,0,0,1,0,1,0,0,0,1,0,0,0,0,0,0,0,0,0,1,"No"
-1.1822488316148,0.827849345691039,-0.887517073872471,0,0,0,0,1,0,0,1,0,0,0,0,0,0,0,0,0,0,1,0,1,0,0,1,0,1,0,"Yes"
-1.1822488316148,1.10918697108901,-0.854329131318019,0,0,0,0,1,0,0,1,0,0,0,0,1,0,0,0,1,0,1,0,1,0,0,1,0,1,0,"Yes"
-0.446881131200964,-1.46779908876929,-0.803671516931297,1,1,0,0,1,0,0,0,1,1,0,1,0,1,0,1,0,1,0,1,0,1,0,0,0,0,0,"No"
-0.487734892335066,-1.49776404295368,-0.836216540090907,1,0,0,0,1,0,0,0,1,1,0,1,0,1,0,1,0,1,0,1,0,0,0,1,1,0,0,"No"
-0.406027370066861,-1.47612268715384,-0.777644366257332,1,0,1,1,1,0,0,0,1,1,0,1,0,1,0,1,0,1,0,1,0,1,0,0,0,0,0,"No"
-0.773711220273781,0.506558448047208,-0.562510234962474,1,0,0,0,1,0,0,1,0,0,0,0,1,0,1,0,0,0,0,0,0,0,0,1,0,1,0,"Yes"
-1.1005413093466,0.519876205462497,-0.823757205611547,0,0,0,0,1,0,0,1,0,0,0,0,0,0,0,0,0,0,1,0,0,0,0,0,0,1,0,"No"
1.63666068663825,1.72513325154609,2.79388372026385,0,0,1,1,1,0,1,1,0,0,1,0,1,0,1,0,1,0,1,0,1,0,1,1,1,0,0,"No"
-0.773711220273781,-1.09656660081812,-0.821229867300787,0,0,0,0,0,1,0,0,0,0,0,0,1,0,0,0,0,0,0,0,0,0,0,1,0,1,0,"No"
-1.26395635388301,-1.46280492973855,-0.98497478627686,1,0,0,0,1,0,0,0,1,1,0,1,0,1,0,1,0,1,0,1,0,0,0,0,0,1,0,"No"
0.983000508492613,0.408339987109457,0.901705432339684,0,1,1,0,1,0,1,1,0,0,0,0,0,0,0,0,1,0,0,0,0,0,0,1,0,0,0,"No"
-1.1413950704807,-1.47945212650766,-0.956664163269489,0,0,0,0,1,0,0,0,1,1,0,1,0,1,0,1,0,1,0,1,0,0,0,0,0,0,1,"No"
1.63666068663825,0.584800272862028,1.57058546895316,1,0,1,0,1,0,1,0,0,0,0,0,1,0,1,0,0,0,1,0,1,0,1,0,0,0,0,"No"
0.697024180553898,1.27898837813393,1.29652444967585,0,1,0,0,1,0,1,1,0,0,1,0,1,0,1,0,1,0,0,0,1,1,0,0,0,0,0,"No"
0.492755374883387,1.01596266918199,0.806287326291346,0,0,1,0,1,0,1,1,0,0,1,0,1,0,1,0,1,0,0,0,0,0,0,1,1,0,0,"No"
-1.1822488316148,0.643065461553914,-0.875567640982124,0,1,1,0,1,0,0,1,0,0,0,0,0,0,0,0,1,0,1,0,0,0,0,1,0,0,1,"Yes"
0.206779046944671,1.0176273888589,0.572309005837315,0,0,1,1,1,0,1,1,0,0,0,0,1,0,1,0,0,0,0,0,1,0,0,1,0,1,0,"No"
1.18726931416312,0.506558448047208,1.18505552839075,1,0,1,0,1,0,1,0,0,0,0,0,1,0,1,0,0,0,1,0,1,1,0,1,0,1,0,"No"
1.55495316437004,0.340086480356104,1.36285599551614,1,0,1,0,1,0,1,0,0,0,1,0,0,0,1,0,1,0,0,0,1,0,1,1,1,0,0,"No"
-1.26395635388301,0.175279232341911,-0.963159866120828,0,1,0,0,1,0,0,1,0,0,0,0,0,0,0,0,0,0,0,0,0,0,0,1,0,1,0,"Yes"
0.37019409148108,-1.4694638084462,-0.650235477907008,0,0,0,0,1,0,0,0,1,1,0,1,0,1,0,1,0,1,0,1,0,0,0,0,0,1,0,"No"
1.55495316437004,0.458281577416788,1.42056355361182,1,0,1,1,1,0,1,0,0,0,1,0,1,0,1,0,1,0,0,0,1,1,0,0,0,0,0,"No"
-1.26395635388301,-0.367419382331088,-0.970387166904229,0,0,0,0,1,0,0,0,0,0,0,0,0,0,0,0,0,0,1,0,0,0,0,1,0,0,1,"Yes"
0.778731702822102,-1.51441123972279,-0.547279696195001,1,0,0,0,1,0,0,0,1,1,0,1,0,1,0,1,0,1,0,1,0,1,0,0,0,1,0,"No"
0.411047852615182,-1.4844462855384,-0.624540871747616,0,0,1,1,1,0,0,0,1,1,0,1,0,1,0,1,0,1,0,1,0,0,1,0,0,0,1,"No"
1.55495316437004,0.976009396936122,1.92297180622972,0,0,1,1,1,0,1,1,0,0,1,0,1,0,1,0,1,0,0,0,0,0,1,0,0,0,0,"Yes"
0.656170419419795,-1.48611100521531,-0.548742892059125,1,0,0,0,1,0,0,0,1,1,0,1,0,1,0,1,0,1,0,1,0,1,0,0,0,0,0,"No"
1.47324564210184,1.61692647254687,2.48916209674284,1,0,1,1,1,0,1,1,0,0,1,0,1,0,1,0,1,0,1,0,1,0,1,1,0,1,0,"Yes"
-0.242612325530453,0.678024574769046,-0.0320795645831716,0,1,1,0,1,0,0,1,0,0,0,0,1,0,0,0,0,0,0,0,1,0,0,0,0,1,0,"Yes"
-1.26395635388301,-1.50775236101515,-0.985573366403093,1,0,0,0,1,0,0,0,1,1,0,1,0,1,0,1,0,1,0,1,0,0,0,1,0,0,1,"Yes"
-0.201758564396351,-1.51274652004588,-0.771835922069445,0,0,0,0,1,0,0,0,1,1,0,1,0,1,0,1,0,1,0,1,0,1,0,0,0,0,1,"No"
0.574462897151591,0.889443973736748,0.83546256503661,0,1,0,0,1,0,0,1,0,0,0,0,1,0,1,0,0,0,1,0,0,1,0,1,0,0,0,"No"
0.574462897151591,-0.340783867500511,0.0966816714597521,0,0,0,0,1,0,0,0,0,0,0,0,0,0,1,0,1,0,0,0,0,0,1,0,1,0,0,"Yes"
-0.283466086664555,-1.51274652004588,-0.782366498364278,1,0,1,1,1,0,0,0,1,1,0,1,0,1,0,1,0,1,0,1,0,0,0,1,0,0,1,"No"
-1.1413950704807,0.794554952152818,-0.829787346142483,1,0,0,0,1,0,0,1,0,0,0,0,0,0,0,0,0,0,1,0,1,0,0,1,0,1,0,"Yes"
-0.773711220273781,-1.49276988392295,-0.876299238914186,1,0,0,0,1,0,0,0,1,1,0,1,0,1,0,1,0,1,0,1,0,0,1,0,0,0,1,"No"
-0.0383435198599417,0.363392555832859,0.0808525525660454,1,0,1,0,1,0,0,0,0,0,1,0,1,0,1,0,1,0,0,0,1,1,0,1,1,0,0,"No"
-0.365173608932759,0.638071302523181,-0.173876545597383,0,0,1,1,1,0,1,1,0,0,0,0,0,0,0,0,0,0,1,0,0,0,0,1,0,1,0,"No"
-1.22310259274891,-1.50442292166133,-0.967061721758492,0,0,0,0,1,0,0,0,1,1,0,1,0,1,0,1,0,1,0,1,0,0,0,0,0,0,1,"No"
1.35068435869953,-1.26803272753996,-0.241006198272654,0,0,0,0,1,0,1,0,1,1,0,1,0,1,0,1,0,1,0,1,0,0,1,0,0,0,0,"No"
-0.406027370066861,0.862808458906171,-0.146984779185526,1,1,0,0,1,0,1,1,0,0,0,0,0,0,0,0,1,0,1,0,0,0,0,1,0,0,0,"Yes"
0.942146747358511,-1.51274652004588,-0.551580605250153,0,0,1,1,1,0,0,0,1,1,0,1,0,1,0,1,0,1,0,1,0,1,0,0,1,0,0,"No"
-0.93712626481019,1.00763907079743,-0.599245319005712,1,0,1,0,1,0,0,1,0,0,0,0,1,0,1,0,1,0,1,0,0,0,0,1,0,0,1,"Yes"
-1.01883378707839,0.178608671695734,-0.75935441795578,1,0,1,1,1,0,0,1,0,0,0,0,0,0,0,0,0,0,0,0,0,0,0,1,0,0,0,"Yes"
0.125071524676467,-0.788593460589581,-0.380652724759289,0,0,1,1,0,1,0,0,0,0,0,0,0,0,0,0,1,0,1,0,0,1,0,0,0,0,1,"No"
-1.0596875482125,0.521540925139408,-0.775360893923926,1,0,0,0,1,0,0,0,0,0,1,0,0,0,1,0,1,0,1,0,1,0,1,1,0,0,1,"No"
-1.26395635388301,-0.532226630345281,-0.972581960700415,0,0,0,0,1,0,0,0,0,0,1,0,0,0,0,0,0,0,0,0,0,0,0,1,1,0,0,"Yes"
-0.610296175737372,0.206908906203221,-0.458955873124235,1,0,0,0,1,0,0,1,0,0,0,0,0,0,0,0,0,0,0,0,0,0,0,1,0,1,0,"No"
-0.896272503676088,-0.146011665301919,-0.744279066628441,1,0,1,1,1,0,0,0,0,0,0,0,0,0,1,0,0,0,1,0,0,0,0,0,0,0,1,"No"
0.329340330346978,-0.292506996870091,-0.0588604828235042,0,1,0,0,0,1,0,0,0,0,1,0,1,0,0,0,0,0,1,0,1,0,0,1,0,1,0,"Yes"
0.533609136017489,-0.0677698404871006,0.245794631794584,0,0,0,0,1,0,0,0,0,0,1,0,1,0,0,0,1,0,0,0,0,1,0,1,1,0,0,"No"
-1.26395635388301,-1.47778740683075,-0.985174312985605,1,0,0,0,1,0,0,0,1,1,0,1,0,1,0,1,0,1,0,1,0,0,0,1,0,0,0,"Yes"
0.247632808078774,-0.335789708469778,-0.0736254592705749,0,0,1,1,1,0,0,0,0,0,1,0,1,0,0,0,0,0,0,0,0,0,0,0,0,1,0,"No"
-1.22310259274891,-1.45947549038473,-0.974532888519247,1,0,0,0,1,0,0,0,1,1,0,1,0,1,0,1,0,1,0,1,0,0,0,0,0,0,1,"No"
-0.487734892335066,0.879455655675281,-0.169642145445145,0,1,1,0,1,0,0,1,0,0,0,0,0,0,0,0,0,0,1,0,1,1,0,1,0,0,0,"No"
1.63666068663825,1.33891828650273,2.31805685917754,1,0,1,0,1,0,1,1,0,0,0,0,1,0,1,0,0,0,1,0,1,0,1,1,0,0,0,"No"
-1.1822488316148,0.338421760679193,-0.892372223785247,0,0,1,0,1,0,1,1,0,0,0,0,0,0,0,0,0,0,0,0,0,0,0,1,1,0,0,"Yes"
-0.365173608932759,1.31394749134906,0.101093428686429,1,0,0,0,1,0,1,1,0,0,0,0,0,0,1,0,1,0,1,0,1,0,0,1,0,0,1,"Yes"
0.329340330346978,-0.448990646499729,-0.0661542925098199,1,0,0,0,1,0,0,0,0,0,0,0,0,0,0,0,1,0,0,0,0,0,0,1,0,1,0,"No"
1.22812307529723,0.839502383429416,1.50197045077946,1,1,1,0,1,0,1,1,0,0,0,0,1,0,0,0,0,0,0,0,1,0,0,1,0,0,0,"No"
-0.406027370066861,-1.46613436909237,-0.785802791681539,0,0,0,1,1,0,0,0,1,1,0,1,0,1,0,1,0,1,0,1,0,0,0,1,0,1,0,"No"
-1.01883378707839,0.341751200033015,-0.778974544315626,1,1,1,0,1,0,1,1,0,0,0,0,0,0,0,0,0,0,0,0,0,0,0,1,0,1,0,"No"
-0.773711220273781,1.06756897916623,-0.442328647395551,0,0,0,0,1,0,1,1,0,0,1,0,1,0,0,0,0,0,1,0,0,0,0,1,0,1,0,"Yes"
-1.26395635388301,-1.48278156586148,-0.985240821888519,1,1,0,0,1,0,0,0,1,1,0,1,0,1,0,1,0,1,0,1,0,0,0,0,0,0,1,"Yes"
-1.1822488316148,-1.31797431784729,-0.959435367557603,1,0,1,0,0,1,0,0,0,0,0,0,0,0,0,0,0,0,0,0,0,0,0,0,0,0,1,"No"
1.06470803076082,-1.47445796747693,-0.49243202092465,1,0,0,0,1,0,0,0,1,1,0,1,0,1,0,1,0,1,0,1,0,0,1,0,1,0,0,"No"
-1.0596875482125,-1.27302688657069,-0.912524421368411,1,0,0,1,1,0,1,0,1,1,0,1,0,1,0,1,0,1,0,1,0,0,0,0,0,0,1,"No"
-0.406027370066861,-0.329130829762134,-0.47148171650651,0,0,1,0,1,0,0,0,0,0,0,0,1,0,1,0,0,0,0,0,0,0,0,1,0,0,1,"No"
-0.732857459139679,-0.607139015806277,-0.698077548737006,1,0,1,0,0,1,0,0,0,0,0,0,0,0,0,0,0,0,1,0,1,0,0,0,0,1,0,"Yes"
-1.26395635388301,-1.48611100521531,-0.985285161157129,1,0,0,0,1,0,0,0,1,1,0,1,0,1,0,1,0,1,0,1,0,0,0,0,0,1,0,"Yes"
-1.0596875482125,-1.46280492973855,-0.945668024654253,1,0,0,0,1,0,0,0,1,1,0,1,0,1,0,1,0,1,0,1,0,0,0,0,0,0,1,"No"
0.288486569212876,-1.30299184075509,-0.569161125253948,1,0,0,1,1,0,1,0,1,1,0,1,0,1,0,1,0,1,0,1,0,1,0,0,0,0,0,"No"
-0.487734892335066,-1.50109348230751,-0.81537708384429,0,0,0,0,1,0,0,0,1,1,0,1,0,1,0,1,0,1,0,1,0,1,0,0,0,0,1,"No"
-1.26395635388301,0.376710313248147,-0.960477340369933,1,0,0,0,1,0,0,1,0,0,0,0,0,0,0,0,1,0,0,0,0,0,0,1,0,1,0,"Yes"
-1.26395635388301,0.386698631309614,-0.960344322564104,1,0,1,0,1,0,0,1,0,0,0,0,0,0,1,0,0,0,0,0,0,0,0,0,0,1,0,"Yes"
1.30983059756543,0.0520899762504946,0.953471528441651,1,0,1,0,1,0,1,0,0,0,1,0,0,0,0,0,0,0,1,0,0,1,0,1,1,0,0,"No"
-1.26395635388301,-1.50941708069206,-0.985595536037398,1,0,0,1,1,0,0,0,1,1,0,1,0,1,0,1,0,1,0,1,0,0,0,0,0,0,1,"Yes"
0.574462897151591,0.150308437188246,0.410537184314378,0,0,1,0,1,0,0,0,0,0,0,0,1,0,0,0,0,0,1,0,1,0,0,1,1,0,0,"No"
0.0433640024082626,-1.48278156586148,-0.697301611536334,0,0,1,0,1,0,0,0,1,1,0,1,0,1,0,1,0,1,0,1,0,0,0,0,0,0,1,"No"
-1.26395635388301,-0.532226630345281,-0.972581960700415,0,0,0,0,1,0,0,0,0,0,0,0,1,0,0,0,0,0,0,0,0,0,0,1,0,1,0,"No"
-1.01883378707839,0.479922933216632,-0.762258640049723,0,0,0,0,1,0,0,1,0,0,0,0,0,0,0,0,0,0,1,0,0,0,0,1,0,1,0,"Yes"
1.55495316437004,1.35723020294875,2.33659067345644,1,1,1,0,1,0,0,1,0,0,1,0,1,0,1,0,0,0,1,0,1,0,1,0,1,0,0,"No"
-1.26395635388301,-0.493938077776327,-0.972072059111402,1,0,0,0,1,0,0,0,0,0,1,0,0,0,0,0,0,0,0,0,0,0,0,0,0,1,0,"No"
-0.56944241460327,1.00430963144361,-0.243954759635207,1,0,1,0,1,0,1,1,0,0,0,0,0,0,0,0,0,0,1,0,1,0,0,1,0,1,0,"No"
-0.324319847798657,0.946044442751723,0.00263808273831926,1,0,1,0,1,0,1,1,0,0,0,0,0,0,0,0,0,0,1,0,1,0,0,1,0,1,0,"No"
1.26897683643133,0.243532739095264,0.991913674326367,1,0,0,0,1,0,1,0,0,0,1,0,0,0,1,0,1,0,0,0,1,0,1,1,0,0,0,"No"
0.492755374883387,0.431646062586211,0.544929507470749,0,0,0,1,1,0,1,0,0,0,0,0,1,0,0,0,0,0,1,0,1,1,0,1,0,0,1,"No"
-1.1413950704807,-1.48944044456913,-0.966197106020601,1,0,0,0,1,0,0,0,1,1,0,1,0,1,0,1,0,1,0,1,0,0,0,1,0,1,0,"No"
-0.896272503676088,0.666371537030668,-0.610352305792473,0,1,0,0,1,0,0,1,0,0,0,0,0,0,1,0,0,0,0,0,1,0,0,1,1,0,0,"Yes"
0.0842177635423648,-1.31630959817038,-0.616049901808835,1,0,0,0,0,1,0,0,0,0,0,0,0,0,0,0,0,0,0,0,0,0,0,1,0,0,0,"No"
-1.1413950704807,-1.47945212650766,-0.953604753735411,0,0,1,0,1,0,0,0,1,1,0,1,0,1,0,1,0,1,0,1,0,0,0,0,0,1,0,"No"
0.288486569212876,1.22072318944204,0.756893381060004,0,1,1,0,1,0,1,1,0,0,0,0,0,0,0,0,1,0,1,0,1,0,0,1,0,1,0,"No"
0.451901613749285,1.19741711396529,0.914231275721959,1,1,1,0,1,0,0,1,0,0,0,0,1,0,1,0,0,0,1,0,1,1,0,1,0,0,0,"No"
-0.610296175737372,-1.34793927203169,-0.812384183213127,0,0,1,1,1,0,1,0,1,1,0,1,0,1,0,1,0,1,0,1,0,0,0,0,0,0,1,"Yes"
1.18726931416312,-1.30798599978583,-0.304699557630663,0,0,1,0,1,0,1,0,1,1,0,1,0,1,0,1,0,1,0,1,0,0,1,0,0,0,0,"No"
-1.1413950704807,-1.49443460359986,-0.941899186822418,1,0,0,0,1,0,0,0,1,1,0,1,0,1,0,1,0,1,0,1,0,1,0,0,0,0,1,"No"
-1.26395635388301,-1.49276988392295,-0.985373839694349,1,0,1,1,1,0,0,0,1,1,0,1,0,1,0,1,0,1,0,1,0,0,0,0,0,1,0,"No"
0.329340330346978,0.539852841585429,0.394907592129416,1,0,1,0,1,0,0,1,0,0,0,0,1,0,1,0,0,0,0,0,0,1,0,0,0,1,0,"No"
-1.26395635388301,-0.152670544009564,-0.967527284078895,0,0,0,1,1,0,0,0,0,0,1,0,1,0,0,0,1,0,0,0,0,0,0,1,0,1,0,"Yes"
0.0842177635423648,-0.012834091149036,-0.0602128305161037,0,1,1,0,1,0,0,0,0,0,0,0,0,0,1,0,1,0,1,0,0,1,0,0,0,0,0,"No"
-1.26395635388301,-0.985030382465084,-0.978612101231351,0,0,1,0,0,1,0,0,0,0,0,0,0,0,0,0,0,0,0,0,1,0,0,0,0,1,0,"No"
0.533609136017489,-1.51108180036897,-0.593436874817825,1,0,1,1,1,0,0,0,1,1,0,1,0,1,0,1,0,1,0,1,0,0,1,0,0,1,0,"No"
-1.0596875482125,0.68468345347669,-0.770838288525724,1,1,0,0,1,0,0,1,0,0,1,0,0,0,0,0,0,0,1,0,0,0,0,1,0,0,0,"Yes"
0.451901613749285,0.867802617936904,0.727252579994338,1,0,0,0,1,0,0,1,0,0,1,0,1,0,1,0,1,0,0,0,0,1,0,1,1,0,0,"No"
0.37019409148108,-1.4844462855384,-0.604033960015573,1,0,1,1,1,0,0,0,1,1,0,1,0,1,0,1,0,1,0,1,0,0,1,1,0,0,1,"No"
-1.1005413093466,0.335092321325371,-0.824023241223206,1,0,0,0,1,0,0,1,0,0,0,0,1,0,0,0,0,0,0,0,0,0,0,1,0,1,0,"No"
1.63666068663825,-0.112717271763698,0.95247389489793,1,0,0,0,0,1,0,0,0,0,1,0,0,0,1,0,1,0,1,0,1,0,1,1,1,0,0,"No"
-1.1413950704807,-1.48611100521531,-0.96389146405289,1,0,0,0,1,0,0,0,1,1,0,1,0,1,0,1,0,1,0,1,0,1,0,0,0,0,1,"No"
-0.93712626481019,-0.325801390408312,-0.793362636979514,1,0,1,1,1,0,0,0,0,0,0,0,1,0,0,0,1,0,0,0,0,0,0,0,0,0,1,"No"
1.63666068663825,0.528199803847052,1.54987903051237,0,0,1,0,1,0,1,1,0,0,1,0,0,0,0,0,0,0,0,0,0,0,1,0,0,0,0,"No"
-0.406027370066861,-0.345778026531244,-0.483032095979368,1,0,1,0,1,0,0,0,0,0,1,0,0,0,0,0,1,0,0,0,0,0,0,1,0,1,0,"Yes"
1.55495316437004,1.49540193613237,2.40870849385032,0,0,1,0,1,0,1,1,0,0,0,0,1,0,1,0,1,0,1,0,1,1,0,1,0,1,0,"Yes"
-0.446881131200964,1.32560052908744,-0.0373115982791307,1,0,1,1,1,0,1,1,0,0,0,0,1,0,1,0,0,0,1,0,1,0,0,0,0,1,0,"Yes"
-0.692003698005577,0.689677612507423,-0.453258277107873,1,0,0,0,1,0,0,1,0,0,0,0,0,0,1,0,0,0,1,0,0,0,0,0,0,1,0,"No"
-0.120051042128146,0.489911251278098,0.0764629649736732,1,1,1,0,1,0,1,1,0,0,0,0,0,0,0,0,1,0,0,0,0,0,0,1,0,1,0,"No"
-0.692003698005577,0.39668694937108,-0.481746257189683,0,0,1,1,1,0,0,0,0,0,0,0,1,0,1,0,1,0,1,0,1,0,0,0,0,0,0,"No"
1.59580692550415,1.34890660456419,2.3526414886932,1,1,1,1,1,0,1,1,0,0,1,0,1,0,0,0,0,0,1,0,1,0,0,1,1,0,0,"Yes"
1.63666068663825,-1.304656560432,-0.191878288652971,1,1,0,0,1,0,1,0,1,1,0,1,0,1,0,1,0,1,0,1,0,0,1,0,0,0,0,"No"
-1.26395635388301,-1.49609932327677,-0.985418178962958,1,0,0,0,1,0,0,0,1,1,0,1,0,1,0,1,0,1,0,1,0,0,0,0,0,0,1,"No"
-1.26395635388301,0.370051434540503,-0.960566018907153,0,0,0,0,1,0,0,1,0,0,0,0,1,0,0,0,0,0,0,0,0,0,0,1,0,1,0,"Yes"
-1.22310259274891,-0.633774530636854,-0.956708502538099,0,0,0,0,1,0,0,0,0,0,0,0,0,0,0,0,0,0,0,0,0,0,0,0,0,1,0,"No"
1.55495316437004,1.52869632967059,2.44307142702293,0,0,1,0,1,0,1,1,0,0,0,0,1,0,1,0,1,0,1,0,1,0,1,1,0,1,0,"No"
-0.487734892335066,0.872796776967637,-0.129071714667158,0,1,1,0,1,0,1,1,0,0,0,0,0,0,1,0,0,0,1,0,0,0,0,0,0,1,0,"Yes"
-0.365173608932759,-1.47445796747693,-0.785470247166965,0,0,0,0,1,0,0,0,1,1,0,1,0,1,0,1,0,1,0,1,0,0,0,1,0,0,0,"No"
0.697024180553898,0.55816475803145,0.806442513731481,1,1,0,0,1,0,1,0,0,0,1,0,1,0,1,0,1,0,0,0,1,0,1,0,1,0,0,"No"
-1.1413950704807,1.11085169076592,-0.823646357440022,0,0,1,1,1,0,1,1,0,0,0,0,1,0,0,0,0,0,1,0,1,0,0,1,0,1,0,"Yes"
0.00251024127416045,1.45045450485577,0.527991906861797,1,0,0,0,1,0,1,1,0,0,1,0,1,0,0,0,1,0,1,0,1,0,0,1,1,0,0,"Yes"
-1.22310259274891,-0.309154193639201,-0.945956229900217,1,0,0,1,1,0,0,0,0,0,0,0,0,0,0,0,0,0,0,0,1,0,0,1,0,1,0,"No"
1.51409940323594,-0.267536201716425,0.758445255461348,1,1,1,0,0,1,0,0,0,0,1,0,1,0,0,0,0,0,1,0,1,0,1,0,1,0,0,"No"
-0.324319847798657,-1.49443460359986,-0.775072688677962,0,0,1,1,1,0,0,0,1,1,0,1,0,1,0,1,0,1,0,1,0,0,1,1,0,0,1,"No"
1.06470803076082,0.534858682554696,1.1374129842695,1,0,0,0,1,0,1,1,0,0,0,0,0,0,0,0,1,0,0,0,0,0,0,0,0,0,0,"No"
-1.26395635388301,0.225220822649242,-0.962494777091681,1,0,0,0,1,0,0,1,0,0,0,0,0,0,0,0,0,0,0,0,0,0,0,1,0,0,1,"Yes"
0.615316658285693,-1.44116357393871,-0.532204344867661,0,0,1,1,1,0,0,0,1,1,0,1,0,1,0,1,0,1,0,1,0,0,1,1,0,0,0,"No"
1.55495316437004,1.51870801160912,2.41547023231332,0,0,1,1,1,0,1,1,0,0,0,0,1,0,1,0,1,0,1,0,1,0,1,1,0,1,0,"No"
-0.773711220273781,0.826184626014128,-0.492055137141467,0,0,0,0,1,0,1,1,0,0,0,0,1,0,1,0,1,0,0,0,0,0,0,0,0,1,0,"Yes"
0.165925285810569,-0.45065536617664,-0.189373119976516,0,0,1,1,1,0,0,0,0,0,1,0,0,0,0,0,0,0,0,0,0,0,0,0,1,0,0,"No"
1.63666068663825,0.826184626014128,1.83318478729483,1,0,1,1,1,0,1,0,0,0,1,0,1,0,1,0,1,0,1,0,1,0,1,1,0,0,1,"No"
0.656170419419795,-1.4844462855384,-0.579159630325463,0,0,1,1,1,0,0,0,1,1,0,1,0,1,0,1,0,1,0,1,0,0,1,0,0,0,1,"No"
-0.56944241460327,0.62142410575407,-0.279758719037638,1,0,1,1,1,0,0,0,0,0,1,0,0,0,1,0,1,0,1,0,1,0,0,0,0,1,0,"No"
1.43239188096774,1.27565893878011,2.10505101277595,1,1,1,0,1,0,1,1,0,0,0,0,1,0,0,0,1,0,1,0,1,0,1,0,0,0,0,"No"
1.51409940323594,-0.848523368958378,0.238279125765219,1,0,1,1,0,1,0,0,0,0,1,0,0,0,1,0,1,0,0,0,0,0,1,0,0,0,1,"No"
0.247632808078774,-1.47778740683075,-0.667838167545107,0,1,0,0,1,0,0,0,1,1,0,1,0,1,0,1,0,1,0,1,0,0,1,0,0,0,1,"No"
0.00251024127416045,0.273497693279663,0.0403264610566681,1,0,1,0,1,0,1,0,0,0,1,0,0,0,0,0,1,0,1,0,0,1,0,1,1,0,0,"No"
1.10556179189492,1.16245800075016,1.61745207587374,0,1,0,0,1,0,1,1,0,0,0,0,0,0,1,0,0,0,1,0,1,1,0,1,0,1,0,"No"
0.615316658285693,-1.47612268715384,-0.53752505710084,0,0,0,0,1,0,0,0,1,1,0,1,0,1,0,1,0,1,0,1,0,0,1,0,1,0,0,"No"
-1.22310259274891,-1.48777572489222,-0.979188511723279,1,0,0,0,1,0,0,0,1,1,0,1,0,1,0,1,0,1,0,1,0,0,0,1,1,0,0,"No"
-0.406027370066861,-1.51607595939971,-0.792808396121891,0,0,1,1,1,0,0,0,1,1,0,1,0,1,0,1,0,1,0,1,0,0,0,0,0,0,0,"No"
-0.692003698005577,1.0625748201355,-0.376817378024539,1,1,1,0,1,0,1,1,0,0,1,0,0,0,1,0,0,0,1,0,0,0,0,1,0,1,0,"No"
0.860439225090306,-1.48944044456913,-0.528745881916095,0,0,0,0,1,0,0,0,1,1,0,1,0,1,0,1,0,1,0,1,0,0,1,0,1,0,0,"No"
-0.160904803262248,-1.29466824237054,-0.668414578037035,0,1,1,0,1,0,1,0,1,1,0,1,0,1,0,1,0,1,0,1,0,0,0,0,0,0,1,"No"
-0.651149936871475,0.897767572121303,-0.311283939019222,1,1,1,0,1,0,0,1,0,0,0,0,0,0,1,0,1,0,0,0,1,0,0,1,0,1,0,"No"
0.656170419419795,-0.838535050896912,-0.116811906896542,0,0,1,1,0,1,0,0,0,0,1,0,1,0,0,0,1,0,0,0,0,0,1,0,0,0,1,"No"
-0.0791972809940439,1.36888324068713,0.416656003382534,1,1,1,0,1,0,1,1,0,0,1,0,1,0,1,0,1,0,1,0,0,0,0,1,0,0,0,"No"
-1.1822488316148,0.1885969897572,-0.892283545248027,0,0,0,0,1,0,0,1,0,0,0,0,0,0,0,0,0,0,0,0,0,0,0,1,0,1,0,"No"
1.47324564210184,1.06423953981241,1.9242354753851,0,1,1,0,1,0,1,1,0,0,1,0,1,0,0,0,0,0,0,0,1,1,0,1,1,0,0,"Yes"
-0.365173608932759,-0.152670544009564,-0.396814388167569,0,0,1,0,1,0,0,0,0,0,0,0,0,0,0,0,1,0,1,0,0,1,0,0,0,0,0,"No"
1.35068435869953,-0.159329422717208,0.69439718195446,0,0,1,0,1,0,0,0,0,0,0,0,0,0,0,0,1,0,1,0,0,0,1,1,1,0,0,"No"
0.492755374883387,0.867802617936904,0.76797819821246,1,0,1,0,1,0,0,1,0,0,0,0,0,0,0,0,0,0,1,0,1,1,0,1,0,0,0,"No"
1.59580692550415,1.47875473936326,2.40305523710257,0,0,1,1,1,0,1,1,0,0,1,0,1,0,1,0,0,0,1,0,1,0,1,1,0,0,0,"No"
0.206779046944671,0.117014043650025,0.105150471764228,0,0,1,0,1,0,1,0,0,0,1,0,0,0,1,0,1,0,0,0,0,1,0,0,1,0,0,"No"
-0.814564981407883,-1.47112852812311,-0.875922355131003,0,0,0,0,1,0,0,0,1,1,0,1,0,1,0,1,0,1,0,1,0,0,0,0,0,0,1,"No"
1.51409940323594,0.578141394154383,1.48948894666579,1,0,1,1,1,0,1,0,0,0,0,0,1,0,1,0,1,0,1,0,1,0,1,1,0,0,0,"No"
0.125071524676467,-0.134358627563542,-0.115060505786454,0,0,0,0,1,0,0,0,0,0,1,0,1,0,1,0,0,0,0,0,0,0,0,0,0,1,0,"No"
-1.1005413093466,0.0337780598044728,-0.843421671240003,1,0,0,0,1,0,0,0,0,0,0,0,1,0,0,0,1,0,0,0,1,0,0,1,0,0,0,"No"
1.06470803076082,0.596453310600405,1.14659121287173,1,0,1,1,1,0,1,1,0,0,0,0,0,0,0,0,0,0,1,0,0,0,1,0,0,0,0,"No"
1.63666068663825,0.58979443189276,1.65760128359993,1,0,1,0,1,0,1,0,0,0,1,0,1,0,1,0,1,0,0,0,1,0,1,1,0,0,0,"No"
1.63666068663825,0.118678763326936,1.13801156439573,1,0,1,0,1,0,1,0,0,0,1,0,1,0,1,0,1,0,0,0,0,0,1,0,0,0,1,"No"
0.860439225090306,-1.47778740683075,-0.520520947588973,1,0,1,1,1,0,0,0,1,1,0,1,0,1,0,1,0,1,0,1,0,1,0,0,1,0,0,"No"
-1.26395635388301,0.168620353634267,-0.963248544658047,0,1,0,0,1,0,0,1,0,0,0,0,0,0,0,0,0,0,0,0,0,0,0,1,0,1,0,"Yes"
-1.26395635388301,0.822855186660306,-0.954535878376217,0,1,0,0,1,0,0,1,0,0,0,0,0,0,0,0,0,0,1,0,1,0,0,1,0,1,0,"Yes"
0.574462897151591,-1.47778740683075,-0.587340225383975,1,0,1,1,1,0,0,0,1,1,0,1,0,1,0,1,0,1,0,1,0,0,1,1,0,0,1,"No"
1.63666068663825,0.659712658323024,1.70899049591872,0,0,1,0,1,0,1,0,0,0,1,0,0,0,1,0,1,0,1,0,1,0,1,1,1,0,0,"No"
0.165925285810569,0.76458999796842,0.370676181834148,0,0,0,0,1,0,0,1,0,0,0,0,0,0,1,0,1,0,0,0,1,0,0,1,0,1,0,"Yes"
-1.1413950704807,-1.31298015881656,-0.949813746269271,0,0,1,0,0,1,0,0,0,0,0,0,0,0,0,0,0,0,0,0,0,0,0,1,0,1,0,"No"
-0.283466086664555,-1.49110516424604,-0.783430640810914,0,0,0,0,1,0,0,0,1,1,0,1,0,1,0,1,0,1,0,1,0,0,1,0,1,0,0,"No"
0.329340330346978,-0.457314244884284,-0.0911394703714548,0,0,1,1,0,1,0,0,0,0,0,0,1,0,0,0,0,0,1,0,1,0,0,1,0,1,0,"No"
1.26897683643133,1.259011742011,1.86311379360646,1,0,1,0,1,0,1,1,0,0,0,0,1,0,1,0,0,0,1,0,1,0,0,1,0,1,0,"No"
-0.692003698005577,1.05591594142785,-0.36152033035415,0,1,0,0,1,0,0,1,0,0,1,0,0,0,1,0,1,0,0,0,1,0,0,1,0,0,1,"Yes"
1.63666068663825,1.50372553451692,2.52308163722936,1,1,1,0,1,0,1,1,0,0,0,0,1,0,1,0,1,0,1,0,1,0,1,1,0,0,0,"No"
0.288486569212876,1.39218931616388,0.797463811837992,1,0,0,0,1,0,1,1,0,0,1,0,1,0,0,0,0,0,1,0,1,0,0,1,0,1,0,"No"
0.615316658285693,-0.152670544009564,0.233468315121054,0,0,1,1,0,1,0,0,0,0,1,0,1,0,1,0,0,0,1,0,1,0,1,1,1,0,0,"No"
-0.528588653469168,0.806207989891196,-0.252623086648427,1,0,1,0,1,0,1,1,0,0,1,0,1,0,0,0,1,0,0,0,0,0,0,1,1,0,0,"No"
-1.1005413093466,0.686348173153601,-0.783607997885353,0,0,0,0,1,0,1,1,0,0,0,0,0,0,0,0,0,0,1,0,0,0,0,1,0,1,0,"Yes"
-0.773711220273781,-0.981700943111261,-0.796333367976372,0,0,0,0,0,1,0,0,0,0,0,0,0,0,0,0,0,0,0,0,1,0,0,1,0,1,0,"Yes"
-0.610296175737372,0.514882046431763,-0.397479477196716,0,0,0,0,1,0,1,1,0,0,0,0,0,0,1,0,0,0,0,0,0,0,0,0,0,0,0,"No"
0.0842177635423648,0.36505727550977,0.0812737756178389,1,1,1,0,1,0,1,1,0,0,0,0,0,0,0,0,0,0,0,0,0,0,0,1,0,1,0,"No"
0.411047852615182,-0.500596956483971,-0.0727830131669885,0,0,0,0,1,0,0,0,0,0,0,0,1,0,0,0,0,0,0,0,0,0,0,1,0,1,0,"No"
-1.1005413093466,0.55650003835454,-0.809546470022099,1,0,1,0,1,0,1,1,0,0,0,0,1,0,0,0,0,0,0,0,0,0,0,1,0,1,0,"Yes"
1.59580692550415,-1.35459815073933,-0.256547111920396,0,0,1,1,1,0,1,0,1,1,0,1,0,1,0,1,0,1,0,1,0,0,1,0,1,0,0,"No"
-1.22310259274891,-1.49776404295368,-0.978235217448167,0,0,0,1,1,0,0,0,1,1,0,1,0,1,0,1,0,1,0,1,0,0,0,1,0,1,0,"Yes"
1.02385426962672,-1.52439955778426,-0.508904059213199,1,0,0,0,1,0,0,0,1,1,0,1,0,1,0,1,0,1,0,1,0,0,1,0,1,0,0,"No"
1.63666068663825,1.45877810324032,2.42863899509044,1,0,1,0,1,0,1,1,0,0,0,0,1,0,1,0,1,0,1,0,1,0,1,1,0,1,0,"No"
-1.0596875482125,0.711318968307266,-0.765960968978644,0,0,0,0,1,0,0,1,0,0,0,0,1,0,0,0,0,0,0,0,1,0,0,1,0,0,1,"No"
-0.610296175737372,0.694671771538156,-0.35050202210461,0,0,1,1,1,0,1,1,0,0,0,0,0,0,0,0,0,0,0,0,1,0,0,1,0,1,0,"Yes"
1.18726931416312,0.543182280939251,1.19290357893469,1,0,1,0,1,0,1,0,0,0,0,0,1,0,1,0,0,0,1,0,1,0,1,0,0,0,0,"No"
-1.26395635388301,0.213567784910865,-0.962649964531815,1,0,1,1,1,0,0,1,0,0,0,0,0,0,0,0,0,0,0,0,0,0,0,1,0,1,0,"Yes"
-1.26395635388301,-0.672063083205808,-0.974444209982028,1,0,0,1,1,0,0,0,0,0,0,0,0,0,0,0,0,0,0,0,0,0,0,1,0,1,0,"Yes"
1.55495316437004,1.68351525962331,2.66385881506554,0,0,1,1,1,0,1,1,0,0,1,0,1,0,1,0,1,0,1,0,1,0,1,1,1,0,0,"No"
1.51409940323594,-1.2746916062476,-0.212185673676269,0,0,1,0,1,0,1,0,1,1,0,1,0,1,0,1,0,1,0,1,0,1,0,1,0,1,0,"No"
0.125071524676467,0.198585307818666,0.0784360624268102,0,1,0,0,1,0,0,1,0,0,0,0,0,0,0,0,0,0,0,0,0,0,0,0,0,1,0,"No"
-0.406027370066861,-1.48278156586148,-0.785647604241405,0,0,0,0,1,0,0,0,1,1,0,1,0,1,0,1,0,1,0,1,0,0,0,1,0,0,1,"No"
-1.26395635388301,0.190261709434111,-0.962960339412084,1,1,1,0,1,0,0,1,0,0,0,0,0,0,0,0,0,0,0,0,0,0,0,1,0,1,0,"Yes"
0.0842177635423648,0.847825981813972,0.379056303601405,1,0,1,1,1,0,1,1,0,0,0,0,0,0,1,0,0,0,0,0,1,0,0,1,1,0,0,"No"
-0.0791972809940439,-1.30632128010891,-0.673424915389945,1,0,0,1,1,0,1,0,1,1,0,1,0,1,0,1,0,1,0,1,0,1,0,0,0,0,0,"No"
-0.487734892335066,0.195255868464844,-0.341922373628609,1,0,1,1,1,0,0,1,0,0,0,0,0,0,0,0,0,0,0,0,0,0,0,1,0,1,0,"Yes"
-0.528588653469168,-1.00833645794184,-0.7382267564632,1,1,1,0,0,1,0,0,0,0,0,0,1,0,1,0,0,0,0,0,0,0,0,1,1,0,0,"No"
-0.0791972809940439,-1.50775236101515,-0.726809394796171,0,0,1,1,1,0,0,0,1,1,0,1,0,1,0,1,0,1,0,1,0,0,1,0,0,0,1,"No"
-1.0596875482125,-1.51274652004588,-0.93897279509417,1,0,0,0,1,0,0,0,1,1,0,1,0,1,0,1,0,1,0,1,0,1,0,0,0,0,1,"No"
-1.22310259274891,-0.439002328438262,-0.951210433230481,0,0,0,0,0,1,0,0,0,0,0,0,1,0,0,0,0,0,1,0,1,0,0,0,0,1,0,"No"
0.860439225090306,0.241868019418353,0.703132017870595,1,0,1,1,1,0,1,0,0,0,1,0,0,0,0,0,1,0,0,0,1,0,0,0,0,1,0,"No"
-0.773711220273781,0.471599334832077,-0.552799935136923,0,0,0,0,1,0,1,0,0,0,1,0,0,0,1,0,0,0,1,0,1,0,0,1,0,1,0,"No"
0.125071524676467,0.566488356416006,0.254130414293231,1,1,1,0,1,0,1,1,0,0,0,0,0,0,1,0,0,0,0,0,0,1,0,1,0,0,0,"No"
-1.22310259274891,0.193591148787933,-0.925493657436784,0,0,1,0,1,0,0,1,0,0,0,0,0,0,0,0,0,0,0,0,0,0,0,1,1,0,0,"No"
-1.1822488316148,0.383369191955791,-0.879912889305887,0,0,0,0,1,0,1,1,0,0,0,0,0,0,0,0,0,0,0,0,0,0,0,0,0,1,0,"No"
1.22812307529723,0.979338836289944,1.55856952715989,0,0,0,0,1,0,1,1,0,0,0,0,0,0,0,0,0,0,1,0,1,1,0,1,0,0,0,"No"
1.63666068663825,1.31061805199524,2.33916235103581,1,0,1,1,1,0,1,1,0,0,1,0,1,0,1,0,1,0,0,0,1,0,1,0,1,0,0,"No"
-0.487734892335066,0.223556102972331,-0.378169725717139,1,1,0,0,1,0,0,1,0,0,0,0,0,0,0,0,0,0,0,0,0,0,0,0,1,0,0,"Yes"
0.125071524676467,1.53868464773205,0.70685651643382,0,1,0,0,1,0,1,1,0,0,1,0,1,0,1,0,1,0,1,0,1,1,0,1,0,0,0,"No"
-0.446881131200964,0.150308437188246,-0.340237481421436,1,1,1,0,1,0,0,1,0,0,0,0,0,0,0,0,0,0,0,0,0,0,0,1,0,1,0,"Yes"
1.22812307529723,1.04925706272021,1.66686819073939,1,0,1,0,1,0,1,1,0,0,1,0,1,0,0,0,0,0,0,0,1,1,0,0,0,1,0,"No"
-0.692003698005577,-0.525567751637637,-0.674843771985459,0,0,0,0,1,0,1,0,0,0,0,0,0,0,0,0,0,0,0,0,0,0,0,1,0,0,1,"No"
-0.610296175737372,0.787896073445174,-0.346489318295421,0,0,1,1,1,0,1,1,0,0,0,0,0,0,1,0,0,0,1,0,0,0,0,0,0,1,0,"Yes"
1.18726931416312,-1.50275820198442,-0.40160302917743,0,0,0,0,1,0,0,0,1,1,0,1,0,1,0,1,0,1,0,1,0,1,0,0,0,0,0,"No"
1.59580692550415,0.822855186660306,1.83854983879662,0,0,1,0,1,0,1,0,0,0,1,0,1,0,1,0,1,0,1,0,1,0,1,0,1,0,0,"No"
-1.22310259274891,0.180273391372645,-0.926269594637456,0,0,0,0,1,0,0,1,0,0,0,0,0,0,0,0,0,0,0,0,0,0,0,0,0,0,0,"Yes"
-0.610296175737372,0.196920588141755,-0.477312330328701,0,0,0,0,1,0,0,1,0,0,0,0,0,0,0,0,0,0,0,0,0,0,0,0,0,0,0,"No"
-0.446881131200964,1.09087505464298,-0.0543600470596073,0,0,0,0,1,0,1,1,0,0,0,0,0,0,0,0,0,0,1,0,1,0,0,1,0,1,0,"Yes"
0.615316658285693,-1.49609932327677,-0.585522315370972,0,0,1,0,1,0,0,0,1,1,0,1,0,1,0,1,0,1,0,1,0,0,1,0,0,0,0,"No"
-1.1822488316148,-1.45614605103091,-0.962206571845717,0,0,1,0,1,0,0,0,1,1,0,1,0,1,0,1,0,1,0,1,0,0,0,0,0,0,1,"No"
0.492755374883387,-1.50608764133824,-0.61846639194807,1,1,1,0,1,0,0,0,1,1,0,1,0,1,0,1,0,1,0,1,0,0,1,1,1,0,0,"No"
-1.26395635388301,-0.685380840621096,-0.974621567056467,0,0,0,0,1,0,0,0,0,0,0,0,0,0,0,0,0,0,0,0,0,0,0,1,0,0,1,"No"
0.492755374883387,0.992656593705232,0.910395928987209,0,0,1,1,1,0,1,1,0,0,0,0,1,0,1,0,0,0,0,0,1,1,0,0,0,1,0,"No"
-1.1005413093466,-1.28800936366289,-0.934272832621529,1,0,1,1,1,0,1,0,1,1,0,1,0,1,0,1,0,1,0,1,0,0,0,1,0,0,0,"Yes"
-0.324319847798657,-0.297501155900824,-0.373137218729924,1,0,0,0,1,0,1,0,0,0,1,0,0,0,0,0,0,0,0,0,0,0,0,1,0,0,0,"Yes"
-1.26395635388301,0.712983687984177,-0.955999074240342,0,1,0,0,1,0,0,1,0,0,0,0,1,0,0,0,0,0,0,0,1,0,0,1,0,1,0,"Yes"
-1.1822488316148,-1.44449301329253,-0.971052255933376,1,0,0,0,1,0,0,0,1,1,0,1,0,1,0,1,0,1,0,1,0,1,0,0,0,0,1,"No"
0.0433640024082626,-0.117711430794432,-0.0991870476241375,1,0,1,0,1,0,0,0,0,0,1,0,1,0,0,0,1,0,0,0,0,0,1,1,0,0,1,"No"
0.0842177635423648,0.511552607077942,0.215134027550892,0,0,0,0,1,0,0,0,0,0,1,0,0,0,1,0,1,0,1,0,1,1,0,1,0,0,0,"No"
0.615316658285693,-1.49276988392295,-0.573395525406186,0,0,1,1,1,0,0,0,1,1,0,1,0,1,0,1,0,1,0,1,0,0,1,0,0,0,1,"No"
-0.610296175737372,-0.475626161330305,-0.618665918656814,1,0,0,1,1,0,0,0,0,0,1,0,0,0,0,0,0,0,0,0,0,0,0,1,0,0,1,"No"
0.697024180553898,1.0326098659511,1.12683806870606,0,0,1,1,1,0,1,1,0,0,0,0,0,0,0,0,0,0,1,0,1,0,0,1,0,1,0,"Yes"
1.10556179189492,-0.477290881007216,0.334916561700327,1,1,1,0,0,1,0,0,0,0,0,0,1,0,0,0,0,0,1,0,1,0,0,1,0,1,0,"No"
-0.814564981407883,-1.35126871138551,-0.874570007438403,1,0,1,1,1,0,1,0,1,1,0,1,0,1,0,1,0,1,0,1,0,0,1,1,0,0,0,"No"
0.533609136017489,1.20740543202676,1.10755048686078,1,0,0,0,1,0,1,1,0,0,0,0,1,0,0,0,0,0,1,0,1,0,0,1,1,0,0,"Yes"
0.288486569212876,-0.157664703040297,0.044073129254198,0,0,1,1,1,0,0,0,0,0,0,0,0,0,1,0,0,0,1,0,0,0,0,1,0,0,1,"No"
1.59580692550415,-1.30299184075509,-0.200613124569106,1,1,1,0,1,0,1,0,1,1,0,1,0,1,0,1,0,1,0,1,0,0,1,0,1,0,0,"No"
1.59580692550415,-1.35459815073933,-0.27299698057464,1,0,1,1,1,0,1,0,1,1,0,1,0,1,0,1,0,1,0,1,0,0,1,0,1,0,0,"No"
1.43239188096774,0.370051434540503,1.2498130301954,1,1,0,0,1,0,1,1,0,0,0,0,0,0,0,0,0,0,0,0,0,0,0,1,0,0,1,"No"
0.206779046944671,-0.811899536066335,-0.351743521625685,1,0,1,1,0,1,0,0,0,0,1,0,1,0,1,0,0,0,0,0,0,0,0,0,0,0,0,"Yes"
0.697024180553898,0.663042097676846,0.892438525200231,1,0,1,1,1,0,1,1,0,0,0,0,0,0,0,0,0,0,1,0,0,0,0,0,0,1,0,"Yes"
-0.93712626481019,-0.457314244884284,-0.787243817911358,0,0,1,0,1,0,0,0,0,0,0,0,1,0,0,0,0,0,0,0,0,0,0,0,0,0,1,"No"
0.819585463956204,0.899432291798214,1.05780182748056,1,0,1,0,1,0,1,1,0,0,1,0,0,0,1,0,1,0,0,0,0,0,1,1,1,0,0,"No"
1.55495316437004,1.14248136462723,2.03805437790651,0,0,0,0,1,0,1,1,0,0,0,0,1,0,0,0,0,0,1,0,1,1,0,0,0,1,0,"No"
-1.26395635388301,0.679689294445957,-0.95644246692644,1,0,0,0,1,0,0,1,0,0,0,0,1,0,0,0,0,0,0,0,1,0,0,1,0,1,0,"No"
-1.26395635388301,-0.67539252255963,-0.974488549250637,1,0,0,0,1,0,0,0,0,0,0,0,0,0,0,0,0,0,0,0,0,0,0,1,0,0,1,"No"
-1.26395635388301,-1.47778740683075,-0.985174312985605,1,0,0,0,1,0,0,0,1,1,0,1,0,1,0,1,0,1,0,1,0,0,0,0,0,0,1,"Yes"
0.819585463956204,0.519876205462497,0.91139356253093,0,0,0,0,1,0,1,1,0,0,0,0,1,0,0,0,0,0,0,0,0,1,0,1,0,0,1,"No"
-1.0596875482125,-0.122705589825165,-0.810521933931515,1,0,0,0,1,0,0,0,0,0,0,0,0,0,1,0,0,0,1,0,0,0,0,0,0,0,1,"No"
-1.01883378707839,-1.01166589729566,-0.880356281991985,1,0,1,0,0,1,0,0,0,0,1,0,1,0,0,0,0,0,0,0,0,0,0,0,0,0,1,"No"
0.615316658285693,0.686348173153601,0.765849913319189,0,1,0,0,1,0,1,1,0,0,0,0,1,0,1,0,0,0,0,0,0,0,0,1,0,0,0,"Yes"
-0.283466086664555,-0.342448587177422,-0.419139209912614,1,0,1,1,1,0,0,0,0,0,1,0,0,0,0,0,1,0,0,0,0,0,0,0,0,1,0,"No"
1.63666068663825,1.60360871513158,2.6384080748835,0,0,0,0,1,0,1,1,0,0,1,0,1,0,1,0,1,0,1,0,1,0,1,1,1,0,0,"No"
1.43239188096774,0.0321133401275619,0.939748524806911,1,0,0,0,1,0,0,0,0,0,1,0,0,0,1,0,0,0,0,0,1,0,1,0,0,0,0,"No"
-0.242612325530453,0.473264054508988,-0.104640777663146,0,1,0,0,1,0,0,1,0,0,0,0,0,0,0,0,0,0,0,0,1,0,0,1,0,1,0,"No"
1.63666068663825,1.35390076359493,2.37997664779116,1,0,1,1,1,0,1,1,0,0,1,0,0,0,1,0,0,0,1,0,1,0,1,0,0,0,0,"No"
-1.0596875482125,0.821190466983395,-0.77817643748065,0,0,0,0,1,0,0,1,0,0,0,0,0,0,1,0,1,0,0,0,1,0,0,1,0,1,0,"No"
1.22812307529723,-1.46280492973855,-0.45387902686841,1,0,1,1,1,0,0,0,1,1,0,1,0,1,0,1,0,1,0,1,0,0,1,0,1,0,0,"No"
-0.487734892335066,0.136990679772958,-0.366198123192487,1,0,0,0,1,0,1,0,0,0,0,0,1,0,0,0,1,0,1,0,0,1,0,1,0,1,0,"No"
-1.0596875482125,0.468269895478255,-0.779839160053518,1,0,0,0,1,0,0,0,0,0,1,0,0,0,1,0,1,0,1,0,1,0,0,0,1,0,0,"No"
0.778731702822102,-1.32629791623185,-0.446718234987924,1,0,0,0,1,0,1,0,1,1,0,1,0,1,0,1,0,1,0,1,0,0,1,0,0,0,1,"No"
-0.773711220273781,1.11251641044283,-0.445277208758105,1,1,1,0,1,0,0,1,0,0,0,0,1,0,1,0,0,0,1,0,1,0,0,1,0,1,0,"Yes"
-1.1822488316148,1.34557716521037,-0.863573868823167,1,1,0,0,1,0,1,1,0,0,0,0,1,0,1,0,0,0,1,0,1,0,0,1,0,1,0,"Yes"
-0.242612325530453,0.97434467725921,0.0618310063324319,0,1,1,0,1,0,1,1,0,0,0,0,1,0,1,0,0,0,0,0,1,0,0,1,0,1,0,"Yes"
-0.773711220273781,-0.155999983363386,-0.644582221159255,1,1,0,0,1,0,0,0,0,0,0,0,1,0,0,0,0,0,1,0,0,0,0,1,0,1,0,"No"
0.247632808078774,-1.48611100521531,-0.658748617480094,0,0,1,1,1,0,0,0,1,1,0,1,0,1,0,1,0,1,0,1,0,0,1,1,0,0,1,"No"
-0.977980025944292,0.646394900907736,-0.722153771592139,0,1,1,0,1,0,1,1,0,0,0,0,0,0,0,0,0,0,0,0,1,0,0,1,0,1,0,"Yes"
0.0842177635423648,1.47542530000943,0.613256320398485,1,1,1,1,1,0,1,1,0,0,0,0,1,0,1,0,1,0,1,0,1,0,0,1,0,1,0,"No"
-0.56944241460327,-1.03164253341859,-0.750109680450632,1,0,0,0,0,1,0,0,0,0,1,0,0,0,1,0,0,0,0,0,0,0,0,0,0,0,1,"No"
0.165925285810569,-0.990024541495817,-0.432263633421122,0,0,0,0,0,1,0,0,0,0,0,0,1,0,0,0,1,0,0,0,0,0,0,1,0,0,0,"No"
-0.93712626481019,-0.527232471314548,-0.798062599452155,0,0,1,0,0,1,0,0,0,0,0,0,0,0,1,0,0,0,1,0,1,0,0,1,0,1,0,"Yes"
1.02385426962672,1.02262154788963,1.47443576497276,0,1,1,1,1,0,0,1,0,0,0,0,1,0,1,0,1,0,1,0,0,0,0,1,1,0,0,"No"
0.411047852615182,0.310121526171706,0.407233908802947,0,0,0,0,1,0,0,0,0,0,1,0,1,0,1,0,1,0,0,0,1,1,0,0,1,0,0,"Yes"
0.0433640024082626,-1.3346215146164,-0.665887239726275,0,0,1,1,1,0,1,0,1,1,0,1,0,1,0,1,0,1,0,1,0,0,1,1,0,0,1,"Yes"
1.47324564210184,-0.653751166759787,0.37389077880836,0,0,0,0,0,1,0,0,0,0,0,0,1,0,0,0,1,0,0,0,1,0,0,0,0,1,0,"No"
-1.26395635388301,-1.32796263590876,-0.983179045898163,1,0,0,1,0,1,0,0,0,0,0,0,0,0,0,0,0,0,0,0,0,0,0,1,0,1,0,"No"
-1.1413950704807,-1.30299184075509,-0.956797181075318,0,0,0,1,1,0,1,0,1,1,0,1,0,1,0,1,0,1,0,1,0,0,0,1,0,0,1,"No"
-1.26395635388301,-0.462308403915017,-0.971650836059609,1,0,0,0,1,0,0,0,0,0,1,0,0,0,0,0,0,0,0,0,0,0,0,1,0,0,1,"No"
-0.487734892335066,-0.319142511700668,-0.477334499963006,1,0,0,0,0,1,0,0,0,0,1,0,1,0,1,0,1,0,1,0,0,0,0,1,1,0,0,"No"
-0.56944241460327,0.464940456124432,-0.363338240367153,1,1,1,0,1,0,0,1,0,0,0,0,0,0,0,0,0,0,0,0,1,0,0,0,0,1,0,"Yes"
-0.855418742541986,-0.317477792023757,-0.724481583194155,1,0,1,0,1,0,0,0,0,0,0,0,0,0,0,0,0,0,1,0,0,0,0,1,0,0,0,"No"
0.0433640024082626,-1.49110516424604,-0.709760946015694,0,0,1,1,1,0,0,0,1,1,0,1,0,1,0,1,0,1,0,1,0,0,1,0,1,0,0,"No"
-1.26395635388301,-0.955065428280685,-0.978213047813862,0,0,0,0,0,1,0,0,0,0,0,0,0,0,1,0,1,0,0,0,0,0,0,0,0,0,1,"No"
-0.406027370066861,0.468269895478255,-0.256436263748872,1,0,1,1,1,0,1,0,0,0,0,0,0,0,1,0,1,0,1,0,1,1,0,1,0,0,1,"No"
0.697024180553898,-0.0944053553176771,0.346755146419149,0,0,1,1,1,0,0,0,0,0,1,0,0,0,1,0,1,0,0,0,0,0,0,0,0,0,0,"No"
0.165925285810569,-0.0294812879181464,-0.0237659517188299,1,0,1,1,1,0,0,0,0,0,1,0,0,0,1,0,0,0,0,0,1,1,0,1,1,0,0,"No"
-1.1413950704807,-1.31131543913965,-0.948683094919721,1,1,0,0,0,1,0,0,0,0,0,0,0,0,0,0,0,0,0,0,0,0,0,1,0,0,0,"Yes"
-0.0383435198599417,0.76625471764533,0.213781679858292,0,0,0,0,1,0,0,1,0,0,1,0,0,0,1,0,1,0,0,0,0,0,0,0,0,1,0,"No"
-0.692003698005577,-0.319142511700668,-0.658438242599825,0,1,0,0,1,0,1,0,0,0,0,0,0,0,0,0,1,0,0,0,0,0,0,0,1,0,0,"Yes"
-0.896272503676088,-1.48278156586148,-0.897249543332327,1,0,1,1,1,0,0,0,1,1,0,1,0,1,0,1,0,1,0,1,0,0,0,1,1,0,0,"No"
-0.120051042128146,-1.00833645794184,-0.5486320438876,1,0,0,0,0,1,0,0,0,0,0,0,1,0,0,0,1,0,0,0,0,0,0,0,0,1,0,"No"
1.02385426962672,-1.46280492973855,-0.49504803777263,1,0,0,0,1,0,0,0,1,1,0,1,0,1,0,1,0,1,0,1,0,0,1,0,0,0,0,"No"
-0.610296175737372,0.508223167724119,-0.37899000218642,0,0,0,0,1,0,0,0,0,0,1,0,1,0,0,0,1,0,1,0,1,1,0,0,1,0,0,"No"
-0.732857459139679,0.68468345347669,-0.489017897241694,1,0,1,0,1,0,1,1,0,0,0,0,0,0,0,0,0,0,0,0,1,0,0,1,0,1,0,"Yes"
-0.855418742541986,0.484917092247365,-0.62713471896129,1,1,0,0,1,0,0,1,0,0,0,0,0,0,0,0,0,0,0,0,1,0,0,1,1,0,0,"No"
-1.26395635388301,-1.47279324780002,-0.98510780408269,0,0,1,1,1,0,0,0,1,1,0,1,0,1,0,1,0,1,0,1,0,0,1,0,0,0,1,"No"
-0.814564981407883,-1.44948717232326,-0.87793979185275,1,0,1,1,1,0,0,0,1,1,0,1,0,1,0,1,0,1,0,1,0,0,1,0,0,0,0,"No"
-1.1822488316148,0.999315472412876,-0.870180419846031,1,1,1,0,1,0,1,1,0,0,0,0,0,0,0,0,0,0,1,0,1,0,0,1,0,1,0,"Yes"
0.165925285810569,1.0026449117667,0.563285964675216,1,0,0,1,1,0,0,1,0,0,0,0,1,0,0,0,0,0,1,0,1,0,0,1,0,1,0,"No"
-0.651149936871475,0.987662434674499,-0.336468643589601,1,0,0,0,1,0,0,1,0,0,1,0,0,0,0,0,0,0,1,0,1,0,0,1,0,1,0,"Yes"
1.35068435869953,0.261844655541286,1.06935220695342,1,0,1,1,1,0,1,0,0,0,1,0,1,0,1,0,0,0,0,0,1,1,0,0,1,0,0,"Yes"
-1.22310259274891,0.345080639386838,-0.926846005129383,1,0,0,0,1,0,0,1,0,0,0,0,1,0,0,0,0,0,0,0,0,0,0,0,0,1,0,"No"
0.411047852615182,1.35223604391802,0.957129518101961,0,0,0,0,1,0,1,1,0,0,1,0,0,0,1,0,0,0,1,0,1,0,0,1,0,1,0,"Yes"
1.22812307529723,-1.48944044456913,-0.438271604317753,1,0,0,0,1,0,0,0,1,1,0,1,0,1,0,1,0,1,0,1,0,0,1,0,0,0,0,"No"
-1.0596875482125,0.837837663752505,-0.749089877272606,0,0,0,0,1,0,1,1,0,0,0,0,1,0,0,0,0,0,1,0,0,0,0,1,0,1,0,"No"
0.125071524676467,1.47709001968635,0.790746412643604,1,0,0,0,1,0,1,1,0,0,1,0,0,0,1,0,1,0,1,0,1,0,1,1,0,1,0,"No"
-1.0596875482125,0.608106348338782,-0.790059361468082,1,0,1,0,1,0,1,1,0,0,0,0,0,0,0,0,0,0,1,0,0,0,0,1,0,1,0,"Yes"
1.14641555302902,0.238538580064531,0.945512629726188,1,1,0,0,1,0,1,0,0,0,1,0,1,0,0,0,0,0,0,0,1,1,0,1,0,1,0,"No"
-0.365173608932759,-1.13984931241781,-0.693178059555621,1,0,1,1,0,1,0,0,0,0,0,0,0,0,0,0,1,0,0,0,0,0,0,1,0,0,0,"No"
0.860439225090306,1.30728861264142,1.43809973434701,1,1,1,0,1,0,1,1,0,0,0,0,1,0,1,0,0,0,1,0,1,0,0,1,0,1,0,"Yes"
-0.324319847798657,-1.34460983267787,-0.724082529776667,1,0,1,1,1,0,1,0,1,1,0,1,0,1,0,1,0,1,0,1,0,0,1,0,0,0,1,"No"
-1.1005413093466,0.633077143492447,-0.814911521523887,0,0,1,1,1,0,0,1,0,0,0,0,1,0,0,0,0,0,0,0,1,0,0,1,0,1,0,"Yes"
0.737877941688,1.20074655331911,1.30696634743346,0,1,1,0,1,0,1,1,0,0,0,0,0,0,0,0,1,0,1,0,1,1,0,1,0,1,0,"No"
0.901292986224409,0.982668275643766,1.2498351998297,0,0,0,0,1,0,0,1,0,0,0,0,0,0,1,0,0,0,1,0,1,1,0,1,1,0,0,"No"
1.47324564210184,1.46044282291723,2.18789893617341,1,0,0,0,1,0,1,1,0,0,0,0,1,0,1,0,1,0,1,0,1,1,0,0,0,1,0,"Yes"
-1.1005413093466,-0.280853959131714,-0.864904046881462,1,0,0,0,1,0,0,0,0,0,0,0,0,0,1,0,1,0,0,0,0,0,0,0,0,1,0,"No"
0.0433640024082626,-1.47279324780002,-0.68830074000854,1,0,0,0,1,0,0,0,1,1,0,1,0,1,0,1,0,1,0,1,0,0,1,0,0,0,1,"No"
-0.773711220273781,-1.4694638084462,-0.881287406632791,0,0,1,1,1,0,0,0,1,1,0,1,0,1,0,1,0,1,0,1,0,0,0,1,0,0,1,"No"
-0.487734892335066,-1.52107011843044,-0.839985377922742,0,0,0,0,1,0,0,0,1,1,0,1,0,1,0,1,0,1,0,1,0,0,0,1,1,0,0,"No"
0.778731702822102,-1.49776404295368,-0.56497106437032,0,1,0,0,1,0,0,0,1,1,0,1,0,1,0,1,0,1,0,1,0,0,1,0,1,0,0,"No"
-1.1822488316148,0.896102852444392,-0.886408592157226,0,0,1,0,1,0,1,1,0,0,0,0,1,0,0,0,0,0,0,0,1,0,0,1,1,0,0,"Yes"
0.37019409148108,-0.645427568375231,-0.177445856720474,0,0,0,1,1,0,0,0,0,0,0,0,0,0,0,0,0,0,0,0,0,0,0,0,0,0,0,"No"
-0.814564981407883,0.54151756126234,-0.609953252374984,1,0,1,0,1,0,0,1,0,0,1,0,0,0,0,0,1,0,0,0,0,0,0,0,0,0,0,"Yes"
-1.1413950704807,1.00930379047434,-0.834265612272075,1,0,0,0,1,0,0,1,0,0,1,0,1,0,0,0,1,0,0,0,1,0,0,1,0,0,1,"No"
0.451901613749285,-0.517244153253081,-0.0735589503676603,0,0,0,0,0,1,0,0,0,0,0,0,0,0,1,0,0,0,1,0,1,0,0,1,0,0,0,"Yes"
1.47324564210184,1.35556548327184,2.2424805758321,1,1,1,0,1,0,1,1,0,0,0,0,1,0,1,0,0,0,1,0,1,0,0,1,0,1,0,"Yes"
-0.283466086664555,0.811202148921929,0.0217704771434574,1,1,0,0,1,0,1,1,0,0,0,0,1,0,0,0,0,0,1,0,0,0,0,1,0,1,0,"Yes"
-1.01883378707839,-1.47612268715384,-0.936866679835203,0,0,0,0,1,0,0,0,1,1,0,1,0,1,0,1,0,1,0,1,0,1,0,0,0,0,1,"No"
0.860439225090306,1.52869632967059,1.59328717448139,0,0,1,0,1,0,0,1,0,0,1,0,1,0,1,0,1,0,1,0,1,1,0,0,0,1,0,"No"
1.26897683643133,1.49207249677854,2.12356265742055,1,1,0,0,1,0,1,1,0,0,1,0,1,0,1,0,0,0,1,0,1,0,0,1,0,0,0,"No"
1.55495316437004,1.651885585762,2.43058992290927,0,0,1,1,1,0,1,1,0,0,1,0,1,0,1,0,1,0,1,0,1,0,1,1,0,0,0,"Yes"
-1.26395635388301,0.20524418652631,-0.962760812703339,0,0,0,0,1,0,0,1,0,0,0,0,0,0,0,0,0,0,0,0,0,0,0,0,0,0,1,"Yes"
0.206779046944671,-1.49776404295368,-0.671429648302503,0,1,1,0,1,0,0,0,1,1,0,1,0,1,0,1,0,1,0,1,0,1,0,0,0,0,1,"No"
-1.1822488316148,-0.813564255743247,-0.936157251537446,1,0,0,0,0,1,0,0,0,0,0,0,0,0,1,0,0,0,1,0,0,0,0,1,0,0,1,"Yes"
-0.814564981407883,0.400016388724902,-0.598181176559076,0,0,0,1,1,0,1,1,0,0,0,0,0,0,0,0,0,0,0,0,0,0,0,1,0,1,0,"No"
0.247632808078774,-1.49776404295368,-0.655777886483236,0,0,1,1,1,0,0,0,1,1,0,1,0,1,0,1,0,1,0,1,0,1,0,0,1,0,0,"No"
-0.93712626481019,0.689677612507423,-0.647663800327638,0,0,0,0,1,0,0,1,0,0,0,0,0,0,1,0,0,0,0,0,1,0,0,1,1,0,0,"No"
-0.773711220273781,0.042101658189028,-0.594079794212668,1,0,1,0,1,0,1,0,0,0,1,0,0,0,0,0,0,0,0,0,1,0,0,1,0,1,0,"No"
0.615316658285693,-1.48278156586148,-0.543333501288726,0,0,1,1,1,0,0,0,1,1,0,1,0,1,0,1,0,1,0,1,0,0,1,0,1,0,0,"No"
-0.651149936871475,-1.4844462855384,-0.871887481687509,1,0,0,0,1,0,0,0,1,1,0,1,0,1,0,1,0,1,0,1,0,0,0,0,0,0,1,"No"
0.37019409148108,0.46161101677061,0.392114218206997,0,0,1,1,1,0,0,0,0,0,1,0,1,0,0,0,1,0,1,0,1,0,1,0,0,1,0,"No"
0.165925285810569,1.09087505464298,0.539076724014253,0,0,1,1,1,0,1,1,0,0,0,0,1,0,1,0,0,0,1,0,0,0,0,1,0,0,0,"Yes"
-1.0596875482125,-0.319142511700668,-0.843199974896954,0,0,0,0,1,0,0,0,0,0,0,0,0,0,0,0,0,0,0,0,1,0,0,1,0,1,0,"No"
1.06470803076082,0.216897224264687,0.912102990828687,0,0,0,0,1,0,1,0,0,0,1,0,1,0,1,0,1,0,0,0,0,1,0,1,1,0,0,"No"
0.288486569212876,-0.808570096712513,-0.271223409830248,0,0,0,0,0,1,0,0,0,0,1,0,1,0,0,0,1,0,0,0,0,1,0,1,0,0,0,"No"
-0.242612325530453,-0.502261676160882,-0.432950892084574,0,0,0,1,1,0,1,0,0,0,0,0,0,0,0,0,0,0,0,0,0,0,0,1,0,0,1,"No"
0.860439225090306,0.306792086817884,0.781146960989577,0,1,0,0,1,0,0,1,0,0,0,0,1,0,0,0,0,0,0,0,0,0,0,1,1,0,0,"No"
1.55495316437004,-1.51108180036897,-0.37276033494674,0,0,1,1,1,0,0,0,1,1,0,1,0,1,0,1,0,1,0,1,0,0,1,1,0,0,1,"No"
-1.26395635388301,-0.642098129021409,-0.974045156564539,1,0,0,0,0,1,0,0,0,0,0,0,0,0,0,0,0,0,1,0,1,0,0,1,0,0,1,"Yes"
-1.22310259274891,1.01096851015125,-0.915162607850695,1,0,0,0,1,0,0,1,0,0,0,0,0,0,1,0,0,0,1,0,1,0,0,0,0,1,0,"Yes"
-0.814564981407883,-0.667068924175075,-0.781036320305983,0,0,0,1,1,0,0,0,0,0,0,0,0,0,0,0,0,0,0,0,0,0,0,1,0,1,0,"Yes"
1.10556179189492,0.405010547755635,1.01971439574473,1,0,1,1,1,0,0,0,0,0,0,0,1,0,1,0,1,0,1,0,1,1,0,0,1,0,0,"No"
1.18726931416312,0.546511720293073,1.21225766968288,1,0,1,1,1,0,1,0,0,0,0,0,0,0,1,0,1,0,1,0,1,0,1,1,0,0,0,"No"
1.63666068663825,1.36388908165639,2.35004764147953,1,0,1,1,1,0,1,1,0,0,1,0,0,0,1,0,0,0,1,0,1,0,1,1,0,0,0,"No"
-0.773711220273781,-1.52439955778426,-0.88272843286261,0,0,1,1,1,0,0,0,1,1,0,1,0,1,0,1,0,1,0,1,0,0,0,0,0,0,1,"No"
1.30983059756543,-1.32130375720111,-0.286697814575076,0,0,1,1,1,0,1,0,1,1,0,1,0,1,0,1,0,1,0,1,0,1,0,0,0,0,1,"No"
-1.26395635388301,-1.36958062783153,-0.983733286755785,1,0,1,0,0,1,0,0,0,0,0,0,0,0,0,0,0,0,0,0,0,0,0,1,0,1,0,"Yes"
1.35068435869953,-0.107723112732965,0.723616759968333,0,0,1,1,1,0,0,0,0,0,1,0,1,0,1,0,0,0,0,0,0,1,0,0,0,0,0,"No"
-0.283466086664555,-0.349107465885066,-0.38535268723193,0,0,1,0,1,0,1,0,0,0,0,0,1,0,0,0,0,0,0,0,0,0,0,0,0,1,0,"No"
-1.26395635388301,-1.16149066821765,-0.980962082467671,1,0,0,0,0,1,0,0,0,0,1,0,0,0,0,0,0,0,0,0,0,0,0,0,0,0,1,"Yes"
1.30983059756543,-1.33795095397022,-0.307470761918777,1,1,1,1,1,0,1,0,1,1,0,1,0,1,0,1,0,1,0,1,0,0,1,1,0,0,0,"No"
0.165925285810569,1.01263322982816,0.531250843104619,1,0,1,0,1,0,1,1,0,0,0,0,0,0,0,0,0,0,1,0,1,0,0,1,0,0,0,"No"
-1.1822488316148,-0.463973123591928,-0.927045531838128,0,0,0,0,1,0,1,0,0,0,0,0,0,0,0,0,0,0,0,0,0,0,0,1,0,0,1,"Yes"
-0.242612325530453,-0.820223134450891,-0.540207582851734,1,0,0,1,0,1,0,0,0,0,0,0,1,0,0,0,0,0,1,0,0,1,0,1,0,0,0,"No"
-1.26395635388301,-0.305824754285379,-0.969566890434947,0,0,0,0,1,0,0,0,0,0,0,0,0,0,0,0,0,0,0,0,1,0,0,1,0,1,0,"Yes"
-1.26395635388301,0.866137898259993,-0.95395946788429,0,1,1,0,1,0,1,1,0,0,0,0,1,0,0,0,0,0,1,0,0,0,0,1,0,1,0,"Yes"
1.47324564210184,1.28731197651849,2.14260637328847,1,0,1,1,1,0,0,1,0,0,1,0,1,0,1,0,0,0,1,0,1,0,1,1,1,0,0,"No"
-1.22310259274891,0.741283922491665,-0.924806398773332,1,1,1,0,1,0,1,1,0,0,0,0,0,0,0,0,0,0,1,0,0,0,0,1,0,0,1,"Yes"
1.63666068663825,0.987662434674499,2.04299820635651,0,0,1,0,1,0,1,1,0,0,1,0,1,0,1,0,1,0,0,0,0,0,1,1,0,0,0,"No"
1.59580692550415,-0.583832940329523,0.452925525105368,0,0,1,0,0,1,0,0,0,0,0,0,0,0,1,0,1,0,0,0,1,0,1,1,0,1,0,"No"
1.02385426962672,-1.46613436909237,-0.438626318466631,1,0,0,0,1,0,0,0,1,1,0,1,0,1,0,1,0,1,0,1,0,0,1,0,1,0,0,"No"
-1.1413950704807,-1.49609932327677,-0.964179669298854,1,0,0,0,1,0,0,0,1,1,0,1,0,1,0,1,0,1,0,1,0,0,0,1,0,0,1,"No"
1.63666068663825,0.546511720293073,1.55537709981999,1,0,1,1,1,0,1,0,0,0,1,0,1,0,1,0,1,0,0,0,1,0,1,0,1,0,0,"No"
-0.446881131200964,0.376710313248147,-0.306983029964069,1,0,1,1,1,0,1,0,0,0,1,0,0,0,0,0,0,0,1,0,1,1,0,1,0,0,0,"No"
-0.120051042128146,1.14747552365796,0.315141247900346,0,1,1,0,1,0,1,1,0,0,0,0,0,0,1,0,0,0,1,0,1,0,0,1,0,0,0,"Yes"
1.51409940323594,1.52037273128603,2.31692620782799,0,1,0,0,1,0,1,1,0,0,1,0,0,0,1,0,1,0,1,0,1,0,1,0,1,0,0,"No"
-1.1413950704807,-1.35459815073933,-0.950900058350212,0,0,0,0,1,0,1,0,1,1,0,1,0,1,0,1,0,1,0,1,0,1,0,0,0,1,0,"No"
0.819585463956204,1.55366712482425,1.62917981242104,0,0,0,0,1,0,1,1,0,0,1,0,1,0,0,0,1,0,1,0,1,1,0,1,1,0,0,"Yes"
-1.26395635388301,-1.48611100521531,-0.985285161157129,1,0,0,0,1,0,0,0,1,1,0,1,0,1,0,1,0,1,0,1,0,0,0,0,0,0,1,"No"
-1.22310259274891,-0.347442746208155,-0.949059978702904,0,0,0,0,1,0,1,0,0,0,0,0,1,0,0,0,0,0,0,0,0,0,0,0,0,0,1,"No"
-0.528588653469168,-0.159329422717208,-0.492720226170614,0,0,1,0,1,0,0,0,0,0,0,0,1,0,0,0,0,0,0,0,1,0,0,1,0,0,1,"No"
0.329340330346978,0.641400741877002,0.572042970225656,0,0,0,0,1,0,1,1,0,0,0,0,0,0,0,0,0,0,0,0,1,0,0,0,0,0,0,"No"
1.39153811983363,1.34224772585655,2.0614876813668,0,1,1,1,1,0,1,1,0,0,0,0,1,0,1,0,0,0,1,0,1,1,0,1,0,1,0,"No"
-0.446881131200964,0.356733677125215,-0.297693953190311,1,0,0,0,1,0,1,1,0,0,0,0,0,0,0,0,0,0,0,0,0,0,0,0,0,0,1,"No"
-0.977980025944292,0.068737173019605,-0.76314542542192,1,0,0,0,1,0,0,0,0,0,0,0,1,0,0,0,1,0,1,0,0,0,0,1,0,1,0,"No"
1.63666068663825,1.49540193613237,2.48867436478813,0,0,1,1,1,0,0,1,0,0,1,0,1,0,1,0,1,0,1,0,1,0,1,1,1,0,0,"No"
1.51409940323594,-1.50775236101515,-0.352142575043173,1,0,0,0,1,0,0,0,1,1,0,1,0,1,0,1,0,1,0,1,0,0,1,1,0,0,0,"No"
-0.732857459139679,-0.437337608761351,-0.671407478668198,0,0,0,0,1,0,0,0,0,0,0,0,1,0,0,0,0,0,0,0,0,1,0,0,1,0,0,"No"
-0.977980025944292,-1.50109348230751,-0.923476220715037,0,0,1,1,1,0,0,0,1,1,0,1,0,1,0,1,0,1,0,1,0,0,1,0,0,0,0,"No"
-0.610296175737372,-1.4994287626306,-0.869604009354103,0,0,0,0,1,0,0,0,1,1,0,1,0,1,0,1,0,1,0,1,0,1,0,0,0,0,1,"No"
1.35068435869953,0.964356359197744,1.69693021485684,1,0,0,0,1,0,1,1,0,0,1,0,0,0,0,0,1,0,0,0,1,1,0,0,0,1,0,"No"
1.02385426962672,-0.175976619486318,0.457691996480924,0,0,1,1,1,0,0,0,0,0,1,0,0,0,1,0,1,0,0,0,0,1,0,1,0,0,1,"No"
-0.773711220273781,1.25401758298027,-0.391560184837305,1,0,1,0,1,0,1,1,0,0,0,0,0,0,1,0,0,0,1,0,1,0,0,1,1,0,0,"Yes"
-0.732857459139679,0.449957979032233,-0.496466894368144,0,0,1,0,1,0,0,1,0,0,0,0,0,0,0,0,0,0,0,0,1,0,0,1,0,1,0,"No"
1.06470803076082,0.0104719843277186,0.688743925206708,0,0,0,0,1,0,0,0,0,0,1,0,1,0,1,0,1,0,0,0,0,0,1,1,1,0,0,"No"
0.615316658285693,1.01429794950508,1.00315367891896,0,1,0,0,1,0,1,1,0,0,0,0,1,0,0,0,1,0,1,0,0,0,0,1,0,1,0,"Yes"
-1.22310259274891,-1.32130375720111,-0.972094228745707,1,0,0,0,0,1,0,0,0,0,0,0,0,0,0,0,0,0,0,0,0,0,0,1,1,0,0,"No"
-1.0596875482125,-0.662074765144342,-0.87153276753863,1,1,0,0,1,0,0,0,0,0,0,0,0,0,0,0,0,0,0,0,0,0,0,0,1,0,0,"No"
1.59580692550415,1.64522670705436,2.63100341702566,1,0,1,1,1,0,1,1,0,0,1,0,1,0,1,0,1,0,1,0,1,0,1,1,0,0,0,"No"
0.574462897151591,-1.47612268715384,-0.599356167177237,0,0,1,1,1,0,0,0,1,1,0,1,0,1,0,1,0,1,0,1,0,0,1,0,0,0,0,"No"
-1.1005413093466,-0.357431064269621,-0.878937425396471,0,0,0,0,1,0,0,0,0,0,1,0,0,0,0,0,1,0,0,0,0,0,0,0,1,0,0,"Yes"
1.43239188096774,0.641400741877002,1.48390219882095,1,1,1,0,1,0,1,1,0,0,1,0,1,0,0,0,0,0,0,0,0,0,0,0,0,0,0,"No"
0.819585463956204,1.3189416503798,1.47483481839025,1,1,1,0,1,0,1,1,0,0,1,0,0,0,1,0,0,0,1,0,1,0,0,1,0,1,0,"Yes"
0.411047852615182,-0.477290881007216,-0.0170485525244418,0,0,1,0,1,0,1,0,0,0,0,0,0,0,0,0,0,0,0,0,0,0,0,1,0,1,0,"Yes"
0.737877941688,-1.47279324780002,-0.577807282632863,1,0,1,1,1,0,0,0,1,1,0,1,0,1,0,1,0,1,0,1,0,1,0,1,0,0,1,"No"
-0.365173608932759,0.846161262137061,-0.0966597093133777,1,1,1,0,1,0,0,1,0,0,1,0,1,0,0,0,0,0,0,0,1,0,0,1,0,1,0,"No"
1.43239188096774,-0.345778026531244,0.612702079540863,0,0,1,1,0,1,0,0,0,0,1,0,1,0,1,0,1,0,1,0,0,0,1,0,1,0,0,"No"
-0.283466086664555,1.16245800075016,0.0562885977562041,0,0,0,0,1,0,0,1,0,0,0,0,1,0,1,0,0,0,1,0,1,0,0,1,0,1,0,"Yes"
0.288486569212876,1.14914024333487,0.725323821809811,0,1,1,0,1,0,0,1,0,0,1,0,1,0,0,0,0,0,1,0,1,1,0,0,0,0,1,"No"
1.51409940323594,0.0770607714041602,1.03567653244426,0,0,0,0,1,0,1,0,0,0,1,0,1,0,0,0,1,0,0,0,0,0,1,1,0,0,1,"No"
-0.93712626481019,0.213567784910865,-0.695927094209429,0,0,0,0,1,0,0,1,0,0,0,0,0,0,0,0,0,0,0,0,0,0,0,0,0,1,0,"Yes"
-0.651149936871475,0.952703321459367,-0.296363775132017,0,0,0,0,1,0,0,1,0,0,0,0,1,0,1,0,0,0,0,0,1,0,0,1,1,0,0,"Yes"
1.14641555302902,-1.45281661167709,-0.430778267922693,1,0,1,1,1,0,0,0,1,1,0,1,0,1,0,1,0,1,0,1,0,0,1,1,0,0,0,"No"
1.63666068663825,1.4854136180709,2.42506968396734,0,0,1,1,1,0,1,1,0,0,0,0,1,0,1,0,1,0,1,0,1,0,1,1,0,0,0,"No"
-1.1005413093466,-1.50608764133824,-0.938241197162108,1,0,1,0,1,0,0,0,1,1,0,1,0,1,0,1,0,1,0,1,0,0,0,0,0,0,1,"Yes"
-0.242612325530453,0.706324809276533,-0.0214824793854241,0,1,0,0,1,0,0,1,0,0,1,0,0,0,0,0,0,0,1,0,0,0,0,1,1,0,0,"No"
-1.1822488316148,-1.48944044456913,-0.965509847357148,1,0,0,0,1,0,0,0,1,1,0,1,0,1,0,1,0,1,0,1,0,0,0,0,0,0,1,"Yes"
-1.22310259274891,-1.46779908876929,-0.977171075001532,0,0,0,1,1,0,0,0,1,1,0,1,0,1,0,1,0,1,0,1,0,1,0,0,0,0,0,"No"
0.165925285810569,0.834508224398683,0.490392207080668,0,0,0,0,1,0,1,0,0,0,1,0,0,0,1,0,1,0,1,0,1,1,0,1,1,0,0,"No"
-1.01883378707839,0.325104003263905,-0.757536507942777,1,0,0,0,1,0,0,1,0,0,1,0,0,0,0,0,0,0,0,0,0,0,0,0,0,0,1,"No"
1.14641555302902,-0.503926395837793,0.295055559220097,0,1,1,0,0,1,0,0,0,0,0,0,1,0,0,0,0,0,1,0,1,0,1,1,1,0,0,"No"
-0.528588653469168,0.816196307952662,-0.275479979616791,0,0,1,0,1,0,1,1,0,0,0,0,1,0,0,0,0,0,0,0,1,0,0,1,0,1,0,"No"
0.533609136017489,0.351739518094482,0.549030889817158,1,1,1,0,1,0,1,0,0,0,1,0,0,0,1,0,1,0,0,0,1,0,1,0,1,0,0,"No"
-1.1413950704807,0.201914747172488,-0.863839904434826,1,1,0,0,1,0,0,1,0,0,0,0,0,0,0,0,0,0,0,0,0,0,0,1,0,1,0,"No"
-0.0383435198599417,1.3189416503798,0.443991162480489,0,0,1,1,1,0,1,1,0,0,0,0,0,0,1,0,1,0,1,0,1,0,0,1,0,1,0,"Yes"
-1.26395635388301,0.488246531601187,-0.958991974871505,1,0,0,0,1,0,0,1,0,0,0,0,0,0,0,0,0,0,0,0,1,0,0,1,0,1,0,"Yes"
-1.26395635388301,-0.655415886436698,-0.974222513638978,0,0,0,0,1,0,0,0,0,0,0,0,0,0,0,0,0,0,0,0,0,0,0,1,0,0,0,"Yes"
-1.26395635388301,-1.50442292166133,-0.985529027134483,0,0,0,0,1,0,0,0,1,1,0,1,0,1,0,1,0,1,0,1,0,0,0,0,1,0,0,"No"
1.10556179189492,0.804543270214285,1.37742144525447,0,1,1,1,1,0,1,1,0,0,0,0,0,0,1,0,0,0,0,0,1,0,0,1,1,0,0,"No"
0.125071524676467,0.879455655675281,0.416079592890606,1,1,0,0,1,0,1,1,0,0,1,0,0,0,0,0,0,0,0,0,1,0,0,0,1,0,0,"No"
-1.1413950704807,-1.16315538789456,-0.941588811942149,1,0,0,0,0,1,0,0,0,0,0,0,0,0,1,0,0,0,0,0,0,0,0,1,0,1,0,"Yes"
0.00251024127416045,0.872796776967637,0.34662212861332,1,0,1,1,1,0,0,1,0,0,1,0,1,0,0,0,0,0,0,0,1,1,0,1,0,1,0,"No"
0.451901613749285,0.441634380647678,0.498262427258912,1,0,0,0,1,0,1,1,0,0,0,0,1,0,0,0,0,0,0,0,0,0,0,1,0,1,0,"Yes"
-1.1413950704807,-0.342448587177422,-0.907536253649806,1,0,0,0,1,0,0,0,0,0,0,0,0,0,0,0,0,0,0,0,1,0,0,0,0,1,0,"Yes"
0.901292986224409,-1.51940539875353,-0.536948646608912,0,1,1,0,1,0,0,0,1,1,0,1,0,1,0,1,0,1,0,1,0,0,1,1,0,0,1,"No"
1.18726931416312,1.17577575816545,1.77323809613435,1,0,1,1,1,0,1,1,0,0,0,0,0,0,1,0,0,0,1,0,1,1,0,1,0,1,0,"No"
1.63666068663825,0.802878550537374,1.88852019451989,1,0,1,1,1,0,1,0,0,0,1,0,1,0,1,0,1,0,1,0,1,0,1,0,1,0,0,"No"
0.492755374883387,-0.342448587177422,0.0332543477134014,1,0,1,1,0,1,0,0,0,0,0,0,0,0,1,0,1,0,1,0,1,1,0,1,0,1,0,"No"
0.737877941688,1.31061805199524,1.32538931354084,1,0,1,0,1,0,1,1,0,0,1,0,0,0,1,0,0,0,1,0,1,1,0,1,0,1,0,"No"
-0.977980025944292,-1.47945212650766,-0.920749355695533,1,0,1,1,1,0,0,0,1,1,0,1,0,1,0,1,0,1,0,1,0,0,1,0,0,0,1,"No"
1.63666068663825,0.911085329536591,1.93886743402634,1,0,1,1,1,0,1,0,0,0,1,0,1,0,1,0,1,0,1,0,1,0,1,1,1,0,0,"No"
-1.26395635388301,0.529864523523963,-0.958437734013882,1,0,0,0,1,0,0,1,0,0,0,0,0,0,0,0,0,0,0,0,1,0,0,0,0,1,0,"Yes"
0.411047852615182,-0.297501155900824,0.0796553923135803,0,1,0,0,1,0,1,0,0,0,0,0,0,0,1,0,0,0,0,0,0,0,0,0,0,1,0,"No"
-0.56944241460327,0.336757041002282,-0.420114673822031,0,1,0,0,1,0,0,1,0,0,0,0,1,0,0,0,0,0,0,0,0,0,0,1,0,1,0,"No"
-0.773711220273781,1.31727693070289,-0.418119406734589,0,0,0,1,1,0,1,1,0,0,0,0,1,0,1,0,0,0,1,0,1,1,0,1,1,0,0,"No"
1.47324564210184,0.634741863169359,1.54801678123076,0,0,1,1,1,0,1,1,0,0,0,0,1,0,0,0,1,0,0,0,0,1,0,1,0,0,0,"No"
-1.1413950704807,0.25352105715673,-0.858652210007477,1,0,0,0,1,0,1,1,0,0,0,0,0,0,0,0,0,0,0,0,0,0,0,1,0,0,0,"Yes"
1.51409940323594,1.51371385257839,2.30060935697957,1,0,0,0,1,0,1,1,0,0,1,0,1,0,1,0,0,0,1,0,1,0,1,1,1,0,0,"No"
-0.283466086664555,-1.30132712107818,-0.71452741739125,1,0,1,1,1,0,1,0,1,1,0,1,0,1,0,1,0,1,0,1,0,0,1,0,1,0,0,"No"
0.451901613749285,0.831178785044861,0.715923896864529,1,1,0,0,1,0,0,1,0,0,0,0,0,0,0,0,0,0,1,0,1,0,0,1,0,0,1,"Yes"
-1.1005413093466,0.536523402231607,-0.827947266495175,0,1,0,0,1,0,0,1,0,0,1,0,1,0,0,0,0,0,0,0,0,0,0,0,0,1,0,"No"
-0.446881131200964,0.429981342909301,-0.273617730335178,1,0,1,1,1,0,1,0,0,0,1,0,1,0,0,0,1,0,1,0,0,1,0,0,0,0,1,"Yes"
1.51409940323594,1.34890660456419,2.21372656013863,0,0,1,1,1,0,1,1,0,0,1,0,1,0,1,0,1,0,1,0,0,1,0,1,1,0,0,"No"
-0.773711220273781,-1.31298015881656,-0.846990982363094,1,0,0,0,0,1,0,0,0,0,0,0,0,0,0,0,0,0,0,0,0,0,0,1,0,0,0,"No"
0.819585463956204,1.03427458562801,1.2620284986974,1,0,1,0,1,0,1,1,0,0,0,0,1,0,0,0,1,0,0,0,1,0,0,1,1,0,0,"No"
1.18726931416312,0.539852841585429,1.16113449297575,1,0,1,0,1,0,1,0,0,0,1,0,1,0,1,0,1,0,0,0,1,0,1,1,0,0,0,"No"
-0.120051042128146,-1.32296847687802,-0.644715238965085,1,0,0,0,0,1,0,0,0,0,0,0,0,0,0,0,0,0,0,0,0,1,0,1,0,0,1,"No"
-1.1005413093466,0.704660089599622,-0.785315059726831,0,0,1,1,1,0,0,1,0,0,0,0,0,0,0,0,1,0,1,0,0,0,0,1,0,1,0,"Yes"
-0.528588653469168,-1.47945212650766,-0.822227500844508,0,0,1,1,1,0,0,0,1,1,0,1,0,1,0,1,0,1,0,1,0,0,1,0,0,0,1,"No"
0.492755374883387,-1.48278156586148,-0.619353177320267,1,0,0,0,1,0,0,0,1,1,0,1,0,1,0,1,0,1,0,1,0,0,1,0,0,0,1,"No"
1.06470803076082,0.233544421033798,0.881531065122215,1,0,1,1,1,0,1,0,0,0,1,0,1,0,1,0,1,0,0,0,0,0,1,0,1,0,0,"No"
-0.242612325530453,-1.49776404295368,-0.784916006309343,1,0,0,0,1,0,0,0,1,1,0,1,0,1,0,1,0,1,0,1,0,1,0,1,0,0,0,"No"
1.39153811983363,0.826184626014128,1.65598290029567,1,0,0,0,1,0,1,1,0,0,0,0,1,0,0,0,0,0,0,0,1,0,0,0,1,0,0,"No"
-1.01883378707839,0.146978997834424,-0.7693750926616,0,0,1,1,1,0,0,1,0,0,0,0,0,0,0,0,0,0,0,0,0,0,0,1,0,1,0,"Yes"
0.778731702822102,0.65305377961538,0.912346856806041,1,0,1,1,1,0,1,1,0,0,0,0,1,0,0,0,1,0,0,0,0,1,0,0,0,0,0,"No"
1.63666068663825,1.38220099810242,2.35286318503625,1,0,1,1,1,0,1,1,0,0,1,0,1,0,1,0,1,0,1,0,0,0,1,1,1,0,0,"No"
1.35068435869953,-1.29300352269363,-0.260426797923756,1,0,0,0,1,0,1,0,1,1,0,1,0,1,0,1,0,1,0,1,0,0,1,0,0,0,1,"No"
-1.22310259274891,-0.617127333867744,-0.958504242916796,1,0,0,0,1,0,0,0,0,0,0,0,0,0,0,0,0,0,0,0,0,0,0,0,0,0,0,"Yes"
1.63666068663825,0.694671771538156,1.76709710743189,1,0,1,0,1,0,1,0,0,0,0,0,1,0,1,0,1,0,1,0,1,0,1,1,1,0,0,"No"
-1.26395635388301,-1.48278156586148,-0.985240821888519,0,0,1,1,1,0,0,0,1,1,0,1,0,1,0,1,0,1,0,1,0,0,0,0,0,0,1,"No"
-1.26395635388301,0.393357510017258,-0.960255644026884,0,1,1,0,1,0,0,1,0,0,0,0,1,0,0,0,0,0,0,0,0,0,0,1,0,0,1,"Yes"
-1.1005413093466,1.19575239428838,-0.766227004590303,0,0,0,0,1,0,1,1,0,0,0,0,0,0,1,0,0,0,1,0,1,0,0,1,0,1,0,"Yes"
-1.1822488316148,-1.46114021006164,-0.968635765794141,1,0,0,0,1,0,0,0,1,1,0,1,0,1,0,1,0,1,0,1,0,0,0,0,0,0,1,"No"
1.06470803076082,-1.30798599978583,-0.340414838495875,1,0,0,0,1,0,1,0,1,1,0,1,0,1,0,1,0,1,0,1,0,0,1,1,1,0,0,"No"
-0.406027370066861,-0.816893695097069,-0.603856602941134,1,1,1,1,0,1,0,0,0,0,1,0,0,0,0,0,0,0,0,0,1,0,0,0,0,0,1,"Yes"
0.0433640024082626,1.1990818336422,0.455874086467922,1,1,1,0,1,0,1,1,0,0,0,0,1,0,0,0,0,0,1,0,1,0,0,1,0,0,0,"No"
0.901292986224409,0.313450965525528,0.743591600477058,1,1,1,0,1,0,1,1,0,0,0,0,0,0,0,0,0,0,0,0,0,0,0,0,0,0,0,"No"
1.63666068663825,1.15912856139634,2.23629524786103,1,0,1,0,1,0,1,1,0,0,0,0,1,0,0,0,0,0,1,0,1,0,1,1,0,1,0,"No"
-1.26395635388301,0.956032760813189,-0.952762307631824,1,0,0,1,1,0,1,1,0,0,0,0,0,0,0,0,0,0,1,0,1,0,0,1,0,1,0,"Yes"
-1.1822488316148,-0.513914713899259,-0.919175311659884,1,0,0,0,1,0,0,0,0,0,0,0,0,0,1,0,0,0,0,0,0,0,0,1,0,1,0,"Yes"
1.63666068663825,1.42714842937901,2.40150336270122,0,0,1,1,1,0,1,1,0,0,1,0,1,0,1,0,1,0,0,0,1,0,1,0,1,0,0,"No"
0.901292986224409,1.14747552365796,1.35394380252557,1,1,1,0,1,0,1,1,0,0,0,0,0,0,1,0,0,0,1,0,1,0,0,1,1,0,0,"No"
0.901292986224409,0.0237897417430066,0.563463321749655,1,0,0,0,1,0,0,0,0,0,1,0,1,0,0,0,0,0,1,0,0,0,1,1,0,0,0,"No"
1.14641555302902,-0.126035029178987,0.603612529475849,0,0,1,0,0,1,0,0,0,0,0,0,1,0,1,0,1,0,1,0,1,0,1,0,1,0,0,"No"
-1.1822488316148,0.330098162294638,-0.89771510565273,1,0,0,0,1,0,1,1,0,0,0,0,0,0,0,0,0,0,0,0,0,0,0,0,0,1,0,"No"
1.51409940323594,1.15080496301178,2.05434905912062,0,0,1,0,1,0,1,1,0,0,1,0,0,0,0,0,0,0,1,0,1,0,1,0,0,0,0,"No"
-1.26395635388301,-1.50941708069206,-0.985595536037398,0,0,1,1,1,0,0,0,1,1,0,1,0,1,0,1,0,1,0,1,0,0,0,0,0,1,0,"No"
0.983000508492613,-0.657080606113609,0.143149224962846,0,0,0,0,0,1,0,0,0,0,0,0,0,0,0,0,0,0,1,0,1,0,0,1,1,0,0,"No"
1.14641555302902,1.08588089561225,1.49407806096691,0,0,1,0,1,0,0,1,0,0,1,0,0,0,0,0,1,0,1,0,1,0,1,1,0,1,0,"No"
1.51409940323594,1.5303610493475,2.38013183523129,1,1,1,0,1,0,1,1,0,0,1,0,0,0,1,0,1,0,1,0,1,1,0,1,0,0,1,"No"
-1.26395635388301,-0.983365662788173,-0.978589931597046,0,0,0,0,0,1,0,0,0,0,0,0,0,0,0,0,0,0,0,0,1,0,0,0,0,0,1,"Yes"
-1.26395635388301,0.280156571987307,-0.961763179159618,0,1,0,0,1,0,0,1,0,0,0,0,1,0,0,0,0,0,0,0,0,0,0,1,0,1,0,"Yes"
-1.1822488316148,-1.48777572489222,-0.973845629855795,0,0,1,0,1,0,0,0,1,1,0,1,0,1,0,1,0,1,0,1,0,0,0,1,0,0,1,"No"
1.14641555302902,0.411669426463279,1.02062335075123,1,0,1,1,1,0,0,0,0,0,0,0,1,0,0,0,1,0,1,0,1,0,1,0,0,0,0,"No"
1.22812307529723,-1.4694638084462,-0.41889534393526,1,0,1,1,1,0,0,0,1,1,0,1,0,1,0,1,0,1,0,1,0,0,1,0,0,0,0,"No"
0.533609136017489,1.07089841852005,0.975752010918087,0,0,0,0,1,0,1,1,0,0,1,0,1,0,0,0,0,0,0,0,1,1,0,0,0,0,0,"No"
-0.283466086664555,-0.345778026531244,-0.363116544024104,0,0,0,0,0,1,0,0,0,0,0,0,0,0,1,0,1,0,1,0,1,1,0,0,0,1,0,"No"
0.492755374883387,1.18243463687309,0.947197521933361,1,0,0,0,1,0,0,1,0,0,0,0,0,0,1,0,1,0,1,0,1,0,1,0,0,0,0,"No"
0.0433640024082626,0.641400741877002,0.210256708003812,1,1,0,0,1,0,1,1,0,0,0,0,1,0,1,0,0,0,0,0,0,0,0,1,1,0,0,"Yes"
-0.120051042128146,-1.47778740683075,-0.746363012253102,0,0,1,1,1,0,0,0,1,1,0,1,0,1,0,1,0,1,0,1,0,0,1,0,0,0,1,"No"
-0.692003698005577,-1.47279324780002,-0.845173072350091,0,0,1,1,1,0,0,0,1,1,0,1,0,1,0,1,0,1,0,1,0,1,0,0,1,0,0,"No"
-1.22310259274891,-1.47279324780002,-0.979410208066328,1,0,0,0,1,0,0,0,1,1,0,1,0,1,0,1,0,1,0,1,0,0,0,0,0,0,1,"Yes"
1.55495316437004,1.32227108973362,2.19319747877228,0,0,1,0,1,0,1,1,0,0,0,0,0,0,1,0,1,0,1,0,1,0,1,1,0,0,0,"No"
-0.446881131200964,-0.653751166759787,-0.583438369746311,0,0,1,1,1,0,0,0,0,0,0,0,0,0,0,0,0,0,0,0,0,0,0,1,0,1,0,"No"
-1.0596875482125,-1.46446964941546,-0.942431258045736,1,0,0,0,1,0,0,0,1,1,0,1,0,1,0,1,0,1,0,1,0,1,0,0,0,0,1,"No"
-1.1822488316148,1.14581080398105,-0.86669978726016,0,0,0,0,1,0,0,1,0,0,1,0,0,0,1,0,0,0,1,0,1,0,0,1,1,0,0,"Yes"
-0.365173608932759,0.962691639520833,0.044095298888503,0,0,0,0,1,0,1,1,0,0,0,0,0,0,0,0,0,0,1,0,1,0,0,1,0,1,0,"No"
-0.242612325530453,-0.334124988792867,-0.389853122995827,1,0,0,0,0,1,0,0,0,0,1,0,0,0,0,0,1,0,1,0,1,1,0,0,1,0,0,"No"
-0.977980025944292,-1.48278156586148,-0.92159180179912,0,0,0,1,1,0,0,0,1,1,0,1,0,1,0,1,0,1,0,1,0,0,0,0,0,0,1,"No"
-0.242612325530453,0.644730181230825,0.00536494775782316,1,0,0,0,1,0,1,1,0,0,0,0,0,0,0,0,0,0,0,0,1,0,0,1,0,1,0,"Yes"
1.43239188096774,1.71847437283845,2.44318227519446,1,0,0,0,1,0,1,1,0,0,1,0,1,0,1,0,1,0,1,0,1,0,1,0,1,0,0,"Yes"
1.59580692550415,0.969350518228478,1.92576518015214,0,0,1,0,1,0,1,1,0,0,0,0,0,0,0,0,0,0,1,0,1,0,1,1,0,0,0,"Yes"
1.10556179189492,0.508223167724119,1.12799088968991,0,0,0,0,1,0,1,0,0,0,1,0,1,0,1,0,1,0,0,0,1,1,0,0,1,0,0,"No"
0.288486569212876,1.17910519751927,0.706523971919247,1,0,1,1,1,0,1,1,0,0,0,0,0,0,1,0,0,0,1,0,1,1,0,0,0,1,0,"No"
-0.446881131200964,-1.49776404295368,-0.818103948863795,1,0,0,1,1,0,0,0,1,1,0,1,0,1,0,1,0,1,0,1,0,0,1,0,0,0,1,"No"
-1.26395635388301,-1.49443460359986,-0.985396009328654,1,0,0,0,1,0,0,0,1,1,0,1,0,1,0,1,0,1,0,1,0,0,0,0,0,0,1,"Yes"
-0.0383435198599417,-0.472296721976483,-0.293526061940988,0,1,1,0,0,1,0,0,0,0,1,0,1,0,1,0,0,0,0,0,1,1,0,1,1,0,0,"No"
1.30983059756543,1.62358535125452,2.20838367827114,0,0,1,1,1,0,1,1,0,0,1,0,1,0,1,0,1,0,1,0,1,1,0,0,0,1,0,"No"
1.43239188096774,-1.32130375720111,-0.249120284428251,0,0,1,1,1,0,1,0,1,1,0,1,0,1,0,1,0,1,0,1,0,0,1,1,0,0,1,"No"
1.43239188096774,-0.32247195105449,0.657728606814137,0,1,0,0,1,0,1,0,0,0,0,0,1,0,0,0,0,0,0,0,0,0,0,0,0,1,0,"No"
-1.1005413093466,0.36505727550977,-0.810721460640259,0,0,0,0,1,0,1,1,0,0,0,0,0,0,0,0,0,0,0,0,0,0,0,0,0,1,0,"Yes"
1.59580692550415,1.48707833774781,2.42340696139448,0,0,1,0,1,0,1,1,0,0,0,0,1,0,1,0,1,0,1,0,1,0,1,0,0,1,0,"No"
-0.93712626481019,0.434975501940034,-0.677481958467743,0,0,0,0,1,0,0,1,0,0,0,0,0,0,0,0,0,0,1,0,0,0,0,1,0,0,0,"Yes"
-0.242612325530453,1.01263322982816,0.113109370479691,0,1,0,0,1,0,1,1,0,0,1,0,1,0,0,0,0,0,0,0,1,0,0,1,0,1,0,"Yes"
1.59580692550415,1.72180381219227,2.69026284952269,1,0,0,0,1,0,1,1,0,0,1,0,1,0,1,0,1,0,1,0,1,1,0,1,0,0,0,"No"
0.00251024127416045,-1.48777572489222,-0.727407974922403,0,0,0,0,1,0,0,0,1,1,0,1,0,1,0,1,0,1,0,1,0,0,0,0,0,0,0,"No"
-1.22310259274891,0.191926429111022,-0.932388413705611,0,0,0,0,1,0,0,1,0,0,0,0,0,0,0,0,0,0,0,0,0,0,0,0,0,1,0,"No"
1.14641555302902,-0.670398363528897,0.235796126723069,0,0,0,0,0,1,0,0,0,0,1,0,0,0,1,0,0,0,0,0,1,1,0,1,0,1,0,"No"
0.942146747358511,1.18409935655,1.40451273837507,0,1,0,0,1,0,1,1,0,0,0,0,0,0,1,0,0,0,1,0,1,1,0,1,0,1,0,"No"
0.901292986224409,1.35889492262566,1.50811143948192,1,0,0,0,1,0,0,1,0,0,1,0,1,0,0,0,1,0,1,0,1,1,0,1,1,0,0,"Yes"
0.656170419419795,0.183602830726466,0.441752029415693,0,0,1,1,1,0,0,0,0,0,1,0,1,0,1,0,0,0,0,0,1,0,1,1,1,0,0,"No"
1.26897683643133,-1.30965071946274,-0.296651980377981,1,0,1,1,1,0,1,0,1,1,0,1,0,1,0,1,0,1,0,1,0,0,1,0,0,0,1,"No"
-1.26395635388301,0.484917092247365,-0.959036314140114,1,0,0,0,1,0,1,1,0,0,0,0,1,0,0,0,0,0,0,0,0,0,0,1,0,1,0,"Yes"
-0.814564981407883,-1.44948717232326,-0.889578849862828,1,0,0,1,1,0,0,0,1,1,0,1,0,1,0,1,0,1,0,1,0,0,0,0,1,0,0,"No"
-0.0791972809940439,-0.0028457730875699,-0.113929854436903,0,0,1,1,1,0,0,0,0,0,0,0,0,0,1,0,1,0,1,0,0,1,0,1,0,1,0,"No"
-0.0791972809940439,-1.49609932327677,-0.70333175206727,0,0,1,0,1,0,0,0,1,1,0,1,0,1,0,1,0,1,0,1,0,0,0,0,0,0,0,"Yes"
0.329340330346978,1.37720683907168,0.928065127528223,0,0,0,0,1,0,1,1,0,0,0,0,0,0,1,0,1,0,1,0,1,1,0,1,1,0,0,"No"
-0.93712626481019,0.375045593571236,-0.70703408099619,0,0,1,1,1,0,0,1,0,0,0,0,0,0,0,0,1,0,0,0,0,0,0,1,0,1,0,"No"
0.574462897151591,1.32560052908744,1.18035556591811,0,0,0,0,1,0,0,1,0,0,0,0,1,0,1,0,1,0,1,0,1,0,1,1,0,0,0,"No"
-0.365173608932759,0.851155421167794,-0.0874149718082297,0,0,1,0,1,0,1,1,0,0,0,0,0,0,1,0,0,0,0,0,1,0,0,0,0,0,1,"No"
0.615316658285693,-0.808570096712513,-0.1983296522357,1,0,1,1,0,1,0,0,0,0,1,0,0,0,1,0,1,0,0,0,0,1,0,0,0,1,0,"No"
1.47324564210184,1.35390076359493,2.18639140104067,1,0,1,1,1,0,0,1,0,0,1,0,1,0,1,0,0,0,1,0,1,0,1,1,0,0,0,"No"
1.14641555302902,1.37887155874859,1.8619388029883,0,1,0,0,1,0,1,1,0,0,0,0,0,0,1,0,1,0,1,0,1,1,0,1,0,1,0,"Yes"
1.43239188096774,1.31228277167215,2.1269324418349,0,0,0,1,1,0,1,1,0,0,0,0,1,0,0,0,1,0,1,0,1,0,1,1,0,1,0,"No"
-0.732857459139679,0.168620353634267,-0.585588824273887,0,0,0,0,1,0,0,0,0,0,0,0,0,0,0,0,1,0,1,0,1,0,0,1,0,1,0,"No"
-1.26395635388301,-1.47612268715384,-0.9851521433513,1,0,0,0,1,0,0,0,1,1,0,1,0,1,0,1,0,1,0,1,0,0,0,1,0,0,1,"No"
-1.26395635388301,-0.488943918745594,-0.972005550208487,1,0,0,1,1,0,0,0,0,0,0,0,0,0,0,0,1,0,0,0,0,0,0,1,0,0,1,"Yes"
-0.773711220273781,1.19075823525765,-0.39162669374022,0,0,0,0,1,0,1,1,0,0,1,0,0,0,0,0,0,0,1,0,1,0,0,1,0,1,0,"Yes"
0.615316658285693,1.31561221102597,1.2827571067725,1,0,1,0,1,0,1,1,0,0,0,0,1,0,1,0,0,0,1,0,1,0,0,1,0,1,0,"No"
0.247632808078774,-1.48111684618457,-0.670409845124477,1,0,0,0,1,0,0,0,1,1,0,1,0,1,0,1,0,1,0,1,0,1,0,0,0,0,1,"No"
0.247632808078774,0.345080639386838,0.278339654954194,0,1,1,0,1,0,1,1,0,0,0,0,0,0,0,0,0,0,0,0,0,0,0,1,0,0,0,"Yes"
-1.22310259274891,-0.267536201716425,-0.941699660113674,0,1,0,0,1,0,1,0,0,0,0,0,1,0,0,0,0,0,0,0,0,0,0,1,1,0,0,"No"
-1.26395635388301,-0.510585274545437,-0.972293755454451,1,1,1,1,1,0,0,0,0,0,0,0,0,0,0,0,1,0,0,0,0,0,0,1,1,0,0,"Yes"
-0.242612325530453,0.148643717511335,-0.189084914730552,0,0,0,0,1,0,0,1,0,0,0,0,0,0,0,0,0,0,0,0,0,0,0,1,1,0,0,"No"
0.125071524676467,-1.49443460359986,-0.670276827318647,0,0,1,1,1,0,0,0,1,1,0,1,0,1,0,1,0,1,0,1,0,0,1,0,1,0,0,"No"
-1.1822488316148,-1.48278156586148,-0.960676867078678,1,0,0,1,1,0,0,0,1,1,0,1,0,1,0,1,0,1,0,1,0,0,0,1,0,0,1,"No"
-0.896272503676088,-0.320807231377578,-0.741906915757815,1,0,1,0,1,0,0,0,0,0,1,0,0,0,0,0,1,0,0,0,0,0,0,1,1,0,0,"No"
1.47324564210184,1.52037273128603,2.2334797043043,0,0,0,0,1,0,1,1,0,0,1,0,1,0,0,0,1,0,1,0,1,0,1,0,1,0,0,"No"
-0.896272503676088,1.14248136462723,-0.521939804184487,1,0,0,0,1,0,0,1,0,0,1,0,0,0,1,0,0,0,1,0,1,1,0,1,0,1,0,"No"
-1.22310259274891,0.343415919709927,-0.933807270301125,0,0,0,0,1,0,1,1,0,0,0,0,0,0,0,0,0,0,0,0,0,0,0,1,0,0,1,"No"
-0.93712626481019,0.341751200033015,-0.680120144950028,0,0,0,0,1,0,0,1,0,0,1,0,0,0,0,0,0,0,0,0,0,0,0,1,0,1,0,"No"
-0.201758564396351,-1.2896740833398,-0.644493542622036,1,0,0,1,1,0,1,0,1,1,0,1,0,1,0,1,0,1,0,1,0,0,1,1,1,0,0,"No"
-1.01883378707839,1.2440292649188,-0.68337908119285,1,1,1,0,1,0,1,1,0,0,0,0,0,0,1,0,0,0,1,0,1,0,0,1,0,1,0,"Yes"
1.30983059756543,0.123672922357669,0.947397048642106,0,0,1,0,1,0,0,0,0,0,0,0,1,0,1,0,1,0,0,0,1,0,1,1,0,0,1,"No"
1.55495316437004,-0.538885509052925,0.53238149445417,1,0,0,0,0,1,0,0,0,0,1,0,0,0,1,0,1,0,0,0,1,0,1,0,0,0,0,"No"
-1.22310259274891,0.979338836289944,-0.913566394180742,1,1,0,0,1,0,1,1,0,0,0,0,0,0,0,0,0,0,1,0,1,0,0,1,0,1,0,"Yes"
1.43239188096774,1.34724188488728,2.18574848164583,1,1,0,0,1,0,0,1,0,0,1,0,1,0,0,0,1,0,1,0,1,0,1,1,0,1,0,"No"
0.533609136017489,0.822855186660306,0.786911065908854,0,0,0,0,1,0,1,1,0,0,0,0,1,0,0,0,0,0,1,0,0,0,0,1,1,0,0,"Yes"
1.63666068663825,-1.46114021006164,-0.336889866641394,0,0,1,1,1,0,0,0,1,1,0,1,0,1,0,1,0,1,0,1,0,0,1,1,0,0,1,"No"
-1.26395635388301,0.323439283586994,-0.961186768667691,0,0,0,0,1,0,0,1,0,0,0,0,1,0,0,0,0,0,0,0,0,0,0,1,1,0,0,"Yes"
1.39153811983363,-1.50608764133824,-0.443969200334115,1,0,0,0,1,0,0,0,1,1,0,1,0,1,0,1,0,1,0,1,0,0,1,0,0,0,0,"No"
-1.26395635388301,-0.663739484821253,-0.974333361810503,1,0,0,0,0,1,0,0,0,0,0,0,1,0,0,0,1,0,0,0,1,0,0,1,0,0,1,"Yes"
1.35068435869953,1.32393580941053,1.92275010988667,1,1,1,0,1,0,1,1,0,0,0,0,1,0,1,0,0,0,1,0,1,0,0,1,0,1,0,"No"
-1.26395635388301,-1.4994287626306,-0.985462518231568,1,0,0,1,1,0,0,0,1,1,0,1,0,1,0,1,0,1,0,1,0,0,0,0,0,0,1,"No"
0.247632808078774,0.315115685202439,0.248388479008259,1,0,1,1,1,0,0,0,0,0,1,0,1,0,1,0,1,0,1,0,0,1,0,0,0,1,0,"No"
-1.1413950704807,1.23570566653424,-0.832492041527682,1,0,0,1,1,0,1,1,0,0,0,0,1,0,0,0,0,0,1,0,1,0,0,1,0,1,0,"Yes"
1.63666068663825,0.631412423815536,1.70759380895751,1,0,1,1,1,0,1,0,0,0,1,0,0,0,1,0,1,0,1,0,1,0,1,1,1,0,0,"No"
-1.26395635388301,-1.47112852812311,-0.985085634448385,0,0,0,0,1,0,0,0,1,1,0,1,0,1,0,1,0,1,0,1,0,0,0,0,0,0,1,"Yes"
1.06470803076082,-1.4994287626306,-0.515421931698843,0,0,1,1,1,0,0,0,1,1,0,1,0,1,0,1,0,1,0,1,0,0,1,0,1,0,0,"No"
1.55495316437004,1.38386571777933,2.32027382260803,1,0,1,1,1,0,0,1,0,0,0,0,1,0,1,0,1,0,1,0,1,1,0,1,0,1,0,"No"
0.247632808078774,0.478258213539721,0.275102888345677,1,0,1,1,1,0,1,0,0,0,0,0,1,0,1,0,0,0,1,0,1,1,0,0,1,0,0,"No"
1.14641555302902,-0.493938077776327,0.366840835099399,0,0,1,1,0,1,0,0,0,0,0,0,1,0,0,0,0,0,1,0,1,0,0,1,0,1,0,"No"
-0.977980025944292,-0.212600452378361,-0.786068827293198,0,0,0,0,1,0,0,0,0,0,1,0,1,0,0,0,1,0,0,0,0,1,0,0,0,0,0,"No"
0.37019409148108,1.26567062071864,0.874037728727155,1,0,1,1,1,0,1,1,0,0,0,0,0,0,1,0,1,0,1,0,1,1,0,1,0,1,0,"Yes"
0.165925285810569,0.911085329536591,0.469530581199747,0,1,1,0,1,0,1,1,0,0,0,0,1,0,0,0,0,0,1,0,0,0,0,1,1,0,0,"No"
1.59580692550415,1.37887155874859,2.43050124437205,1,0,1,1,1,0,1,1,0,0,0,0,1,0,1,0,0,0,1,0,1,0,1,1,0,0,0,"Yes"
0.942146747358511,0.283486011341129,0.843687499363731,0,0,0,0,1,0,1,1,0,0,0,0,0,0,0,0,0,0,0,0,0,0,0,1,0,1,0,"No"
1.63666068663825,-0.160994142394119,0.896938960964128,0,0,0,0,1,0,1,0,0,0,1,0,1,0,0,0,0,0,0,0,0,0,1,0,0,0,0,"No"
-1.1822488316148,-0.315813072346845,-0.925560166339699,0,0,0,1,1,0,0,0,0,0,1,0,0,0,0,0,1,0,0,0,0,0,0,1,0,0,1,"Yes"
1.14641555302902,1.22571734847278,1.74452841970949,0,1,0,0,1,0,1,1,0,0,1,0,0,0,0,0,0,0,1,0,1,1,0,1,0,0,0,"No"
-0.692003698005577,-0.280853959131714,-0.580933201069856,0,0,0,0,1,0,0,0,0,0,0,0,0,0,0,0,0,0,1,0,0,1,0,0,0,0,1,"No"
0.451901613749285,-1.51108180036897,-0.649947272661044,1,0,1,1,1,0,0,0,1,1,0,1,0,1,0,1,0,1,0,1,0,1,0,1,0,0,1,"No"
-1.22310259274891,0.183602830726466,-0.931324271258975,1,1,1,0,1,0,0,1,0,0,0,0,0,0,0,0,0,0,0,0,0,0,0,0,0,1,0,"No"
1.63666068663825,1.4554486638865,2.41096979654942,0,0,1,1,1,0,0,1,0,0,1,0,1,0,1,0,1,0,1,0,1,0,1,1,0,0,0,"No"
0.00251024127416045,0.881120375352192,0.315872845832408,0,0,1,1,1,0,1,1,0,0,0,0,0,0,1,0,0,0,0,0,1,0,0,1,0,0,0,"Yes"
0.329340330346978,-1.30965071946274,-0.547678749612489,1,0,1,1,1,0,1,0,1,1,0,1,0,1,0,1,0,1,0,1,0,0,1,0,1,0,0,"No"
1.06470803076082,-0.640433409344498,0.132130916713305,0,0,1,0,0,1,0,0,0,0,1,0,1,0,0,0,0,0,1,0,0,1,0,1,0,1,0,"No"
1.43239188096774,-0.688710279974919,0.379144982138624,1,0,0,0,0,1,0,0,0,0,1,0,0,0,0,0,1,0,1,0,0,0,1,0,0,1,0,"No"
0.778731702822102,0.429981342909301,0.694020298171277,0,1,1,0,1,0,1,1,0,0,1,0,0,0,0,0,0,0,0,0,0,0,0,1,0,1,0,"Yes"
-0.0383435198599417,0.489911251278098,0.107256587023195,1,0,1,0,1,0,1,0,0,0,0,0,0,0,1,0,1,0,1,0,1,1,0,1,0,0,1,"No"
-0.446881131200964,0.215232504587776,-0.318023507847915,0,0,0,0,1,0,0,0,0,0,1,0,1,0,0,0,1,0,1,0,0,0,1,0,1,0,0,"No"
0.819585463956204,-0.360760503623444,0.243222954215214,1,0,0,0,1,0,0,0,0,0,1,0,0,0,1,0,0,0,0,0,0,1,0,0,0,1,0,"No"
1.63666068663825,-1.34294511300096,-0.202896596902512,0,0,1,1,1,0,1,0,1,1,0,1,0,1,0,1,0,1,0,1,0,0,1,0,1,0,0,"No"
0.819585463956204,-0.677057242236541,0.0150752475833743,1,0,1,1,0,1,0,0,0,0,1,0,0,0,1,0,0,0,0,0,1,1,0,0,0,0,0,"No"
0.37019409148108,-0.483949759714861,-0.0944649155171915,0,0,0,0,1,0,0,0,0,0,0,0,0,0,0,0,1,0,0,0,0,1,0,0,0,0,0,"No"
-1.0596875482125,0.155302596218979,-0.808615345381293,0,0,0,0,1,0,0,1,0,0,0,0,0,0,0,0,0,0,0,0,0,0,0,1,0,0,1,"Yes"
-0.651149936871475,-1.50608764133824,-0.871798803150289,0,0,1,1,1,0,0,0,1,1,0,1,0,1,0,1,0,1,0,1,0,0,0,0,0,0,1,"No"
0.125071524676467,-0.119376150471343,-0.0495048971468318,1,0,1,0,1,0,0,0,0,0,1,0,1,0,1,0,0,0,0,0,0,0,0,0,0,0,1,"No"
1.06470803076082,-1.46779908876929,-0.465872799027367,0,0,1,1,1,0,0,0,1,1,0,1,0,1,0,1,0,1,0,1,0,0,1,0,1,0,0,"No"
-1.26395635388301,-0.468967282622661,-0.971739514596828,1,0,0,0,1,0,0,0,0,0,0,0,0,0,1,0,0,0,0,0,0,0,0,1,0,1,0,"Yes"
1.55495316437004,0.499899569339564,1.48419040406692,0,0,0,0,1,0,0,0,0,0,1,0,0,0,1,0,1,0,1,0,1,0,1,0,0,0,0,"No"
-0.528588653469168,-1.32130375720111,-0.78675608595665,0,0,1,1,1,0,1,0,1,1,0,1,0,1,0,1,0,1,0,1,0,0,1,1,0,0,0,"No"
-1.26395635388301,0.326768722940816,-0.961142429399081,1,1,0,0,1,0,1,1,0,0,0,0,0,0,0,0,0,0,0,0,0,0,0,1,0,1,0,"Yes"
0.00251024127416045,1.22405262879587,0.484539423624172,0,0,0,0,1,0,1,1,0,0,0,0,0,0,1,0,0,0,1,0,1,0,0,1,0,1,0,"No"
-0.610296175737372,-0.30748947396229,-0.585987877691375,0,0,1,1,1,0,0,0,0,0,1,0,0,0,0,0,1,0,0,0,0,0,0,1,1,0,0,"No"
-0.93712626481019,-1.50109348230751,-0.927466754889921,0,0,0,0,1,0,0,0,1,1,0,1,0,1,0,1,0,1,0,1,0,0,0,0,0,0,0,"No"
1.14641555302902,0.479922933216632,1.13464177998138,1,0,0,0,1,0,0,0,0,0,1,0,0,0,1,0,1,0,1,0,1,1,0,0,0,0,1,"No"
-1.26395635388301,-1.4994287626306,-0.985462518231568,1,0,0,0,1,0,0,0,1,1,0,1,0,1,0,1,0,1,0,1,0,0,0,0,0,0,1,"No"
-0.201758564396351,-1.48777572489222,-0.750220528622157,0,0,1,1,1,0,0,0,1,1,0,1,0,1,0,1,0,1,0,1,0,0,1,0,0,0,1,"No"
1.39153811983363,1.72013909251536,2.49193330103096,1,1,1,1,1,0,1,1,0,0,1,0,1,0,1,0,1,0,1,0,1,1,0,1,0,1,0,"No"
-0.692003698005577,0.771248876676064,-0.443348450573577,1,0,0,0,1,0,1,1,0,0,1,0,0,0,0,0,0,0,1,0,0,0,0,1,0,0,0,"No"
0.737877941688,0.191926429111022,0.572641550351888,0,0,0,1,1,0,0,1,0,0,0,0,0,0,0,0,0,0,0,0,0,0,1,0,1,0,0,"No"
-1.0596875482125,-0.513914713899259,-0.863041797599849,1,0,1,1,1,0,0,0,0,0,1,0,0,0,0,0,0,0,0,0,0,0,0,1,0,1,0,"No"
0.778731702822102,-1.16981426660221,-0.347065728787348,1,1,1,0,0,1,0,0,0,0,0,0,1,0,0,0,0,0,0,0,0,0,0,1,1,0,0,"No"
0.737877941688,0.191926429111022,0.537613528150129,1,1,0,0,1,0,1,0,0,0,1,0,1,0,0,0,0,0,1,0,0,0,0,1,0,0,0,"No"
1.10556179189492,-1.46446964941546,-0.423927850922475,0,0,1,1,1,0,0,0,1,1,0,1,0,1,0,1,0,1,0,1,0,0,1,0,0,0,1,"No"
-0.56944241460327,0.318445124556261,-0.379145189626555,1,0,0,0,1,0,1,1,0,0,0,0,0,0,0,0,0,0,0,0,0,0,0,0,0,0,1,"No"
-0.896272503676088,0.348410078740659,-0.645491176165757,1,0,0,0,1,0,1,1,0,0,0,0,0,0,0,0,0,0,0,0,0,0,0,0,0,1,0,"No"
-0.732857459139679,-0.665404204498164,-0.709805285284304,1,0,1,0,1,0,0,0,0,0,0,0,0,0,0,0,0,0,0,0,0,1,0,0,0,1,0,"No"
0.125071524676467,-1.43616941490798,-0.681339474836798,1,0,0,0,1,0,0,0,1,1,0,1,0,1,0,1,0,1,0,1,0,0,1,0,0,0,0,"No"
-0.977980025944292,-0.703692757067118,-0.840938672197853,1,0,1,1,1,0,0,0,0,0,0,0,0,0,0,0,0,0,0,0,0,1,0,1,0,0,1,"No"
-0.56944241460327,-1.48278156586148,-0.840761315123414,1,0,1,1,1,0,0,0,1,1,0,1,0,1,0,1,0,1,0,1,0,1,0,0,0,0,0,"No"
1.14641555302902,0.984332995320677,1.58277876782086,0,0,1,1,1,0,1,1,0,0,1,0,1,0,0,0,0,0,1,0,0,1,0,0,0,0,0,"No"
-1.26395635388301,0.992656593705232,-0.952274575677116,0,0,0,0,1,0,0,1,0,0,0,0,0,0,1,0,0,0,1,0,1,0,0,0,0,1,0,"Yes"
-1.0596875482125,-1.4994287626306,-0.938950625459865,0,0,0,0,1,0,0,0,1,1,0,1,0,1,0,1,0,1,0,1,0,0,1,0,0,0,1,"No"
-0.528588653469168,0.376710313248147,-0.384199866248075,0,0,0,1,1,0,1,0,0,0,1,0,1,0,0,0,1,0,1,0,0,0,0,1,0,0,1,"No"
1.63666068663825,1.49706665580928,2.5178496035334,1,1,1,0,1,0,1,1,0,0,1,0,1,0,1,0,0,0,1,0,1,0,1,1,0,0,0,"No"
1.14641555302902,1.53868464773205,1.95030696532767,0,0,1,0,1,0,1,1,0,0,0,0,1,0,1,0,1,0,1,0,1,0,1,1,1,0,0,"No"
-1.26395635388301,-0.319142511700668,-0.969744247509386,0,0,0,0,1,0,0,0,0,0,0,0,0,0,0,0,0,0,1,0,0,0,0,1,1,0,0,"Yes"
-0.773711220273781,-0.37074882168491,-0.675730557357656,0,0,0,1,1,0,0,0,0,0,0,0,0,0,1,0,1,0,0,0,0,0,0,0,0,0,1,"No"
-1.1005413093466,0.178608671695734,-0.852067828618918,0,0,1,1,1,0,0,1,0,0,0,0,0,0,0,0,0,0,0,0,0,0,0,0,1,0,0,"No"
-1.26395635388301,1.22738206814969,-0.949148657240124,1,0,0,0,1,0,1,1,0,0,0,0,0,0,1,0,0,0,1,0,1,0,0,1,0,1,0,"Yes"
-0.773711220273781,1.07922201690461,-0.402445475281016,1,0,1,1,1,0,0,1,0,0,0,0,0,0,1,0,0,0,1,0,1,0,0,0,0,1,0,"No"
0.206779046944671,0.866137898259993,0.495069999919004,1,0,0,0,1,0,1,0,0,0,1,0,1,0,1,0,1,0,1,0,1,1,0,1,0,0,0,"No"
1.30983059756543,0.298468488433328,1.11819191132714,1,0,1,0,1,0,0,1,0,0,1,0,0,0,0,0,0,0,0,0,0,0,0,1,0,0,1,"No"
-1.1005413093466,0.112019884619292,-0.838810387304581,0,0,1,0,1,0,1,0,0,0,0,0,0,0,1,0,1,0,1,0,0,0,0,0,0,0,0,"Yes"
1.18726931416312,0.990991874028321,1.53453764357337,0,0,1,0,1,0,1,1,0,0,0,0,1,0,0,0,1,0,0,0,1,0,1,1,0,0,0,"No"
-1.26395635388301,0.163626194603534,-0.963315053560962,0,0,0,0,1,0,0,1,0,0,0,0,0,0,0,0,0,0,0,0,0,0,0,1,0,1,0,"Yes"
-1.26395635388301,-1.52273483810735,-0.985772893111837,1,0,0,0,1,0,0,0,1,1,0,1,0,1,0,1,0,1,0,1,0,0,0,1,0,0,1,"Yes"
-0.242612325530453,-1.50442292166133,-0.761105819065868,1,0,0,0,1,0,0,0,1,1,0,1,0,1,0,1,0,1,0,1,0,1,0,0,0,0,1,"No"
-1.26395635388301,0.153637876542068,-0.963448071366792,0,0,0,0,1,0,0,1,0,0,0,0,0,0,0,0,0,0,0,0,0,0,0,1,0,1,0,"Yes"
-0.324319847798657,-1.49276988392295,-0.779905668956433,1,0,1,0,1,0,0,0,1,1,0,1,0,1,0,1,0,1,0,1,0,0,1,0,0,0,1,"No"
-0.610296175737372,-0.332460269115956,-0.579647362280171,1,0,1,0,0,1,0,0,0,0,0,0,0,0,1,0,1,0,1,0,1,1,0,0,0,1,0,"No"
-0.242612325530453,-1.15816122886383,-0.645402497628537,0,0,0,1,0,1,0,0,0,0,0,0,0,0,1,0,0,0,0,0,0,0,0,1,0,0,1,"No"
0.329340330346978,1.24069982556498,0.817704687958376,1,1,1,0,1,0,1,1,0,0,1,0,0,0,0,0,0,0,1,0,1,0,0,0,0,1,0,"Yes"
0.819585463956204,1.28065309781084,1.38458223713495,1,0,0,0,1,0,1,1,0,0,0,0,1,0,1,0,0,0,1,0,1,0,0,1,0,1,0,"No"
-1.26395635388301,0.58979443189276,-0.957639627178905,0,0,0,0,1,0,0,1,0,0,0,0,1,0,1,0,0,0,0,0,0,0,0,1,0,1,0,"Yes"
0.492755374883387,-0.277524519777891,0.0786799284041643,0,0,1,1,1,0,0,0,0,0,1,0,0,0,0,0,1,0,0,0,0,0,0,0,0,0,0,"No"
1.55495316437004,-0.141017506271186,0.840938464709922,1,0,1,1,0,1,0,0,0,0,0,0,1,0,1,0,1,0,1,0,1,1,0,0,0,1,0,"No"
-1.1822488316148,0.488246531601187,-0.875478962444904,1,0,0,0,1,0,0,1,0,0,0,0,0,0,0,0,0,0,1,0,0,0,0,0,0,1,0,"Yes"
0.983000508492613,-0.159329422717208,0.538877197305509,1,0,1,1,1,0,0,0,0,0,1,0,1,0,1,0,0,0,0,0,0,0,1,1,0,0,0,"No"
-0.773711220273781,0.666371537030668,-0.499659321708051,0,0,0,0,1,0,1,1,0,0,0,0,0,0,0,0,0,0,0,0,1,0,0,1,0,1,0,"Yes"
1.06470803076082,0.959362200167011,1.41597443931071,0,0,1,1,1,0,1,1,0,0,1,0,1,0,0,0,0,0,0,0,1,0,0,1,0,0,0,"Yes"
-1.26395635388301,-1.31630959817038,-0.983023858458028,1,1,1,0,0,1,0,0,0,0,0,0,0,0,0,0,0,0,0,0,0,0,0,0,0,1,0,"Yes"
0.574462897151591,1.16745215978089,1.0588659699272,0,0,1,1,1,0,1,1,0,0,1,0,0,0,1,0,1,0,0,0,1,0,1,0,0,0,1,"No"
-0.855418742541986,-0.122705589825165,-0.688854980866163,1,0,0,0,1,0,0,0,0,0,0,0,1,0,1,0,1,0,0,0,0,0,0,1,0,1,0,"No"
1.63666068663825,0.00381310562007436,1.11023301261168,1,0,1,0,0,1,0,0,0,0,1,0,1,0,1,0,1,0,1,0,1,0,1,1,0,1,0,"No"
-0.120051042128146,-1.31464487849347,-0.678058368959671,0,0,0,0,0,1,0,0,0,0,0,0,0,0,0,0,0,0,0,0,0,0,0,1,1,0,0,"Yes"
-1.0596875482125,-0.324136670731401,-0.83668210241131,0,0,1,1,1,0,0,0,0,0,0,0,0,0,0,0,0,0,1,0,0,0,0,0,0,1,0,"No"
1.26897683643133,0.891108693413659,1.56189497230563,1,0,1,1,1,0,1,1,0,0,0,0,1,0,0,0,0,0,0,0,1,1,0,1,0,1,0,"No"
-1.22310259274891,0.707989528953444,-0.919951248860556,1,0,0,0,1,0,0,1,0,0,0,0,0,0,1,0,0,0,0,0,1,0,0,1,0,1,0,"Yes"
0.451901613749285,-1.0183247760033,-0.32666966522683,0,0,1,0,0,1,0,0,0,0,1,0,0,0,0,0,1,0,0,0,0,0,0,0,0,0,0,"No"
-0.692003698005577,-0.622121492898477,-0.686660187069977,0,0,0,0,0,1,0,0,0,0,1,0,1,0,1,0,1,0,0,0,0,1,0,0,0,0,1,"No"
-0.896272503676088,1.01929210853581,-0.581598290099003,1,0,0,1,1,0,1,1,0,0,0,0,0,0,0,0,0,0,1,0,1,0,0,0,0,1,0,"Yes"
0.697024180553898,1.1990818336422,1.25371488583306,1,0,0,1,1,0,1,1,0,0,0,0,0,0,0,0,1,0,1,0,1,1,0,1,0,0,0,"Yes"
1.26897683643133,-0.948406549573041,0.0251846008264138,1,1,1,0,0,1,0,0,0,0,1,0,0,0,0,0,1,0,0,0,0,1,0,0,0,0,0,"No"
-0.283466086664555,0.040436938512117,-0.24938632003991,0,0,0,0,1,0,0,0,0,0,0,0,1,0,0,0,1,0,0,0,1,0,0,1,0,0,0,"No"
-0.56944241460327,-1.47279324780002,-0.830252908462886,0,1,0,0,1,0,0,0,1,1,0,1,0,1,0,1,0,1,0,1,0,1,0,0,0,0,0,"No"
-0.160904803262248,1.37221268004095,0.335160427677681,1,1,1,0,1,0,1,1,0,0,0,0,1,0,0,0,1,0,1,0,1,0,0,1,0,1,0,"No"
0.860439225090306,1.07089841852005,1.31441534455991,0,1,0,0,1,0,0,1,0,0,1,0,1,0,0,0,1,0,0,0,1,1,0,1,0,0,1,"No"
0.125071524676467,1.25734702233409,0.613655373815974,1,0,0,0,1,0,0,1,0,0,0,0,1,0,1,0,0,0,1,0,1,1,0,1,0,0,0,"Yes"
1.55495316437004,1.70016245639242,2.53919896136903,1,0,1,0,1,0,1,1,0,0,1,0,1,0,1,0,1,0,1,0,1,1,0,0,1,0,0,"Yes"
-1.22310259274891,0.508223167724119,-0.926535630249115,1,0,0,0,1,0,0,1,0,0,0,0,0,0,1,0,1,0,0,0,0,0,0,1,0,1,0,"Yes"
-0.242612325530453,0.281821291664218,-0.125302876835323,0,0,1,0,1,0,0,0,0,0,0,0,1,0,0,0,1,0,1,0,1,0,0,1,0,1,0,"No"
0.0842177635423648,-0.00783993211830321,-0.083823491050834,0,0,0,0,1,0,0,0,0,0,1,0,1,0,0,0,0,0,0,0,1,1,0,0,0,1,0,"No"
-0.692003698005577,0.380039752601969,-0.492720226170614,1,0,0,0,1,0,1,1,0,0,0,0,0,0,0,0,0,0,0,0,0,0,0,1,0,0,1,"Yes"
-0.93712626481019,0.335092321325371,-0.682181920940385,0,0,0,0,1,0,0,0,0,0,1,0,1,0,0,0,0,0,1,0,1,0,0,1,0,1,0,"Yes"
-0.324319847798657,-0.447325926822818,-0.428494795589287,1,0,0,0,1,0,0,0,0,0,1,0,0,0,0,0,0,0,0,0,0,0,0,1,0,1,0,"No"
1.47324564210184,-0.753634347374449,0.320861013551013,1,1,1,0,0,1,0,0,0,0,1,0,1,0,1,0,0,0,0,0,0,0,1,1,0,1,0,"No"
-0.0383435198599417,-0.340783867500511,-0.263863091241017,1,0,1,1,1,0,0,0,0,0,0,0,0,0,1,0,1,0,0,0,0,0,0,0,0,0,1,"No"
-1.26395635388301,-0.277524519777891,-0.969190006651764,0,0,0,0,1,0,0,0,0,0,0,0,0,0,0,0,0,0,0,0,1,0,0,1,0,1,0,"Yes"
-0.446881131200964,1.38220099810242,0.00348052884190572,1,0,1,0,1,0,1,1,0,0,0,0,0,0,1,0,1,0,1,0,1,0,0,1,0,1,0,"Yes"
1.26897683643133,1.04592762336639,1.71488761864382,0,0,1,0,1,0,0,1,0,0,0,0,1,0,0,0,0,0,1,0,1,1,0,1,0,1,0,"No"
-1.22310259274891,0.504893728370297,-0.923454051080732,0,1,0,0,1,0,0,1,0,0,0,0,0,0,0,0,0,0,0,0,1,0,0,1,0,0,0,"Yes"
1.18726931416312,-0.104393673379143,0.669101629212557,0,0,1,1,0,1,0,0,0,0,0,0,1,0,1,0,1,0,1,0,1,0,1,1,0,0,0,"No"
-0.56944241460327,-1.49609932327677,-0.811785603086895,1,0,0,0,1,0,0,0,1,1,0,1,0,1,0,1,0,1,0,1,0,1,0,0,0,0,1,"No"
0.0433640024082626,1.17910519751927,0.478198908212967,0,0,0,0,1,0,1,1,0,0,0,0,1,0,0,0,0,0,1,0,1,0,0,1,0,1,0,"No"
-0.651149936871475,-1.47612268715384,-0.848941910181926,1,0,0,0,1,0,0,0,1,1,0,1,0,1,0,1,0,1,0,1,0,0,0,0,0,0,0,"Yes"
0.983000508492613,1.13582248591958,1.51968398858908,0,0,1,0,1,0,0,1,0,0,0,0,0,0,1,0,1,0,1,0,1,0,0,1,0,1,0,"No"
-0.365173608932759,-1.49110516424604,-0.787753719500371,1,0,0,1,1,0,0,0,1,1,0,1,0,1,0,1,0,1,0,1,0,1,0,0,0,0,1,"No"
-0.93712626481019,0.306792086817884,-0.681849376425811,1,0,0,0,1,0,0,1,0,0,0,0,0,0,1,0,0,0,0,0,0,0,0,1,0,1,0,"No"
-0.732857459139679,1.18576407622691,-0.386771543827444,0,1,1,0,1,0,1,1,0,0,0,0,1,0,0,0,0,0,1,0,1,0,0,1,0,1,0,"Yes"
-0.692003698005577,0.343415919709927,-0.503184293562532,1,0,1,1,1,0,1,1,0,0,0,0,0,0,0,0,0,0,0,0,0,0,0,1,0,0,0,"Yes"
-1.1005413093466,-1.48278156586148,-0.951764674088103,1,0,0,0,1,0,0,0,1,1,0,1,0,1,0,1,0,1,0,1,0,0,0,0,1,0,0,"No"
1.18726931416312,1.38553043745624,1.8325862071686,1,0,1,0,1,0,1,1,0,0,1,0,1,0,0,0,0,0,1,0,1,0,0,1,0,1,0,"No"
1.55495316437004,1.73012741057682,2.62053934963375,1,0,1,1,1,0,1,1,0,0,1,0,1,0,1,0,1,0,1,0,1,0,1,1,1,0,0,"No"
-0.692003698005577,1.1691168794578,-0.299445354300399,1,0,0,0,1,0,1,1,0,0,1,0,0,0,0,0,0,0,1,0,1,0,0,1,0,1,0,"No"
-0.977980025944292,-1.49443460359986,-0.936378947880495,1,0,1,1,1,0,0,0,1,1,0,1,0,1,0,1,0,1,0,1,0,0,1,0,0,0,1,"No"
-0.977980025944292,-1.50109348230751,-0.922234721193962,0,0,1,1,1,0,0,0,1,1,0,1,0,1,0,1,0,1,0,1,0,0,1,0,0,0,1,"No"
-1.1413950704807,-1.17980258466368,-0.945335480139679,0,0,0,0,0,1,0,0,0,0,1,0,0,0,0,0,0,0,0,0,0,0,0,1,0,0,1,"No"
0.0842177635423648,-0.319142511700668,-0.158269123046726,0,0,0,0,1,0,0,0,0,0,1,0,1,0,0,0,0,0,0,0,0,1,0,0,0,0,1,"No"
1.47324564210184,0.872796776967637,1.80050674632939,1,0,1,0,1,0,1,0,0,0,1,0,1,0,1,0,1,0,1,0,1,0,1,1,1,0,0,"No"
0.533609136017489,-0.452320085853551,0.00993189242463493,0,0,1,1,0,1,0,0,0,0,0,0,1,0,1,0,1,0,0,0,1,1,0,0,0,0,0,"No"
-0.93712626481019,0.849490701490882,-0.631967699239761,0,1,0,0,1,0,1,1,0,0,0,0,0,0,1,0,0,0,1,0,0,0,0,1,0,1,0,"No"
1.55495316437004,0.278491852310396,1.3405755130397,1,0,1,0,1,0,1,0,0,0,0,0,1,0,1,0,1,0,1,0,0,0,1,0,0,0,0,"No"
0.697024180553898,0.446628539678411,0.701491464932032,0,0,1,1,1,0,0,0,0,0,0,0,1,0,1,0,0,0,1,0,1,1,0,0,1,0,0,"No"
0.901292986224409,0.250191617802908,0.728915302567207,0,1,0,0,1,0,1,0,0,0,0,0,1,0,0,0,1,0,1,0,0,1,0,0,0,0,1,"No"
1.59580692550415,1.40384235390226,2.23520893578009,0,0,0,0,1,0,1,1,0,0,1,0,1,0,1,0,0,0,1,0,1,0,1,1,1,0,0,"No"
-0.406027370066861,-1.50941708069206,-0.811209192594967,0,0,0,0,1,0,0,0,1,1,0,1,0,1,0,1,0,1,0,1,0,1,0,1,0,0,1,"No"
1.30983059756543,1.29563557490304,1.90949266857233,1,1,0,0,1,0,1,1,0,0,1,0,1,0,0,0,0,0,1,0,1,0,0,1,0,0,0,"No"
1.47324564210184,-1.29133880301671,-0.146585725768037,0,0,1,0,1,0,1,0,1,1,0,1,0,1,0,1,0,1,0,1,0,0,1,0,1,0,0,"No"
-1.26395635388301,0.208573625880132,-0.96271647343473,0,0,0,0,1,0,0,1,0,0,0,0,0,0,0,0,0,0,0,0,0,0,0,1,0,1,0,"Yes"
-0.242612325530453,-0.170982460455585,-0.325938067294768,1,0,0,0,1,0,0,0,0,0,0,0,0,0,0,0,1,0,1,0,0,1,0,0,1,0,0,"No"
-0.732857459139679,-1.48278156586148,-0.861423414295591,1,0,0,0,1,0,0,0,1,1,0,1,0,1,0,1,0,1,0,1,0,0,0,1,0,1,0,"No"
1.59580692550415,0.598118030277315,1.59202350532601,1,0,1,0,1,0,0,0,0,0,1,0,0,0,1,0,1,0,1,0,1,0,1,1,0,1,0,"No"
1.02385426962672,0.323439283586994,0.853198272480538,0,0,0,0,1,0,0,0,0,0,1,0,1,0,1,0,1,0,1,0,0,0,1,1,1,0,0,"No"
-0.773711220273781,0.982668275643766,-0.45514269602379,0,0,1,0,1,0,1,1,0,0,0,0,1,0,1,0,0,0,1,0,0,0,0,0,0,1,0,"Yes"
1.63666068663825,1.50206081484001,2.50798411626771,1,1,1,0,1,0,1,1,0,0,0,0,1,0,1,0,1,0,1,0,1,0,1,0,1,0,0,"No"
0.329340330346978,1.05758066110476,0.741928877904189,0,0,1,1,1,0,1,1,0,0,0,0,1,0,1,0,0,0,1,0,0,0,0,1,1,0,0,"No"
-1.22310259274891,-0.668733643851986,-0.954203333861644,1,0,1,1,1,0,0,0,0,0,0,0,0,0,0,0,0,0,0,0,0,0,0,1,0,1,0,"No"
1.39153811983363,1.54201408708588,2.3011857674715,1,1,0,0,1,0,1,1,0,0,0,0,1,0,1,0,1,0,1,0,1,1,0,0,1,0,0,"Yes"
0.247632808078774,1.34557716521037,0.791145466061092,0,0,1,0,1,0,1,1,0,0,0,0,0,0,1,0,1,0,1,0,1,0,0,1,0,1,0,"Yes"
-1.26395635388301,-1.30798599978583,-0.982913010286504,1,0,0,1,0,1,0,0,0,0,0,0,0,0,0,0,0,0,0,0,0,0,0,1,0,1,0,"Yes"
-0.406027370066861,-0.314148352669934,-0.465141201095305,1,0,0,0,1,0,0,0,0,0,0,0,1,0,0,0,1,0,0,0,0,1,0,1,1,0,0,"Yes"
-1.1005413093466,0.516546766108674,-0.817416690200342,1,0,0,0,1,0,0,1,0,0,0,0,0,0,0,0,0,0,1,0,0,0,0,1,0,0,1,"No"
-0.120051042128146,0.148643717511335,-0.125768439155726,1,0,1,1,1,0,1,0,0,0,1,0,0,0,0,0,1,0,1,0,0,1,0,0,0,0,0,"No"
-1.1822488316148,-1.47112852812311,-0.966130597117686,0,0,0,0,1,0,0,0,1,1,0,1,0,1,0,1,0,1,0,1,0,0,0,0,0,0,1,"No"
0.451901613749285,1.22571734847278,1.01355123740796,1,0,0,0,1,0,1,1,0,0,0,0,1,0,0,0,0,0,1,0,1,0,0,1,0,1,0,"Yes"
0.656170419419795,0.628082984461714,0.729713409402183,0,0,0,0,1,0,1,0,0,0,1,0,1,0,1,0,0,0,1,0,1,1,0,1,1,0,0,"No"
-0.242612325530453,0.734625043784021,-0.0147872498253409,1,0,0,0,1,0,1,1,0,0,1,0,1,0,0,0,0,0,0,0,0,0,0,1,1,0,0,"No"
-1.26395635388301,0.539852841585429,-0.958304716208052,1,0,0,0,1,0,0,1,0,0,0,0,0,0,0,0,0,0,0,0,1,0,0,1,0,1,0,"Yes"
0.574462897151591,-1.50442292166133,-0.569294143059777,0,0,1,1,1,0,0,0,1,1,0,1,0,1,0,1,0,1,0,1,0,0,1,0,1,0,0,"No"
-1.22310259274891,-0.084417037256211,-0.941677490479369,1,0,0,0,1,0,1,0,0,0,0,0,0,0,0,0,0,0,0,0,1,0,0,0,0,0,0,"Yes"
-1.26395635388301,0.395022229694169,-0.96023347439258,1,1,0,0,1,0,1,1,0,0,0,0,0,0,0,0,0,0,0,0,0,0,0,1,0,1,0,"Yes"
1.30983059756543,-0.151005824332653,0.710913559511619,1,0,1,1,0,1,0,0,0,0,1,0,0,0,1,0,1,0,1,0,1,0,1,1,0,0,0,"No"
-0.814564981407883,0.889443973736748,-0.508837550310285,0,1,0,0,1,0,1,1,0,0,0,0,1,0,0,0,0,0,1,0,0,0,0,1,0,1,0,"Yes"
-1.0596875482125,1.03760402498183,-0.739734291595934,1,1,1,0,1,0,0,1,0,0,0,0,0,0,1,0,0,0,1,0,1,0,0,1,0,1,0,"Yes"
1.10556179189492,-1.47279324780002,-0.432352311958341,0,0,1,0,1,0,0,0,1,1,0,1,0,1,0,1,0,1,0,1,0,1,0,0,0,0,1,"No"
-0.651149936871475,0.471599334832077,-0.45396770540563,1,1,0,0,1,0,0,1,0,0,0,0,0,0,0,0,0,0,0,0,1,0,0,1,0,1,0,"No"
-0.283466086664555,-0.300830595254646,-0.371031103470957,1,0,1,0,1,0,1,0,0,0,0,0,0,0,1,0,0,0,0,0,0,0,0,0,1,0,0,"No"
0.0842177635423648,-0.0644404011332784,0.0145431763600565,0,0,1,0,1,0,1,0,0,0,1,0,1,0,0,0,1,0,0,0,0,0,0,0,0,1,0,"Yes"
-1.26395635388301,0.330098162294638,-0.961098090130471,0,0,0,0,1,0,1,1,0,0,0,0,0,0,0,0,0,0,0,0,0,0,0,1,0,1,0,"Yes"
1.02385426962672,-1.45947549038473,-0.498063108038098,1,0,0,0,1,0,0,0,1,1,0,1,0,1,0,1,0,1,0,1,0,0,1,0,0,0,1,"No"
-0.160904803262248,-0.458978964561195,-0.379233868163774,1,0,1,1,0,1,0,0,0,0,1,0,0,0,1,0,1,0,1,0,0,1,0,0,0,0,1,"No"
-0.651149936871475,-0.480620320361038,-0.656154770266419,0,0,0,0,1,0,0,0,0,0,1,0,0,0,0,0,0,0,0,0,0,0,0,1,0,1,0,"Yes"
-1.1822488316148,0.33342760164846,-0.888137823633009,0,1,1,0,1,0,0,1,0,0,0,0,1,0,0,0,0,0,0,0,0,0,0,1,0,0,0,"No"
1.18726931416312,1.0625748201355,1.52154623787069,1,0,1,0,1,0,1,1,0,0,0,0,0,0,0,0,0,0,1,0,1,1,0,1,0,0,0,"No"
-1.22310259274891,-1.48111684618457,-0.976483816338079,0,0,0,0,1,0,0,0,1,1,0,1,0,1,0,1,0,1,0,1,0,0,0,0,0,0,1,"No"
0.778731702822102,-1.50442292166133,-0.551735792690288,1,0,1,1,1,0,0,0,1,1,0,1,0,1,0,1,0,1,0,1,0,1,0,0,0,0,1,"No"
-1.0596875482125,-1.48944044456913,-0.932565770780051,1,0,1,1,1,0,0,0,1,1,0,1,0,1,0,1,0,1,0,1,0,0,0,0,1,0,0,"No"
-1.0596875482125,-1.47778740683075,-0.939305339608743,0,0,0,0,1,0,0,0,1,1,0,1,0,1,0,1,0,1,0,1,0,0,0,0,0,0,1,"No"
0.165925285810569,-1.53272315616882,-0.688633284523114,1,0,0,0,1,0,0,0,1,1,0,1,0,1,0,1,0,1,0,1,0,0,1,1,1,0,0,"No"
1.26897683643133,-1.34460983267787,-0.276632800600646,0,0,0,0,1,0,1,0,1,1,0,1,0,1,0,1,0,1,0,1,0,0,1,0,0,0,1,"No"
0.656170419419795,-1.36625118847771,-0.47387603701144,1,0,1,1,1,0,1,0,1,1,0,1,0,1,0,1,0,1,0,1,0,0,1,0,0,0,1,"No"
0.697024180553898,-1.4694638084462,-0.5946783743389,0,0,1,0,1,0,0,0,1,1,0,1,0,1,0,1,0,1,0,1,0,1,0,0,0,0,0,"No"
-0.201758564396351,0.561494197385273,-0.0532293957100567,1,1,0,0,1,0,1,1,0,0,0,0,1,0,0,0,0,0,0,0,0,0,0,1,0,1,0,"Yes"
1.63666068663825,0.922738367274968,1.98542366606665,1,0,1,0,1,0,1,0,0,0,1,0,1,0,1,0,1,0,1,0,1,0,1,0,1,0,0,"No"
-1.26395635388301,0.151973156865157,-0.963470241001097,1,0,1,0,1,0,0,1,0,0,0,0,0,0,0,0,0,0,0,0,0,0,0,1,0,1,0,"Yes"
1.63666068663825,-0.364089942977266,0.683667078950883,0,0,1,1,0,1,0,0,0,0,0,0,1,0,0,0,1,0,1,0,1,0,1,0,1,0,0,"No"
0.615316658285693,-0.830211452512357,-0.196622590394222,0,0,0,0,0,1,0,0,0,0,1,0,1,0,0,0,1,0,0,0,0,1,0,0,1,0,0,"No"
-1.26395635388301,-0.330795549439045,-0.969899434949521,0,0,0,0,1,0,0,0,0,0,0,0,0,0,0,0,0,0,1,0,0,0,0,1,0,1,0,"No"
0.165925285810569,1.33891828650273,0.729092659641646,0,0,0,0,1,0,1,1,0,0,0,0,1,0,1,0,0,0,1,0,1,1,0,1,0,0,0,"No"
-0.93712626481019,0.498234849662653,-0.673380576121335,0,0,0,0,1,0,0,1,0,0,0,0,0,0,0,0,0,0,0,0,1,0,0,1,0,1,0,"Yes"
0.247632808078774,1.30062973393377,0.77434088325797,0,0,0,0,1,0,1,1,0,0,0,0,0,0,1,0,1,0,1,0,1,0,0,1,0,1,0,"No"
0.125071524676467,1.14747552365796,0.581952796759951,0,1,0,0,1,0,1,1,0,0,1,0,0,0,0,0,0,0,1,0,1,0,0,1,0,1,0,"No"
-1.30481011501711,0.291809609725684,-0.994130845244789,0,0,1,1,1,0,1,0,0,0,0,0,1,0,1,0,1,0,1,0,0,0,1,0,0,0,1,"No"
1.10556179189492,1.18076991719618,1.68167750645507,0,0,1,0,1,0,0,1,0,0,0,0,1,0,0,0,1,0,1,0,1,0,1,1,0,0,1,"No"
-1.22310259274891,-0.687045560298007,-0.95639812765783,0,1,0,0,1,0,0,0,0,0,0,0,0,0,0,0,0,0,0,0,0,0,0,0,0,1,0,"No"
-1.01883378707839,-1.36791590815462,-0.917423910549796,1,0,0,0,1,0,1,0,1,1,0,1,0,1,0,1,0,1,0,1,0,0,0,0,0,0,1,"No"
0.37019409148108,0.98932715435141,0.732262917347248,0,0,1,1,1,0,1,1,0,0,1,0,1,0,0,0,0,0,1,0,0,0,0,1,0,0,0,"No"
-0.773711220273781,-1.17980258466368,-0.835773147404809,0,0,0,0,0,1,0,0,0,0,0,0,1,0,0,0,0,0,0,0,0,0,0,0,0,1,0,"No"
-0.528588653469168,-1.45614605103091,-0.78684476449387,1,0,0,1,1,0,0,0,1,1,0,1,0,1,0,1,0,1,0,1,0,0,1,0,1,0,0,"No"
1.14641555302902,-0.895135519911887,0.0206619954282118,0,0,1,0,0,1,0,0,0,0,1,0,1,0,0,0,1,0,0,0,0,0,1,0,0,0,0,"No"
0.656170419419795,1.02928042659728,1.05782399711487,0,0,0,1,1,0,0,1,0,0,0,0,1,0,1,0,1,0,1,0,0,0,1,1,0,0,1,"Yes"
-1.1822488316148,0.881120375352192,-0.865946019693793,1,1,0,0,1,0,1,1,0,0,0,0,0,0,1,0,0,0,1,0,0,0,0,0,0,1,0,"Yes"
1.51409940323594,0.927732526305702,1.87042977292708,1,0,1,0,1,0,1,1,0,0,0,0,1,0,0,0,1,0,1,0,0,0,1,1,0,0,1,"No"
0.451901613749285,-0.680386681590363,-0.137806550583293,1,0,0,0,0,1,0,0,0,0,0,0,0,0,1,0,1,0,0,0,1,1,0,0,0,1,0,"No"
0.533609136017489,-0.477290881007216,-0.00911182344328362,0,0,1,0,1,0,0,0,0,0,0,0,0,0,1,0,0,0,0,0,0,0,0,1,1,0,0,"No"
1.63666068663825,1.50372553451692,2.44610866692271,1,0,1,0,1,0,1,1,0,0,0,0,1,0,1,0,1,0,1,0,1,0,1,1,1,0,0,"No"
-1.22310259274891,0.486581811924276,-0.917490419452711,0,1,1,0,1,0,1,1,0,0,0,0,0,0,1,0,0,0,0,0,0,0,0,0,0,1,0,"Yes"
-0.814564981407883,-1.47445796747693,-0.894589187215738,0,0,1,1,1,0,0,0,1,1,0,1,0,1,0,1,0,1,0,1,0,0,1,0,0,0,0,"No"
1.43239188096774,1.5902909577163,2.28185384635762,0,0,1,1,1,0,1,1,0,0,0,0,1,0,1,0,1,0,1,0,1,1,0,1,1,0,0,"No"
0.288486569212876,-0.780269862205026,-0.239964225460323,0,0,0,0,0,1,0,0,0,0,1,0,1,0,0,0,1,0,0,0,0,1,0,0,0,0,0,"No"
-0.977980025944292,0.385033911632703,-0.707787848562557,1,0,1,1,1,0,1,0,0,0,1,0,1,0,0,0,1,0,0,0,1,0,1,1,1,0,0,"No"
1.59580692550415,0.216897224264687,1.32257376998412,0,0,1,1,1,0,1,0,0,0,1,0,1,0,1,0,1,0,0,0,0,0,1,0,0,0,1,"No"
-1.1005413093466,1.06423953981241,-0.772390162927068,1,0,0,0,1,0,1,1,0,0,0,0,1,0,1,0,0,0,0,0,1,0,0,0,0,1,0,"No"
0.901292986224409,-1.46779908876929,-0.53490904025286,0,0,0,0,1,0,0,0,1,1,0,1,0,1,0,1,0,1,0,1,0,0,1,1,0,0,1,"No"
1.63666068663825,1.38885987681006,2.36029001252839,1,0,1,0,1,0,1,1,0,0,0,0,1,0,1,0,0,0,1,0,1,0,1,1,0,0,0,"No"
-0.56944241460327,0.699665930568889,-0.284037458458486,1,0,1,1,1,0,0,1,0,0,0,0,0,0,0,0,1,0,0,0,1,0,0,1,0,1,0,"No"
-0.406027370066861,-0.448990646499729,-0.447472002554291,1,0,1,1,1,0,0,0,0,0,0,0,0,0,0,0,1,0,0,0,0,0,0,1,0,1,0,"No"
-0.732857459139679,0.323439283586994,-0.508061613109613,0,1,0,0,1,0,1,1,0,0,0,0,0,0,0,0,0,0,0,0,0,0,0,1,0,1,0,"Yes"
0.737877941688,1.15912856139634,1.24932529824069,1,0,1,0,1,0,1,1,0,0,0,0,0,0,0,0,1,0,1,0,1,1,0,0,0,1,0,"No"
0.656170419419795,0.170285073311178,0.3465334500761,0,0,1,1,1,0,0,0,0,0,1,0,0,0,1,0,1,0,1,0,0,1,0,0,0,0,0,"No"
0.697024180553898,1.1241694481812,1.17370467562664,0,0,1,1,1,0,1,1,0,0,0,0,1,0,0,0,0,0,1,0,1,0,0,1,0,1,0,"No"
1.47324564210184,1.04259818401256,1.88934047098917,1,1,0,0,1,0,1,1,0,0,0,0,1,0,1,0,0,0,0,0,1,0,0,1,0,1,0,"No"
-0.773711220273781,1.20407599267293,-0.411845400226299,1,0,0,0,1,0,1,1,0,0,0,0,0,0,0,0,1,0,1,0,1,0,0,0,0,1,0,"No"
-0.855418742541986,0.819525747306484,-0.555039068201719,0,0,0,0,1,0,1,1,0,0,0,0,0,0,1,0,0,0,1,0,0,0,0,1,0,1,0,"No"
-1.1822488316148,0.31678040487935,-0.893037312814394,0,0,1,0,1,0,1,1,0,0,0,0,0,0,0,0,0,0,0,0,0,0,0,1,1,0,0,"Yes"
1.02385426962672,1.1990818336422,1.55367003797851,1,1,1,0,1,0,1,1,0,0,0,0,0,0,1,0,0,0,1,0,1,0,0,0,0,1,0,"Yes"
-1.1822488316148,0.346745359063749,-0.90141743458165,1,0,0,0,1,0,1,1,0,0,0,0,0,0,0,0,0,0,0,0,0,0,0,0,0,0,1,"Yes"
1.63666068663825,-1.29300352269363,-0.167558199820483,1,0,1,0,1,0,1,0,1,1,0,1,0,1,0,1,0,1,0,1,0,0,1,0,1,0,0,"No"
1.55495316437004,0.649724340261558,1.65722439981675,1,0,1,1,1,0,1,0,0,0,0,0,1,0,1,0,1,0,1,0,1,0,1,1,0,1,0,"No"
0.697024180553898,0.489911251278098,0.736186942619217,0,0,1,1,1,0,1,0,0,0,0,0,1,0,0,0,1,0,1,0,1,0,1,0,0,0,0,"No"
0.574462897151591,-1.48278156586148,-0.594190642384192,1,0,0,0,1,0,0,0,1,1,0,1,0,1,0,1,0,1,0,1,0,0,1,0,0,0,0,"No"
1.30983059756543,0.186932270080289,0.992711781161344,0,1,0,0,1,0,0,0,0,0,1,0,1,0,0,0,1,0,1,0,0,0,1,1,1,0,0,"Yes"
0.206779046944671,-1.50109348230751,-0.6371110543985,0,0,1,0,1,0,0,0,1,1,0,1,0,1,0,1,0,1,0,1,0,0,0,0,0,0,0,"No"
1.63666068663825,1.68351525962331,2.70806506586954,0,0,1,0,1,0,1,1,0,0,1,0,1,0,1,0,1,0,1,0,1,0,1,0,0,1,0,"No"
-0.692003698005577,-1.49609932327677,-0.846636268214215,1,0,1,1,1,0,0,0,1,1,0,1,0,1,0,1,0,1,0,1,0,1,0,0,0,0,1,"No"
-0.324319847798657,0.831178785044861,0.00764842009122904,0,0,0,0,1,0,1,1,0,0,0,0,0,0,0,0,1,0,0,0,1,0,0,1,0,1,0,"No"
-0.814564981407883,-0.477290881007216,-0.730866437873969,1,0,0,0,1,0,0,0,0,0,0,0,0,0,0,0,1,0,0,0,0,0,0,0,0,0,0,"Yes"
1.59580692550415,0.754601679906953,1.81196844726503,0,0,1,1,1,0,0,0,0,0,1,0,1,0,1,0,1,0,1,0,1,0,1,0,1,0,0,"No"
1.26897683643133,1.48707833774781,2.03929587742759,0,0,1,0,1,0,1,1,0,0,0,0,1,0,1,0,1,0,1,0,1,0,1,1,0,0,0,"No"
-1.1413950704807,-0.289177557516269,-0.888381689610363,1,0,0,0,1,0,0,0,0,0,0,0,0,0,0,0,0,0,0,0,1,0,0,1,0,1,0,"No"
0.329340330346978,0.486581811924276,0.439734592693946,0,1,0,0,1,0,0,1,0,0,1,0,1,0,0,0,0,0,0,0,0,0,0,1,1,0,0,"Yes"
-0.814564981407883,1.04592762336639,-0.523203473339867,0,0,0,0,1,0,0,1,0,0,0,0,0,0,1,0,0,0,1,0,1,0,0,1,0,1,0,"Yes"
0.901292986224409,1.18243463687309,1.41832442054703,0,0,0,0,1,0,1,1,0,0,0,0,0,0,0,0,1,0,1,0,1,0,0,1,0,1,0,"Yes"
-1.1413950704807,-0.269200921393336,-0.889889224743097,0,0,1,1,1,0,0,0,0,0,0,0,1,0,0,0,1,0,0,0,0,0,0,0,0,0,1,"Yes"
0.819585463956204,-0.970047905372884,-0.125546742812677,0,0,1,0,0,1,0,0,0,0,1,0,0,0,1,0,0,0,0,0,0,1,0,0,0,0,1,"No"
-1.26395635388301,0.679689294445957,-0.95644246692644,0,1,0,0,1,0,0,1,0,0,0,0,0,0,1,0,0,0,0,0,1,0,0,1,0,1,0,"Yes"
1.55495316437004,0.49324069063192,1.45734297692367,1,0,1,0,1,0,1,0,0,0,1,0,1,0,1,0,1,0,1,0,0,1,0,0,0,0,0,"No"
0.819585463956204,-1.49609932327677,-0.539631172359806,1,0,0,0,1,0,0,0,1,1,0,1,0,1,0,1,0,1,0,1,0,0,1,0,0,0,1,"No"
0.983000508492613,0.138655399449869,0.697589609294367,0,0,1,1,1,0,1,0,0,0,1,0,1,0,0,0,0,0,0,0,1,1,0,0,0,0,0,"No"
-1.30481011501711,-0.089411196286944,-0.994130845244789,1,0,0,1,1,0,1,0,0,0,1,0,1,0,0,0,1,0,0,0,0,0,1,1,0,0,0,"No"
0.411047852615182,0.509887887401031,0.47500648087306,1,0,0,0,1,0,1,1,0,0,0,0,0,0,1,0,0,0,0,0,0,0,0,0,0,1,0,"No"
-0.406027370066861,0.837837663752505,-0.134436766168946,1,1,1,0,1,0,0,1,0,0,0,0,0,0,0,0,0,0,1,0,1,0,0,1,0,0,0,"No"
0.778731702822102,-0.175976619486318,0.342542915901216,1,0,1,1,0,1,0,0,0,0,1,0,1,0,1,0,0,0,1,0,1,1,0,0,0,1,0,"Yes"
-0.201758564396351,-1.50442292166133,-0.790059361468082,1,0,0,0,1,0,0,0,1,1,0,1,0,1,0,1,0,1,0,1,0,0,0,1,1,0,0,"No"
0.778731702822102,0.967685798551567,1.15151287168742,1,1,1,0,1,0,1,1,0,0,1,0,0,0,1,0,0,0,0,0,1,1,0,1,0,0,0,"No"
-1.1413950704807,-0.505591115514704,-0.912369233928276,1,0,0,1,1,0,0,0,0,0,1,0,0,0,0,0,0,0,0,0,0,0,0,1,0,1,0,"Yes"
-1.26395635388301,-1.48777572489222,-0.985307330791434,1,0,0,0,1,0,0,0,1,1,0,1,0,1,0,1,0,1,0,1,0,0,0,1,0,0,1,"No"
1.51409940323594,-1.29799768172436,-0.252157524328024,0,0,1,1,1,0,1,0,1,1,0,1,0,1,0,1,0,1,0,1,0,0,1,1,0,0,0,"No"
-0.732857459139679,-1.49276988392295,-0.856967317800304,1,0,1,1,1,0,0,0,1,1,0,1,0,1,0,1,0,1,0,1,0,1,0,0,0,0,1,"No"
1.02385426962672,-0.295836436223913,0.412133397984332,1,0,1,0,1,0,0,0,0,0,1,0,0,0,0,0,1,0,0,0,0,0,0,0,0,1,0,"No"
1.63666068663825,1.76175708443813,2.85012808249541,0,0,1,1,1,0,1,1,0,0,1,0,1,0,1,0,1,0,1,0,1,0,1,0,1,0,0,"No"
1.02385426962672,0.504893728370297,0.97373457419634,1,1,0,0,1,0,1,0,0,0,0,0,1,0,1,0,0,0,1,0,1,0,1,1,0,0,0,"No"
1.22812307529723,0.511552607077942,1.14291105357712,0,1,1,0,1,0,0,0,0,0,1,0,0,0,1,0,1,0,1,0,1,0,1,1,1,0,0,"No"
-1.1822488316148,-1.15483178951001,-0.953227869952228,1,0,1,0,0,1,0,0,0,0,0,0,0,0,0,0,1,0,0,0,0,0,0,1,0,1,0,"No"
1.63666068663825,-1.49276988392295,-0.299334506128875,0,0,0,1,1,0,0,0,1,1,0,1,0,1,0,1,0,1,0,1,0,0,1,1,0,0,1,"No"
-0.773711220273781,-0.65874532579052,-0.746185655178663,1,0,1,1,1,0,0,0,0,0,0,0,0,0,0,0,0,0,0,0,0,0,0,0,0,0,0,"No"
-1.1822488316148,0.168620353634267,-0.89654011503457,1,0,0,1,1,0,0,1,0,0,0,0,0,0,0,0,0,0,0,0,0,0,0,0,0,1,0,"Yes"
-0.446881131200964,-0.380737139746376,-0.469508619053372,0,0,0,1,0,1,0,0,0,0,1,0,1,0,1,0,1,0,1,0,0,0,1,0,0,0,1,"No"
-0.528588653469168,-1.32796263590876,-0.787576362425932,0,0,0,0,1,0,1,0,1,1,0,1,0,1,0,1,0,1,0,1,0,0,0,0,0,0,0,"No"
1.18726931416312,1.56532016256263,2.05465943400089,1,0,0,0,1,0,1,1,0,0,1,0,0,0,1,0,1,0,1,0,1,0,1,1,1,0,0,"Yes"
-1.26395635388301,-1.47778740683075,-0.985174312985605,0,0,0,0,1,0,0,0,1,1,0,1,0,1,0,1,0,1,0,1,0,0,0,1,0,0,1,"Yes"
-0.528588653469168,-0.830211452512357,-0.668968818894658,1,0,0,0,0,1,0,0,0,0,0,0,0,0,1,0,0,0,1,0,0,0,0,1,0,1,0,"Yes"
0.983000508492613,-1.32130375720111,-0.402645001989761,1,0,0,0,1,0,1,0,1,1,0,1,0,1,0,1,0,1,0,1,0,1,0,0,0,1,0,"Yes"
0.451901613749285,-1.4994287626306,-0.605652343319831,1,0,0,0,1,0,0,0,1,1,0,1,0,1,0,1,0,1,0,1,0,0,1,0,0,0,1,"No"
-1.22310259274891,-0.262542042685692,-0.943783605738335,1,0,1,1,1,0,1,0,0,0,1,0,0,0,0,0,0,0,0,0,0,0,0,0,0,0,1,"Yes"
-0.201758564396351,0.148643717511335,-0.199016910899152,1,0,0,0,1,0,0,1,0,0,0,0,0,0,0,0,0,0,0,0,0,0,0,1,0,0,1,"No"
1.55495316437004,1.55033768547043,2.43664223307451,0,0,0,0,1,0,1,1,0,0,1,0,1,0,1,0,0,0,1,0,1,0,1,1,0,0,1,"No"
-0.528588653469168,0.824519906337217,-0.246193892700003,0,0,1,1,1,0,1,1,0,0,0,0,0,0,0,0,1,0,0,0,1,1,0,1,0,0,0,"No"
-1.1005413093466,0.857814299875438,-0.801476723135111,1,0,1,1,1,0,0,1,0,0,1,0,0,0,1,0,0,0,0,0,1,0,0,1,0,0,1,"No"
1.55495316437004,1.36388908165639,2.19623471867205,0,1,1,0,1,0,1,1,0,0,0,0,1,0,0,0,1,0,1,0,1,1,0,1,0,0,0,"No"
0.288486569212876,1.19408767461147,0.691515129494822,1,0,0,0,1,0,0,1,0,0,1,0,0,0,1,0,0,0,1,0,1,0,1,1,0,1,0,"No"
-1.1413950704807,0.345080639386838,-0.857255523046268,1,1,1,0,1,0,1,1,0,0,0,0,0,0,0,0,0,0,0,0,0,0,0,0,0,1,0,"Yes"
-0.692003698005577,-1.16149066821765,-0.799814000562243,1,0,0,0,0,1,0,0,0,0,0,0,0,0,0,0,1,0,0,0,0,0,0,1,0,1,0,"Yes"
-1.26395635388301,-0.473961441653394,-0.971806023499743,1,0,1,0,0,1,0,0,0,0,0,0,0,0,1,0,0,0,1,0,1,0,0,1,0,1,0,"Yes"
0.533609136017489,0.702995369922711,0.681051062102904,0,1,0,0,1,0,0,1,0,0,1,0,1,0,0,0,1,0,0,0,0,0,0,1,0,0,0,"No"
1.30983059756543,-0.557197425498946,0.401447634249365,0,0,1,0,0,1,0,0,0,0,1,0,0,0,1,0,1,0,0,0,1,0,1,0,0,1,0,"Yes"
1.63666068663825,0.175279232341911,1.26821382666847,1,0,1,1,1,0,1,0,0,0,1,0,1,0,1,0,1,0,0,0,0,0,1,0,0,0,0,"No"
-1.26395635388301,0.190261709434111,-0.962960339412084,1,0,0,0,1,0,0,1,0,0,0,0,0,0,0,0,0,0,0,0,0,0,0,1,0,1,0,"Yes"
1.63666068663825,-1.2896740833398,-0.164011058331698,1,0,1,0,1,0,1,0,1,1,0,1,0,1,0,1,0,1,0,1,0,0,1,0,1,0,0,"No"
-1.1822488316148,0.216897224264687,-0.899533015665733,0,0,0,0,1,0,0,0,0,0,1,0,1,0,0,0,1,0,0,0,1,0,1,0,0,0,1,"No"
0.942146747358511,1.1391519252734,1.4967384170835,1,1,0,0,1,0,1,1,0,0,1,0,0,0,0,0,0,0,1,0,1,0,0,1,0,1,0,"Yes"
1.10556179189492,0.9576974804901,1.39420385842328,0,0,1,0,1,0,1,1,0,0,0,0,0,0,1,0,1,0,1,0,0,0,0,0,0,1,0,"No"
0.00251024127416045,0.523205644816319,0.106835363971401,1,1,1,0,1,0,0,1,0,0,0,0,0,0,0,0,0,0,0,0,1,0,0,1,1,0,0,"Yes"
1.39153811983363,0.528199803847052,1.32230773437246,0,1,0,0,1,0,1,1,0,0,0,0,1,0,0,0,0,0,0,0,0,0,0,1,1,0,0,"Yes"
-0.201758564396351,0.55650003835454,0.0136120517192502,1,0,0,0,1,0,1,1,0,0,0,0,0,0,1,0,0,0,0,0,0,0,0,1,0,1,0,"No"
-1.1413950704807,-1.46114021006164,-0.956996707784063,1,0,0,0,1,0,0,0,1,1,0,1,0,1,0,1,0,1,0,1,0,0,0,1,1,0,0,"No"
0.125071524676467,-1.47778740683075,-0.690672890879166,1,0,0,0,1,0,0,0,1,1,0,1,0,1,0,1,0,1,0,1,0,0,1,1,0,0,1,"No"
-1.01883378707839,0.739619202814754,-0.719072192423757,1,0,0,0,1,0,1,1,0,0,0,0,0,0,0,0,0,0,0,0,1,0,0,1,0,1,0,"Yes"
-0.56944241460327,1.29896501425686,-0.193208466711265,0,1,0,0,1,0,1,1,0,0,0,0,1,0,0,0,1,0,1,0,1,0,0,1,1,0,0,"No"
-0.692003698005577,-0.858511687019845,-0.726765055527561,0,0,0,0,0,1,0,0,0,0,0,0,1,0,0,0,0,0,0,0,1,0,1,1,0,0,1,"No"
1.43239188096774,0.792890232475908,1.57679296655853,1,0,1,0,1,0,1,1,0,0,0,0,1,0,0,0,0,0,1,0,0,1,0,1,0,0,0,"No"
-1.0596875482125,0.65305377961538,-0.763943532256897,1,1,1,0,1,0,0,1,0,0,0,0,1,0,0,0,0,0,0,0,1,0,0,1,0,1,0,"Yes"
-1.0596875482125,0.503229008693386,-0.773498644642313,1,1,0,0,1,0,0,1,0,0,0,0,0,0,0,0,0,0,1,0,0,0,0,1,0,1,0,"No"
-0.773711220273781,1.14581080398105,-0.416966585750733,1,0,0,0,1,0,1,1,0,0,0,0,0,0,0,0,1,0,1,0,1,0,0,1,0,0,1,"Yes"
-0.120051042128146,0.834508224398683,0.169176375636811,1,0,0,0,1,0,0,1,0,0,0,0,1,0,0,0,1,0,1,0,0,0,0,0,0,0,1,"No"
-1.26395635388301,-0.623786212575388,-0.973801290587185,1,1,0,0,1,0,0,0,0,0,0,0,0,0,0,0,0,0,0,0,0,0,0,1,0,0,1,"No"
-1.26395635388301,0.498234849662653,-0.958858957065675,0,0,0,0,1,0,1,1,0,0,0,0,0,0,1,0,0,0,0,0,0,0,0,1,0,0,1,"Yes"
-0.56944241460327,-0.287512837839358,-0.514025244737634,0,0,1,1,1,0,0,0,0,0,0,0,0,0,0,0,0,0,1,0,0,0,0,0,0,0,1,"No"
-1.22310259274891,0.146978997834424,-0.928597406239471,0,0,1,0,1,0,0,0,0,0,0,0,0,0,1,0,0,0,1,0,1,0,0,0,1,0,0,"No"
1.39153811983363,0.0371074991582952,0.947441387910715,1,0,0,1,1,0,1,0,0,0,1,0,1,0,0,0,1,0,0,0,0,0,1,0,0,0,0,"No"
0.247632808078774,1.00930379047434,0.609287955857906,1,0,1,1,1,0,1,1,0,0,0,0,0,0,1,0,1,0,1,0,0,0,1,1,0,0,0,"No"
0.492755374883387,-0.089411196286944,0.302371538540717,1,0,1,1,1,0,0,0,0,0,0,0,1,0,1,0,1,0,0,0,0,0,0,1,0,0,1,"No"
0.901292986224409,1.54867296579352,1.6728096527331,0,0,0,0,1,0,1,1,0,0,0,0,1,0,1,0,1,0,1,0,1,0,0,0,0,1,0,"Yes"
-1.22310259274891,-1.4844462855384,-0.979631904409377,1,0,0,0,1,0,0,0,1,1,0,1,0,1,0,1,0,1,0,1,0,0,0,0,0,0,1,"No"
0.411047852615182,0.103696286234737,0.283837724261812,0,0,0,0,1,0,0,0,0,0,1,0,1,0,0,0,1,0,0,0,1,1,0,1,0,0,1,"No"
1.06470803076082,-1.31298015881656,-0.324652228505083,0,0,1,1,1,0,1,0,1,1,0,1,0,1,0,1,0,1,0,1,0,0,1,0,1,0,0,"No"
1.06470803076082,0.94105028372099,1.35808952414058,1,0,1,1,1,0,0,1,0,0,0,0,1,0,0,0,0,0,1,0,1,0,0,1,0,1,0,"No"
-0.283466086664555,0.816196307952662,0.0560003925102402,0,0,1,1,1,0,1,1,0,0,0,0,0,0,1,0,0,0,0,0,1,0,0,1,0,1,0,"Yes"
0.206779046944671,1.24236454524189,0.577851414413542,0,0,0,0,1,0,1,1,0,0,0,0,1,0,1,0,0,0,1,0,1,0,0,1,0,0,0,"Yes"
-0.732857459139679,0.901097011475125,-0.417276960631002,0,0,1,1,1,0,1,1,0,0,0,0,0,0,0,0,1,0,1,0,0,0,0,1,0,1,0,"Yes"
-1.1413950704807,0.807872709568106,-0.828989239307506,0,1,0,0,1,0,1,1,0,0,0,0,0,0,1,0,0,0,0,0,1,0,0,1,0,1,0,"Yes"
0.656170419419795,-0.132693907886631,0.329507170929928,0,0,1,0,1,0,1,0,0,0,1,0,0,0,0,0,1,0,0,0,0,1,0,1,0,0,0,"No"
-1.1822488316148,-1.30798599978583,-0.959657063900652,0,1,0,0,0,1,0,0,0,0,0,0,0,0,0,0,0,0,0,0,0,0,0,0,0,1,0,"Yes"
-0.977980025944292,0.0304486204506509,-0.743902182845257,0,0,1,0,1,0,0,0,0,0,1,0,0,0,0,0,1,0,0,0,1,0,1,0,0,0,1,"No"
-0.773711220273781,0.882785095029103,-0.490569771643038,1,0,0,0,1,0,0,1,0,0,0,0,0,0,0,0,0,0,1,0,1,0,0,1,0,1,0,"Yes"
0.533609136017489,-0.347442746208155,0.0344515079658667,0,0,1,1,1,0,0,0,0,0,0,0,1,0,0,0,1,0,0,0,0,1,0,1,1,0,0,"Yes"
0.819585463956204,0.999315472412876,1.23427211654766,0,0,1,0,1,0,1,1,0,0,0,0,1,0,1,0,0,0,1,0,0,0,0,0,0,0,0,"No"
-0.0383435198599417,-0.512249994222348,-0.329684735492298,0,0,1,0,1,0,0,0,0,0,0,0,0,0,0,0,1,0,0,0,0,0,0,1,0,0,1,"No"
1.30983059756543,-1.50275820198442,-0.458246444826478,0,0,1,0,1,0,0,0,1,1,0,1,0,1,0,1,0,1,0,1,0,0,1,0,1,0,0,"No"
1.22812307529723,1.32227108973362,1.93831319316872,0,0,1,0,1,0,0,1,0,0,1,0,0,0,1,0,1,0,1,0,1,1,0,1,0,1,0,"No"
-1.0596875482125,0.82951406536795,-0.739933818304678,0,0,0,0,1,0,0,1,0,0,0,0,0,0,0,0,0,0,1,0,1,0,0,1,0,1,0,"Yes"
1.63666068663825,-1.31131543913965,-0.201632927747132,0,0,1,1,1,0,1,0,1,1,0,1,0,1,0,1,0,1,0,1,0,0,1,0,0,0,0,"No"
0.00251024127416045,-0.98003622343435,-0.528102962521252,0,0,1,1,0,1,0,0,0,0,1,0,1,0,0,0,0,0,0,0,0,0,0,1,0,1,0,"No"
-1.1822488316148,-0.98003622343435,-0.949902424806491,1,0,1,0,0,1,0,0,0,0,0,0,0,0,0,0,0,0,0,0,1,0,0,1,0,1,0,"Yes"
-0.814564981407883,0.305127367140973,-0.607758458578798,1,0,0,1,1,0,1,1,0,0,0,0,0,0,0,0,0,0,0,0,0,0,0,1,1,0,0,"Yes"
-0.977980025944292,1.22405262879587,-0.648062853745126,0,1,0,0,1,0,1,1,0,0,0,0,0,0,1,0,0,0,1,0,1,0,0,0,0,1,0,"Yes"
0.125071524676467,-1.34128039332405,-0.629839414346489,0,0,1,1,1,0,1,0,1,1,0,1,0,1,0,1,0,1,0,1,0,0,1,0,0,0,0,"No"
-1.1822488316148,0.536523402231607,-0.887960466558569,0,0,1,1,1,0,0,1,0,0,0,0,0,0,0,0,0,0,1,0,0,0,0,1,0,1,0,"No"
-1.1822488316148,0.841167103106327,-0.885743503128078,1,0,0,0,1,0,0,1,0,0,0,0,0,0,1,0,1,0,1,0,0,0,0,1,0,0,1,"No"
0.656170419419795,1.1691168794578,1.21272323200328,0,0,1,1,1,0,0,1,0,0,1,0,0,0,1,0,0,0,1,0,1,1,0,1,0,0,0,"No"
-1.0596875482125,-0.289177557516269,-0.832137327378803,0,0,1,1,1,0,0,0,0,0,1,0,1,0,0,0,0,0,0,0,0,0,0,0,1,0,0,"Yes"
0.901292986224409,-0.618792053544655,0.0806751954916063,1,0,1,1,0,1,0,0,0,0,0,0,0,0,1,0,1,0,0,0,1,0,1,0,1,0,0,"No"
-1.26395635388301,-0.687045560298007,-0.974643736690772,0,0,0,0,1,0,0,0,0,0,0,0,0,0,0,0,0,0,0,0,0,0,0,0,0,0,1,"Yes"
1.22812307529723,0.526535084170141,1.21447463311337,1,0,0,0,1,0,0,0,0,0,0,0,1,0,1,0,1,0,1,0,1,0,0,1,0,0,0,"No"
-0.406027370066861,1.18076991719618,-0.0673292831279802,1,0,1,1,1,0,0,1,0,0,0,0,1,0,1,0,0,0,1,0,1,1,0,1,0,0,1,"No"
-1.26395635388301,-0.648757007729053,-0.974133835101759,1,0,0,0,1,0,0,0,0,0,0,0,0,0,0,0,0,0,0,0,0,0,0,1,0,0,0,"Yes"
0.778731702822102,0.979338836289944,1.18104282458156,1,1,0,0,1,0,0,1,0,0,0,0,0,0,1,0,0,0,1,0,1,1,0,1,0,0,0,"No"
0.983000508492613,0.128667081388402,0.785647396753474,0,1,1,0,1,0,1,0,0,0,1,0,1,0,1,0,1,0,0,0,0,1,0,1,1,0,0,"No"
0.125071524676467,0.146978997834424,0.0885010764012398,1,0,1,0,1,0,1,0,0,0,0,0,1,0,0,0,1,0,1,0,0,1,0,1,0,1,0,"No"
1.30983059756543,-0.690374999651829,0.22564243421142,0,1,0,0,0,1,0,0,0,0,0,0,1,0,0,0,1,0,1,0,0,0,0,1,0,1,0,"No"
0.37019409148108,0.1885969897572,0.277541548119217,0,0,0,0,1,0,0,1,0,0,0,0,0,0,0,0,0,0,0,0,0,0,0,0,0,0,0,"Yes"
-0.93712626481019,-0.30748947396229,-0.794714984672113,1,0,0,1,1,0,0,0,0,0,0,0,0,0,0,0,0,0,1,0,0,0,0,0,0,1,0,"Yes"
1.02385426962672,-1.48111684618457,-0.511852620575753,0,0,1,1,1,0,0,0,1,1,0,1,0,1,0,1,0,1,0,1,0,0,1,1,0,0,0,"No"
1.63666068663825,1.10752225141209,2.03925153815898,0,0,1,0,1,0,1,1,0,0,0,0,0,0,1,0,0,0,1,0,1,0,1,1,0,1,0,"No"
0.492755374883387,-1.4994287626306,-0.630571012278552,1,0,0,1,1,0,0,0,1,1,0,1,0,1,0,1,0,1,0,1,0,0,1,0,0,0,0,"No"
-0.201758564396351,-1.49443460359986,-0.768310950214964,1,0,0,1,1,0,0,0,1,1,0,1,0,1,0,1,0,1,0,1,0,0,1,0,1,0,0,"No"
0.901292986224409,0.508223167724119,0.916115694637876,1,0,0,0,1,0,1,1,0,0,0,0,1,0,0,0,0,0,0,0,0,0,0,1,0,0,0,"No"
0.860439225090306,0.31678040487935,0.705814543621489,0,0,1,0,1,0,1,0,0,0,1,0,1,0,1,0,0,0,0,0,1,1,0,0,0,0,0,"No"
-0.692003698005577,-1.52439955778426,-0.863352172480118,1,0,1,0,1,0,0,0,1,1,0,1,0,1,0,1,0,1,0,1,0,1,0,0,0,0,1,"No"
-0.283466086664555,-1.48278156586148,-0.784982515212257,0,0,0,1,1,0,0,0,1,1,0,1,0,1,0,1,0,1,0,1,0,0,0,0,1,0,0,"No"
-1.1822488316148,0.351739518094482,-0.898025480532999,0,0,1,0,1,0,1,1,0,0,0,0,0,0,0,0,0,0,0,0,0,0,0,1,1,0,0,"Yes"
1.06470803076082,1.15080496301178,1.54249654228883,1,0,0,0,1,0,0,1,0,0,1,0,1,0,0,0,0,0,1,0,1,1,0,0,0,0,0,"No"
-0.896272503676088,-0.260877323008781,-0.770993475965858,1,0,0,0,1,0,0,0,0,0,0,0,0,0,0,0,0,0,0,0,1,0,0,1,0,0,0,"No"
1.59580692550415,1.31727693070289,2.27158930567445,1,0,1,0,1,0,1,1,0,0,0,0,1,0,0,0,1,0,1,0,1,0,1,1,1,0,0,"No"
1.35068435869953,1.53868464773205,2.21864821895432,0,0,1,1,1,0,1,1,0,0,0,0,1,0,1,0,1,0,1,0,1,0,1,1,1,0,0,"No"
-1.1005413093466,0.518211485785586,-0.823424661096973,1,0,1,1,1,0,1,1,0,0,0,0,1,0,0,0,0,0,0,0,0,0,0,1,0,1,0,"Yes"
-0.160904803262248,-0.960059587311418,-0.567853116829958,0,0,0,0,0,1,0,0,0,0,0,0,0,0,1,0,1,0,0,0,0,0,0,1,0,0,1,"No"
0.125071524676467,0.819525747306484,0.44747179506636,1,0,0,0,1,0,0,1,0,0,1,0,0,0,0,0,1,0,0,0,1,1,0,1,0,1,0,"No"
1.63666068663825,-0.297501155900824,0.726254946450617,0,0,1,1,0,1,0,0,0,0,1,0,1,0,1,0,1,0,0,0,1,0,1,0,1,0,0,"No"
1.18726931416312,-0.462308403915017,0.375398313941094,0,0,1,1,0,1,0,0,0,0,1,0,1,0,0,0,1,0,0,0,1,1,0,1,0,0,0,"No"
1.47324564210184,-1.4844462855384,-0.375154655451671,1,1,0,0,1,0,0,0,1,1,0,1,0,1,0,1,0,1,0,1,0,0,1,1,1,0,0,"No"
-1.1822488316148,-1.51441123972279,-0.970608863247278,1,0,0,0,1,0,0,0,1,1,0,1,0,1,0,1,0,1,0,1,0,0,0,1,0,0,1,"No"
1.55495316437004,1.12250472850429,2.04732128504596,1,0,1,1,1,0,1,1,0,0,0,0,1,0,0,0,0,0,1,0,1,0,1,0,0,0,0,"Yes"
0.615316658285693,1.30229445361069,1.10338259561146,0,0,0,0,1,0,0,1,0,0,1,0,0,0,1,0,1,0,1,0,1,1,0,1,0,1,0,"No"
0.00251024127416045,-0.943412390542308,-0.48376369391143,1,0,1,1,0,1,0,0,0,0,0,0,0,0,1,0,1,0,0,0,0,1,0,1,0,0,1,"No"
-1.1005413093466,-0.505591115514704,-0.891019876092647,0,0,1,1,1,0,0,0,0,0,1,0,0,0,0,0,0,0,0,0,0,0,0,1,0,0,1,"No"
0.697024180553898,-1.48777572489222,-0.540717484440747,1,0,0,0,1,0,0,0,1,1,0,1,0,1,0,1,0,1,0,1,0,0,1,1,1,0,0,"No"
0.656170419419795,1.4254837097021,1.27661611807004,0,0,0,0,1,0,1,1,0,0,0,0,1,0,1,0,0,0,1,0,1,0,0,1,0,0,0,"Yes"
-0.692003698005577,-1.49110516424604,-0.856945148165999,1,0,0,0,1,0,0,0,1,1,0,1,0,1,0,1,0,1,0,1,0,0,0,1,0,0,1,"No"
-0.814564981407883,-0.650421727405965,-0.762192131146809,0,0,0,0,1,0,0,0,0,0,0,0,0,0,0,0,0,0,0,0,0,0,0,1,0,1,0,"No"
1.43239188096774,-0.00118105341065895,0.890332409941265,1,1,0,0,1,0,1,0,0,0,1,0,1,0,0,0,1,0,0,0,0,0,1,1,0,0,0,"No"
0.247632808078774,0.816196307952662,0.487687511695469,0,0,0,0,1,0,0,1,0,0,0,0,0,0,0,0,0,0,1,0,1,1,0,1,0,0,1,"No"
-0.324319847798657,0.360063116479037,-0.219146938848011,0,0,1,0,1,0,1,1,0,0,0,0,0,0,0,0,0,0,0,0,0,0,0,1,1,0,0,"Yes"
-0.201758564396351,1.22072318944204,0.227172138978459,0,1,1,0,1,0,0,1,0,0,1,0,0,0,1,0,0,0,1,0,1,0,0,1,0,1,0,"Yes"
-0.93712626481019,1.26567062071864,-0.59607506130011,1,0,1,1,1,0,1,1,0,0,0,0,1,0,1,0,0,0,1,0,1,0,0,1,1,0,0,"No"
1.18726931416312,0.985997714997588,1.61986856601297,0,1,1,0,1,0,1,1,0,0,1,0,1,0,1,0,1,0,0,0,0,0,0,1,1,0,0,"No"
0.983000508492613,1.57697320030101,1.85196246755109,0,1,0,0,1,0,1,1,0,0,0,0,1,0,1,0,1,0,1,0,1,1,0,1,0,1,0,"Yes"
0.860439225090306,0.979338836289944,1.16583445544839,0,1,1,0,1,0,0,1,0,0,0,0,1,0,1,0,1,0,1,0,0,1,0,1,0,1,0,"No"
0.778731702822102,1.14081664495031,1.19957663886047,0,0,1,0,1,0,1,1,0,0,0,0,0,0,1,0,0,0,1,0,1,1,0,1,0,1,0,"No"
-0.324319847798657,-0.495602797453238,-0.45396770540563,1,0,0,0,1,0,0,0,0,0,0,0,1,0,0,0,0,0,0,0,0,0,0,1,0,0,1,"No"
1.55495316437004,0.536523402231607,1.49682709562072,0,0,1,1,1,0,1,0,0,0,1,0,1,0,1,0,1,0,1,0,0,0,1,0,0,1,0,"No"
-1.26395635388301,-1.34460983267787,-0.983400742241212,1,0,0,1,0,1,0,0,0,0,0,0,0,0,0,0,0,0,0,0,0,0,0,0,0,0,1,"No"
-0.651149936871475,-0.8518528083122,-0.692690327600913,1,1,0,0,0,1,0,0,0,0,0,0,1,0,0,0,0,0,1,0,0,0,0,1,0,0,1,"Yes"
-0.977980025944292,0.02878390077374,-0.748291770437629,0,0,0,0,1,0,0,0,0,0,0,0,1,0,0,0,1,0,1,0,0,0,0,1,0,1,0,"No"
-0.365173608932759,0.619759386077159,-0.0930238892873722,0,0,0,0,1,0,0,1,0,0,0,0,1,0,1,0,1,0,0,0,0,0,0,0,0,0,0,"No"
-0.0383435198599417,-1.31797431784729,-0.644205337376072,1,0,0,1,0,1,0,0,0,0,0,0,0,0,0,0,0,0,0,0,0,0,0,0,1,0,0,"No"
0.125071524676467,1.45711338356341,0.658016812060101,0,1,0,0,1,0,1,1,0,0,1,0,1,0,1,0,0,0,1,0,1,1,0,1,0,1,0,"No"
-0.365173608932759,0.163626194603534,-0.261601788541916,0,0,1,1,1,0,1,0,0,0,0,0,1,0,0,0,1,0,1,0,0,0,0,1,1,0,0,"No"
-0.487734892335066,0.380039752601969,-0.289690715206239,0,0,1,1,1,0,1,0,0,0,1,0,0,0,0,0,0,0,1,0,1,1,0,0,0,0,0,"No"
-0.977980025944292,1.03427458562801,-0.649126996191762,0,0,0,0,1,0,1,1,0,0,0,0,0,0,0,0,0,0,1,0,1,0,0,0,0,0,0,"Yes"
1.59580692550415,1.19741711396529,2.16005387548644,1,0,1,1,1,0,1,1,0,0,0,0,1,0,0,0,0,0,1,0,1,1,0,0,0,0,0,"No"
0.451901613749285,-1.33628623429331,-0.553775399046339,0,0,1,1,1,0,1,0,1,1,0,1,0,1,0,1,0,1,0,1,0,1,0,1,0,0,0,"No"
1.02385426962672,0.831178785044861,1.22830848491963,1,0,0,1,1,0,1,0,0,0,1,0,1,0,1,0,1,0,1,0,1,0,1,0,0,0,1,"No"
-0.201758564396351,0.383369191955791,-0.0659325961667708,0,0,1,0,1,0,0,1,0,0,0,0,1,0,0,0,0,0,0,0,0,0,0,1,0,1,0,"No"
-1.1822488316148,-0.970047905372884,-0.946754336735194,1,0,0,0,0,1,0,0,0,0,1,0,1,0,0,0,0,0,0,0,0,0,0,1,0,0,1,"Yes"
1.43239188096774,-1.46613436909237,-0.398477110740437,0,0,0,0,1,0,0,0,1,1,0,1,0,1,0,1,0,1,0,1,0,1,0,0,0,1,0,"No"
-1.1822488316148,-0.488943918745594,-0.93644545678341,1,0,0,0,1,0,0,0,0,0,0,0,1,0,0,0,0,0,0,0,0,0,0,1,0,0,1,"Yes"
1.30983059756543,1.35889492262566,2.01861160862111,0,0,1,0,1,0,1,1,0,0,0,0,1,0,0,0,1,0,1,0,1,0,1,1,0,0,0,"No"
-0.242612325530453,-0.960059587311418,-0.540761823709357,1,0,0,0,0,1,0,0,0,0,0,0,0,0,1,0,1,0,0,0,0,0,0,0,0,1,0,"No"
0.247632808078774,1.01596266918199,0.642520237680968,1,0,0,0,1,0,1,1,0,0,0,0,1,0,1,0,0,0,0,0,1,0,0,1,1,0,0,"No"
0.329340330346978,1.32892996844126,0.795778919630818,1,0,0,0,1,0,1,1,0,0,0,0,1,0,1,0,0,0,1,0,1,0,0,1,1,0,0,"Yes"
1.63666068663825,-0.049457924041079,1.08340775510274,1,1,1,0,0,1,0,0,0,0,1,0,1,0,1,0,1,0,1,0,1,0,1,1,0,0,0,"No"
-1.1822488316148,0.348410078740659,-0.880511469432119,0,1,0,0,1,0,1,1,0,0,0,0,0,0,0,0,0,0,0,0,0,0,0,1,1,0,0,"Yes"
-0.365173608932759,0.546511720293073,-0.144102726725887,1,0,0,0,1,0,1,1,0,0,0,0,0,0,1,0,0,0,0,0,0,0,0,1,0,1,0,"Yes"
-1.26395635388301,0.328433442617727,-0.961120259764776,0,1,1,0,1,0,1,1,0,0,0,0,0,0,0,0,0,0,0,0,0,0,0,1,0,1,0,"Yes"
-1.1413950704807,-0.139352786594275,-0.873461525723157,0,0,0,0,1,0,0,0,0,0,1,0,1,0,0,0,1,0,0,0,0,0,0,1,0,0,1,"Yes"
1.22812307529723,0.678024574769046,1.28958535413841,0,0,1,0,1,0,1,0,0,0,1,0,1,0,0,0,1,0,1,0,1,0,1,1,0,1,0,"No"
0.329340330346978,0.959362200167011,0.671429440814572,0,0,0,0,1,0,1,1,0,0,0,0,1,0,1,0,0,0,1,0,0,0,0,1,0,0,0,"No"
0.37019409148108,0.819525747306484,0.622368040097804,1,0,0,0,1,0,1,1,0,0,0,0,1,0,0,0,0,0,1,0,0,0,0,1,0,1,0,"No"
0.0842177635423648,0.686348173153601,0.280379261310245,1,1,1,0,1,0,0,1,0,0,0,0,0,0,1,0,0,0,1,0,0,0,0,1,1,0,0,"No"
0.778731702822102,-1.46280492973855,-0.541537760910029,0,0,0,0,1,0,0,0,1,1,0,1,0,1,0,1,0,1,0,1,0,0,1,0,0,0,0,"No"
0.288486569212876,-1.47945212650766,-0.627888486527657,0,0,0,0,1,0,0,0,1,1,0,1,0,1,0,1,0,1,0,1,0,0,1,0,0,0,1,"No"
-0.814564981407883,-1.51108180036897,-0.888159993267314,1,0,1,1,1,0,0,0,1,1,0,1,0,1,0,1,0,1,0,1,0,0,0,1,0,1,0,"No"
1.63666068663825,1.34391244553346,2.35095659648603,1,0,0,0,1,0,1,1,0,0,0,0,1,0,1,0,0,0,1,0,1,1,0,1,0,1,0,"No"
1.26897683643133,1.29563557490304,1.87878772506003,0,1,1,0,1,0,1,1,0,0,0,0,1,0,1,0,0,0,1,0,1,0,0,1,0,1,0,"No"
-0.56944241460327,1.01429794950508,-0.249497168211435,0,0,0,0,1,0,1,1,0,0,0,0,0,0,1,0,1,0,0,0,1,0,0,1,0,0,0,"No"
-0.773711220273781,0.291809609725684,-0.58108838850999,1,0,0,0,1,0,0,0,0,0,0,0,1,0,0,0,1,0,1,0,1,0,0,0,0,0,1,"No"
1.47324564210184,-0.0161635305028584,0.924096762987644,0,0,1,0,1,0,0,0,0,0,0,0,1,0,0,0,1,0,1,0,0,0,1,0,0,0,0,"No"
-1.0596875482125,-0.672063083205808,-0.877496399166651,0,1,0,0,0,1,0,0,0,0,0,0,0,0,0,0,0,0,1,0,1,0,0,1,0,1,0,"No"
-1.22310259274891,-1.48278156586148,-0.976727682315433,0,0,0,0,1,0,0,0,1,1,0,1,0,1,0,1,0,1,0,1,0,0,0,1,0,0,1,"No"
0.942146747358511,-0.152670544009564,0.476203641125525,1,1,1,0,1,0,1,0,0,0,1,0,1,0,0,0,0,0,0,0,0,1,0,0,1,0,0,"No"
-1.26395635388301,0.371716154217414,-0.960543849272848,1,1,0,0,1,0,1,1,0,0,0,0,0,0,0,0,0,0,0,0,0,0,0,1,0,1,0,"Yes"
1.43239188096774,1.27732365845702,2.05918203939909,0,0,0,0,1,0,1,1,0,0,1,0,1,0,1,0,0,0,1,0,0,0,0,1,1,0,0,"Yes"
-0.528588653469168,0.469934615155166,-0.331214440259337,1,0,0,0,1,0,0,1,0,0,0,0,0,0,0,0,0,0,1,0,0,0,0,1,0,0,0,"No"
1.63666068663825,-1.44615773296944,-0.364779266596972,0,0,0,0,1,0,0,0,1,1,0,1,0,1,0,1,0,1,0,1,0,0,1,1,0,0,0,"No"
-0.324319847798657,0.673030415738312,-0.111557703566278,1,0,1,1,1,0,1,0,0,0,1,0,0,0,1,0,1,0,1,0,1,1,0,1,0,0,1,"No"
-0.855418742541986,-1.16482010757148,-0.84051744914606,0,0,1,1,0,1,0,0,0,0,1,0,0,0,0,0,0,0,0,0,0,0,0,1,0,1,0,"No"
-1.1413950704807,0.326768722940816,-0.858186647687074,1,1,1,0,1,0,1,1,0,0,0,0,0,0,0,0,0,0,0,0,0,0,0,1,0,0,1,"Yes"
1.39153811983363,1.36721852101022,2.04067039475449,1,0,0,0,1,0,0,1,0,0,1,0,0,0,1,0,1,0,1,0,1,0,1,1,0,0,0,"No"
